frequency_hz,rocof_hz_s,voltage_pu,total_demand_mw,total_gen_mw,net_power_deficit_mw,line_loading_pct,solar_gen_mw,wind_gen_mw,battery_soc_pct,ev_load_mw,industrial_load_mw,datacenter_load_mw,hospital_load_mw,fault_type,blackout_risk_pct,highest_risk_sector,recommended_prevention
49.905,-0.1087,1.001,96.89,86.33,10.56,69.03,5.49,15.83,57.0,6.91,27.97,9.93,8.0,SOLAR_DROP,5.0,SOLAR_FARM,Inject BESS synthetic inertia +15MW & ramp utility interconnect spinning reserve.
50.257,0.4043,1.0066,99.14,118.65,-19.51,71.21,34.7,18.95,52.9,6.8,30.97,9.68,8.0,NOMINAL,5.0,NONE,Nominal operating envelope. Spinning reserves active.
50.056,0.133,1.0046,99.1,104.52,-5.42,70.74,32.6,6.92,65.9,7.72,30.38,9.83,8.0,WIND_STALL,5.0,WIND_FARM,Command turbine blade pitch compensation & AGC governor reserve ramp.
49.911,-0.1439,0.9952,99.56,86.77,12.79,70.46,1.8,19.98,65.3,6.73,29.74,10.11,8.0,SOLAR_DROP,6.0,SOLAR_FARM,Inject BESS synthetic inertia +15MW & ramp utility interconnect spinning reserve.
50.025,0.0592,0.999,100.19,101.57,-1.39,71.75,25.77,10.8,63.5,7.38,30.5,10.32,8.0,NOMINAL,5.0,NONE,Nominal operating envelope. Spinning reserves active.
50.022,0.0446,1.0033,117.29,119.67,-2.38,84.0,34.93,19.74,58.4,6.89,49.05,10.39,8.0,INDUSTRIAL_INRUSH,12.6,INDUSTRIAL,Activate STATCOM reactive voltage support & engage interruptible tariff shedding.
50.032,0.045,1.004,100.17,101.26,-1.09,71.56,24.9,11.35,78.6,7.46,29.22,9.84,8.0,NOMINAL,5.0,NONE,Nominal operating envelope. Spinning reserves active.
49.911,-0.1317,0.9981,97.48,86.05,11.43,69.02,10.08,10.96,41.0,6.71,28.61,9.63,8.0,SOLAR_DROP,5.0,SOLAR_FARM,Inject BESS synthetic inertia +15MW & ramp utility interconnect spinning reserve.
50.002,-0.023,0.9938,99.52,97.23,2.29,70.46,15.47,16.76,67.2,7.04,28.75,10.33,8.0,SOLAR_DROP,5.0,SOLAR_FARM,Inject BESS synthetic inertia +15MW & ramp utility interconnect spinning reserve.
50.2,0.3426,1.0075,103.18,119.23,-16.05,73.52,34.83,19.4,58.9,7.18,32.06,10.65,8.0,NOMINAL,5.0,NONE,Nominal operating envelope. Spinning reserves active.
49.948,-0.0815,1.0033,109.21,103.79,5.42,78.2,28.76,10.03,84.7,6.81,39.25,10.58,8.0,INDUSTRIAL_INRUSH,6.2,INDUSTRIAL,Activate STATCOM reactive voltage support & engage interruptible tariff shedding.
49.925,-0.1201,1.0004,116.03,114.31,1.72,83.22,33.59,15.72,66.7,25.94,28.97,9.84,8.0,EV_SURGE,14.0,EV_PLAZA,Dispatch BESS +18MW & Throttle EV Plaza chargers by 25%. Hospital locked immune.
49.938,-0.1148,0.9983,98.6,91.08,7.52,70.15,6.63,19.45,41.0,6.43,29.81,10.33,8.0,SOLAR_DROP,5.0,SOLAR_FARM,Inject BESS synthetic inertia +15MW & ramp utility interconnect spinning reserve.
49.97,-0.0566,0.9985,99.48,98.28,1.19,70.61,13.79,19.49,79.5,7.58,28.48,9.98,8.0,NOMINAL,5.0,NONE,Nominal operating envelope. Spinning reserves active.
49.909,-0.1688,0.9957,98.6,86.97,11.63,69.64,11.9,10.07,83.4,7.09,28.97,9.82,8.0,SOLAR_DROP,5.7,SOLAR_FARM,Inject BESS synthetic inertia +15MW & ramp utility interconnect spinning reserve.
49.902,-0.1589,0.994,98.82,82.41,16.4,70.85,0.45,16.96,46.3,6.42,30.67,9.39,8.0,SOLAR_DROP,7.0,SOLAR_FARM,Inject BESS synthetic inertia +15MW & ramp utility interconnect spinning reserve.
50.074,0.0643,1.0005,98.94,102.63,-3.69,70.99,27.55,10.08,62.4,6.32,29.04,10.26,8.0,NOMINAL,5.0,NONE,Nominal operating envelope. Spinning reserves active.
50.008,0.001,1.0001,113.71,113.73,-0.02,81.26,33.42,15.31,80.0,21.19,29.26,10.18,8.0,EV_SURGE,8.8,EV_PLAZA,Dispatch BESS +18MW & Throttle EV Plaza chargers by 25%. Hospital locked immune.
50.052,0.0635,1.0013,116.26,119.96,-3.7,83.02,34.99,19.97,80.0,7.12,31.22,25.07,8.0,DATACENTER_SPIKE,11.2,AI_DATACENTER,AI cluster compute power cap & BESS localized peak shaving.
49.806,-0.3335,0.995,122.76,100.75,22.01,88.38,22.2,13.55,75.3,28.47,29.94,9.89,8.0,EV_SURGE,28.4,EV_PLAZA,Dispatch BESS +18MW & Throttle EV Plaza chargers by 25%. Hospital locked immune.
50.099,0.1336,1.0043,97.68,104.74,-7.06,69.5,29.51,10.23,80.0,7.14,28.64,10.07,8.0,NOMINAL,5.0,NONE,Nominal operating envelope. Spinning reserves active.
49.911,-0.1366,0.9968,113.27,102.01,11.26,81.56,26.64,10.37,79.1,22.51,28.49,9.82,8.0,EV_SURGE,14.2,EV_PLAZA,Dispatch BESS +18MW & Throttle EV Plaza chargers by 25%. Hospital locked immune.
49.981,-0.0621,1.0016,101.73,97.28,4.45,72.26,12.43,19.85,43.6,7.06,31.31,9.99,8.0,NOMINAL,5.0,NONE,Nominal operating envelope. Spinning reserves active.
50.09,0.1583,1.0037,99.59,107.12,-7.52,69.84,30.93,11.19,74.2,7.3,29.06,10.01,8.0,NOMINAL,5.0,NONE,Nominal operating envelope. Spinning reserves active.
50.08,0.0765,1.0026,101.84,103.55,-1.71,73.08,31.87,6.68,55.3,7.55,29.66,10.33,8.0,WIND_STALL,5.0,WIND_FARM,Command turbine blade pitch compensation & AGC governor reserve ramp.
49.933,-0.0876,1.001,100.84,93.64,7.2,71.73,21.24,7.4,58.1,7.25,31.2,10.19,8.0,WIND_STALL,5.0,WIND_FARM,Command turbine blade pitch compensation & AGC governor reserve ramp.
50.295,0.4359,1.0028,98.46,119.96,-21.5,70.64,34.99,19.97,51.6,6.64,29.75,10.04,8.0,NOMINAL,5.0,NONE,Nominal operating envelope. Spinning reserves active.
49.872,-0.271,0.9942,118.3,100.69,17.62,84.58,21.6,14.09,62.1,23.41,30.76,10.14,8.0,EV_SURGE,21.3,EV_PLAZA,Dispatch BESS +18MW & Throttle EV Plaza chargers by 25%. Hospital locked immune.
50.038,0.0711,1.0011,99.34,100.68,-1.34,71.51,21.51,14.17,67.8,7.33,30.09,9.31,8.0,NOMINAL,5.0,NONE,Nominal operating envelope. Spinning reserves active.
49.918,-0.127,0.9934,111.86,101.49,10.37,79.64,25.56,10.93,58.2,7.16,30.28,21.04,8.0,DATACENTER_SPIKE,13.4,AI_DATACENTER,AI cluster compute power cap & BESS localized peak shaving.
50.021,0.045,0.9964,100.01,100.69,-0.68,71.65,21.61,14.08,61.3,7.13,29.57,9.39,8.0,NOMINAL,5.0,NONE,Nominal operating envelope. Spinning reserves active.
50.2,0.3301,1.0057,102.72,115.93,-13.21,72.57,34.03,16.9,64.9,6.92,30.95,10.74,8.0,NOMINAL,5.0,NONE,Nominal operating envelope. Spinning reserves active.
50.038,0.1396,1.0012,97.56,104.02,-6.46,70.13,28.95,10.06,48.5,6.59,28.68,9.51,8.0,NOMINAL,5.0,NONE,Nominal operating envelope. Spinning reserves active.
49.925,-0.0571,0.9999,99.88,93.98,5.9,71.3,9.14,19.84,84.3,7.24,29.69,10.07,8.0,NOMINAL,5.0,NONE,Nominal operating envelope. Spinning reserves active.
49.863,-0.1847,1.0003,118.36,100.44,17.92,85.18,19.59,15.85,65.7,6.94,47.87,9.59,8.0,INDUSTRIAL_INRUSH,18.8,INDUSTRIAL,Activate STATCOM reactive voltage support & engage interruptible tariff shedding.
49.874,-0.2432,1.0049,99.67,83.88,15.79,71.57,2.28,16.6,66.0,7.43,30.14,9.95,8.0,NOMINAL,5.0,NONE,Nominal operating envelope. Spinning reserves active.
49.709,-0.502,0.988,113.47,85.03,28.43,81.24,2.97,17.06,45.4,7.29,41.01,10.25,8.0,INDUSTRIAL_INRUSH,25.9,INDUSTRIAL,Activate STATCOM reactive voltage support & engage interruptible tariff shedding.
50.018,0.0279,0.9973,100.33,100.73,-0.4,72.38,22.01,13.72,30.0,7.65,28.87,10.1,8.0,BESS_OUTAGE,26.7,BESS_STATION,Emergency demand-response load curtailment. Fast-trip substation feeder protection armed.
49.873,-0.1731,0.998,114.82,100.91,13.91,82.86,23.37,12.54,84.1,20.13,31.82,9.8,8.0,EV_SURGE,16.5,EV_PLAZA,Dispatch BESS +18MW & Throttle EV Plaza chargers by 25%. Hospital locked immune.
49.891,-0.2521,0.9956,115.58,99.63,15.95,82.73,16.4,18.23,78.7,6.9,44.44,9.88,8.0,INDUSTRIAL_INRUSH,17.2,INDUSTRIAL,Activate STATCOM reactive voltage support & engage interruptible tariff shedding.
50.228,0.3084,1.0011,99.72,115.24,-15.52,71.66,33.85,16.4,74.6,6.69,28.78,10.18,8.0,NOMINAL,5.0,NONE,Nominal operating envelope. Spinning reserves active.
49.973,-0.0497,1.0056,97.31,94.41,2.9,69.05,9.5,19.9,45.5,6.69,28.57,9.32,8.0,NOMINAL,5.0,NONE,Nominal operating envelope. Spinning reserves active.
49.988,0.0515,1.0003,99.8,100.81,-1.01,71.56,22.69,13.12,82.8,6.71,30.39,9.8,8.0,NOMINAL,5.0,NONE,Nominal operating envelope. Spinning reserves active.
49.881,-0.2218,0.993,115.72,101.45,14.27,83.22,25.46,10.99,45.5,22.39,30.61,9.97,8.0,EV_SURGE,19.8,EV_PLAZA,Dispatch BESS +18MW & Throttle EV Plaza chargers by 25%. Hospital locked immune.
49.777,-0.2826,0.9883,120.2,93.71,26.49,86.75,8.91,19.8,63.5,29.08,30.02,9.76,8.0,EV_SURGE,31.2,EV_PLAZA,Dispatch BESS +18MW & Throttle EV Plaza chargers by 25%. Hospital locked immune.
50.04,0.0964,0.9986,100.06,103.64,-3.58,70.49,28.63,10.01,73.7,6.89,29.9,10.0,8.0,NOMINAL,5.0,NONE,Nominal operating envelope. Spinning reserves active.
49.899,-0.1438,0.9952,112.19,101.67,10.52,79.01,26.0,10.68,78.9,20.01,29.76,9.31,8.0,EV_SURGE,12.0,EV_PLAZA,Dispatch BESS +18MW & Throttle EV Plaza chargers by 25%. Hospital locked immune.
49.975,-0.1338,0.9997,97.88,88.97,8.92,69.63,4.05,19.92,54.6,6.83,30.29,9.65,8.0,SOLAR_DROP,5.0,SOLAR_FARM,Inject BESS synthetic inertia +15MW & ramp utility interconnect spinning reserve.
49.927,-0.1572,1.0005,113.18,100.76,12.42,81.53,22.26,13.5,76.3,7.25,42.69,9.56,8.0,INDUSTRIAL_INRUSH,11.6,INDUSTRIAL,Activate STATCOM reactive voltage support & engage interruptible tariff shedding.
49.969,-0.067,0.9986,100.67,95.2,5.47,72.08,15.8,14.4,68.5,7.0,31.05,9.7,8.0,SOLAR_DROP,5.0,SOLAR_FARM,Inject BESS synthetic inertia +15MW & ramp utility interconnect spinning reserve.
50.153,0.2674,0.9986,98.74,108.87,-10.13,70.75,34.99,8.88,46.1,7.52,29.5,10.02,8.0,WIND_STALL,5.0,WIND_FARM,Command turbine blade pitch compensation & AGC governor reserve ramp.
49.951,-0.0931,0.9949,108.53,98.89,9.64,77.19,14.79,19.1,43.4,7.13,28.84,20.54,8.0,DATACENTER_SPIKE,7.9,AI_DATACENTER,AI cluster compute power cap & BESS localized peak shaving.
49.802,-0.2614,0.9896,108.36,81.68,26.68,78.46,0.98,15.7,71.6,6.36,29.06,18.96,8.0,DATACENTER_SPIKE,17.9,AI_DATACENTER,AI cluster compute power cap & BESS localized peak shaving.
49.87,-0.2259,0.9947,97.1,82.96,14.14,69.65,1.73,16.23,73.6,6.92,27.82,10.87,8.0,NOMINAL,5.0,NONE,Nominal operating envelope. Spinning reserves active.
50.65,1.1308,1.0195,99.45,119.08,-19.62,71.68,34.79,19.28,39.8,6.94,29.49,10.3,8.0,BESS_OUTAGE,25.0,BESS_STATION,Emergency demand-response load curtailment. Fast-trip substation feeder protection armed.
49.968,-0.0626,0.9944,101.22,97.08,4.14,71.75,12.19,19.89,79.3,7.12,31.58,9.66,8.0,NOMINAL,5.0,NONE,Nominal operating envelope. Spinning reserves active.
50.348,0.6174,1.0112,100.67,111.63,-10.97,71.27,32.76,13.87,39.5,7.27,29.14,10.57,8.0,BESS_OUTAGE,25.0,BESS_STATION,Emergency demand-response load curtailment. Fast-trip substation feeder protection armed.
49.874,-0.2243,0.9958,114.45,100.28,14.17,82.63,18.64,16.64,54.4,21.97,30.99,9.52,8.0,EV_SURGE,17.5,EV_PLAZA,Dispatch BESS +18MW & Throttle EV Plaza chargers by 25%. Hospital locked immune.
49.891,-0.2346,0.9942,111.78,96.52,15.26,79.69,11.55,19.97,66.6,6.85,42.95,9.93,8.0,INDUSTRIAL_INRUSH,13.8,INDUSTRIAL,Activate STATCOM reactive voltage support & engage interruptible tariff shedding.
49.771,-0.4059,0.9889,115.11,88.91,26.21,82.55,5.41,18.5,82.1,22.68,28.91,9.91,8.0,EV_SURGE,25.1,EV_PLAZA,Dispatch BESS +18MW & Throttle EV Plaza chargers by 25%. Hospital locked immune.
50.248,0.4394,1.0048,101.47,117.63,-16.17,73.28,34.46,18.18,78.7,7.17,30.67,9.96,8.0,NOMINAL,5.0,NONE,Nominal operating envelope. Spinning reserves active.
49.926,-0.1335,0.9983,100.98,92.8,8.18,72.53,7.82,19.98,61.3,6.91,29.42,9.99,8.0,SOLAR_DROP,5.0,SOLAR_FARM,Inject BESS synthetic inertia +15MW & ramp utility interconnect spinning reserve.
50.249,0.3703,1.0083,99.21,119.31,-20.1,71.82,34.85,19.46,84.2,7.63,30.06,10.25,8.0,NOMINAL,5.0,NONE,Nominal operating envelope. Spinning reserves active.
49.853,-0.2185,0.9945,120.81,100.9,19.91,86.49,23.31,12.59,53.4,27.64,30.72,9.8,8.0,EV_SURGE,24.4,EV_PLAZA,Dispatch BESS +18MW & Throttle EV Plaza chargers by 25%. Hospital locked immune.
49.91,-0.1464,0.9994,111.74,101.58,10.16,80.78,25.78,10.8,66.2,7.11,42.12,9.9,8.0,INDUSTRIAL_INRUSH,11.4,INDUSTRIAL,Activate STATCOM reactive voltage support & engage interruptible tariff shedding.
50.035,0.1007,0.9984,96.66,100.66,-3.99,68.7,21.32,14.34,61.6,7.12,29.2,10.03,8.0,NOMINAL,5.0,NONE,Nominal operating envelope. Spinning reserves active.
49.68,-0.6769,0.9874,117.0,86.91,30.09,84.48,4.12,17.78,74.7,28.77,28.29,9.23,8.0,EV_SURGE,31.8,EV_PLAZA,Dispatch BESS +18MW & Throttle EV Plaza chargers by 25%. Hospital locked immune.
49.934,-0.1866,0.9974,99.0,85.57,13.43,70.56,2.13,18.44,60.9,6.87,29.55,9.91,8.0,SOLAR_DROP,5.0,SOLAR_FARM,Inject BESS synthetic inertia +15MW & ramp utility interconnect spinning reserve.
49.918,-0.1678,0.9946,101.32,88.99,12.33,71.66,5.46,18.53,68.2,7.14,30.6,9.94,8.0,NOMINAL,5.0,NONE,Nominal operating envelope. Spinning reserves active.
50.217,0.4069,1.0067,97.62,116.3,-18.68,69.66,34.13,17.18,56.7,6.87,28.83,9.92,8.0,NOMINAL,5.0,NONE,Nominal operating envelope. Spinning reserves active.
49.887,-0.1746,0.9974,99.09,88.37,10.72,70.76,12.55,10.82,83.9,6.96,30.6,9.5,8.0,SOLAR_DROP,5.4,SOLAR_FARM,Inject BESS synthetic inertia +15MW & ramp utility interconnect spinning reserve.
50.064,0.1568,1.0072,100.23,105.84,-5.61,71.41,30.23,10.61,67.0,6.95,29.41,9.87,8.0,NOMINAL,5.0,NONE,Nominal operating envelope. Spinning reserves active.
49.808,-0.2626,0.9891,109.5,88.53,20.98,78.54,5.16,18.37,40.2,7.5,40.64,9.99,8.0,INDUSTRIAL_INRUSH,18.2,INDUSTRIAL,Activate STATCOM reactive voltage support & engage interruptible tariff shedding.
50.021,-0.0396,0.9943,98.29,95.82,2.47,69.89,10.82,20.0,77.3,6.94,29.31,10.24,8.0,NOMINAL,5.0,NONE,Nominal operating envelope. Spinning reserves active.
49.99,-0.0719,1.001,110.16,105.33,4.83,79.38,29.91,10.42,77.2,6.88,29.72,20.68,8.0,DATACENTER_SPIKE,6.5,AI_DATACENTER,AI cluster compute power cap & BESS localized peak shaving.
49.982,-0.0522,0.9947,95.36,92.06,3.3,68.27,7.61,19.45,74.0,7.07,28.44,9.42,8.0,NOMINAL,5.0,NONE,Nominal operating envelope. Spinning reserves active.
49.851,-0.2492,0.9937,112.28,96.69,15.59,80.75,11.74,19.95,49.3,6.93,29.54,22.66,8.0,DATACENTER_SPIKE,16.9,AI_DATACENTER,AI cluster compute power cap & BESS localized peak shaving.
50.253,0.3843,1.0056,99.34,119.63,-20.29,69.94,34.92,19.71,74.0,7.02,29.9,10.02,8.0,NOMINAL,5.0,NONE,Nominal operating envelope. Spinning reserves active.
50.038,0.1225,0.9986,101.49,103.28,-1.79,72.28,28.28,10.0,62.8,7.64,30.97,10.06,8.0,NOMINAL,5.0,NONE,Nominal operating envelope. Spinning reserves active.
50.099,0.1148,1.0052,112.63,119.98,-7.35,81.03,35.0,19.99,77.1,7.59,42.34,10.71,8.0,INDUSTRIAL_INRUSH,8.4,INDUSTRIAL,Activate STATCOM reactive voltage support & engage interruptible tariff shedding.
50.106,0.1679,1.002,103.51,107.16,-3.65,73.97,30.95,11.21,29.6,6.89,31.81,10.06,8.0,BESS_OUTAGE,25.0,BESS_STATION,Emergency demand-response load curtailment. Fast-trip substation feeder protection armed.
49.876,-0.2805,0.9956,98.37,80.55,17.81,70.03,4.88,10.67,52.4,6.84,30.2,9.99,8.0,WIND_STALL,6.9,WIND_FARM,Command turbine blade pitch compensation & AGC governor reserve ramp.
49.743,-0.5623,0.996,112.05,83.93,28.12,80.33,2.31,16.62,83.7,7.25,30.46,20.67,8.0,DATACENTER_SPIKE,18.5,AI_DATACENTER,AI cluster compute power cap & BESS localized peak shaving.
49.965,-0.0808,0.9965,100.68,99.39,1.29,72.48,15.81,18.58,58.4,6.78,30.5,10.25,8.0,NOMINAL,5.0,NONE,Nominal operating envelope. Spinning reserves active.
50.015,0.0062,1.0002,119.72,119.81,-0.09,85.93,34.96,19.85,48.7,26.52,30.09,10.1,8.0,EV_SURGE,15.3,EV_PLAZA,Dispatch BESS +18MW & Throttle EV Plaza chargers by 25%. Hospital locked immune.
49.877,-0.2266,0.9923,115.21,101.2,14.0,82.54,24.71,11.49,67.5,7.26,29.84,24.31,8.0,DATACENTER_SPIKE,19.5,AI_DATACENTER,AI cluster compute power cap & BESS localized peak shaving.
49.929,-0.0786,0.9951,100.03,98.74,1.29,71.58,14.52,19.21,63.0,6.83,31.07,10.2,8.0,NOMINAL,5.0,NONE,Nominal operating envelope. Spinning reserves active.
49.734,-0.3942,0.9891,122.0,94.41,27.59,87.79,9.51,19.91,51.9,27.2,29.88,10.65,8.0,EV_SURGE,33.6,EV_PLAZA,Dispatch BESS +18MW & Throttle EV Plaza chargers by 25%. Hospital locked immune.
50.528,0.9108,1.0241,99.83,115.67,-15.84,70.97,33.96,16.71,30.5,6.94,30.33,10.1,8.0,BESS_OUTAGE,25.0,BESS_STATION,Emergency demand-response load curtailment. Fast-trip substation feeder protection armed.
50.061,0.1275,0.9995,100.94,105.99,-5.05,71.72,30.32,10.67,77.9,7.08,30.94,10.47,8.0,NOMINAL,5.0,NONE,Nominal operating envelope. Spinning reserves active.
50.085,0.1883,1.0031,99.63,107.52,-7.89,70.51,31.13,11.4,47.2,6.89,30.23,10.04,8.0,NOMINAL,5.0,NONE,Nominal operating envelope. Spinning reserves active.
49.914,-0.1071,0.9953,114.73,104.31,10.42,82.57,29.19,10.12,48.0,24.04,29.16,9.54,8.0,EV_SURGE,16.4,EV_PLAZA,Dispatch BESS +18MW & Throttle EV Plaza chargers by 25%. Hospital locked immune.
50.164,0.1853,1.0014,101.8,113.15,-11.36,72.33,33.25,14.91,67.6,7.44,30.45,10.41,8.0,NOMINAL,5.0,NONE,Nominal operating envelope. Spinning reserves active.
50.012,0.0778,0.9961,97.74,100.63,-2.89,69.67,21.11,14.52,52.7,6.59,28.83,9.39,8.0,NOMINAL,5.0,NONE,Nominal operating envelope. Spinning reserves active.
50.032,0.0566,1.0028,99.71,102.56,-2.85,71.55,27.46,10.1,84.9,6.7,29.73,9.53,8.0,NOMINAL,5.0,NONE,Nominal operating envelope. Spinning reserves active.
49.917,-0.2768,0.9942,117.14,100.89,16.25,84.67,23.23,12.66,58.2,7.56,47.5,9.71,8.0,INDUSTRIAL_INRUSH,19.9,INDUSTRIAL,Activate STATCOM reactive voltage support & engage interruptible tariff shedding.
49.888,-0.1988,0.996,115.15,100.6,14.55,82.27,20.8,14.8,79.0,6.67,31.18,23.63,8.0,DATACENTER_SPIKE,16.4,AI_DATACENTER,AI cluster compute power cap & BESS localized peak shaving.
49.957,-0.0799,0.9972,102.28,95.02,7.26,72.57,10.05,19.97,57.2,7.08,31.63,10.18,8.0,NOMINAL,5.0,NONE,Nominal operating envelope. Spinning reserves active.
50.032,0.0752,0.9988,99.05,100.58,-1.53,70.71,20.62,14.96,32.1,7.43,28.02,9.4,8.0,BESS_OUTAGE,25.8,BESS_STATION,Emergency demand-response load curtailment. Fast-trip substation feeder protection armed.
50.269,0.5696,1.0049,97.26,119.37,-22.11,69.05,34.86,19.51,68.3,6.58,28.56,10.06,8.0,NOMINAL,5.0,NONE,Nominal operating envelope. Spinning reserves active.
50.067,0.1013,1.002,97.91,102.79,-4.88,69.88,27.75,10.05,63.2,7.22,29.41,10.11,8.0,NOMINAL,5.0,NONE,Nominal operating envelope. Spinning reserves active.
49.892,-0.1207,0.9969,112.54,100.95,11.58,81.32,23.61,12.35,65.1,22.08,28.85,9.64,8.0,EV_SURGE,14.4,EV_PLAZA,Dispatch BESS +18MW & Throttle EV Plaza chargers by 25%. Hospital locked immune.
50.035,0.0641,1.0034,98.32,100.92,-2.6,70.9,23.42,12.5,84.8,7.06,29.43,9.88,8.0,NOMINAL,5.0,NONE,Nominal operating envelope. Spinning reserves active.
49.923,-0.0593,0.9972,101.56,100.05,1.51,72.44,29.2,5.85,84.4,7.37,31.83,9.62,8.0,WIND_STALL,5.0,WIND_FARM,Command turbine blade pitch compensation & AGC governor reserve ramp.
49.814,-0.3815,0.9914,108.78,82.62,26.16,78.41,1.53,16.08,61.3,6.79,31.27,17.95,8.0,DATACENTER_SPIKE,16.4,AI_DATACENTER,AI cluster compute power cap & BESS localized peak shaving.
49.98,-0.0784,0.9968,100.54,93.61,6.93,71.78,18.96,9.65,58.3,6.65,29.67,9.96,8.0,WIND_STALL,5.0,WIND_FARM,Command turbine blade pitch compensation & AGC governor reserve ramp.
49.908,-0.1769,0.9993,115.0,100.88,14.12,82.15,23.2,12.68,55.6,7.48,45.33,10.19,8.0,INDUSTRIAL_INRUSH,13.5,INDUSTRIAL,Activate STATCOM reactive voltage support & engage interruptible tariff shedding.
50.055,0.102,1.0038,98.49,102.26,-3.77,71.06,27.03,10.22,54.9,6.86,29.65,10.12,8.0,NOMINAL,5.0,NONE,Nominal operating envelope. Spinning reserves active.
50.06,0.1029,1.0034,97.92,101.97,-4.05,70.44,26.57,10.4,62.2,6.9,28.5,9.94,8.0,NOMINAL,5.0,NONE,Nominal operating envelope. Spinning reserves active.
49.999,-0.0469,0.9945,98.71,98.04,0.67,70.98,13.43,19.61,82.2,6.46,31.09,9.03,8.0,NOMINAL,5.0,NONE,Nominal operating envelope. Spinning reserves active.
49.89,-0.1824,0.9955,98.74,84.72,14.02,70.77,6.7,13.02,44.4,6.7,29.28,9.68,8.0,SOLAR_DROP,6.4,SOLAR_FARM,Inject BESS synthetic inertia +15MW & ramp utility interconnect spinning reserve.
50.289,0.4277,1.0094,97.7,116.28,-18.57,69.02,34.12,17.16,58.6,7.25,29.4,9.81,8.0,NOMINAL,5.0,NONE,Nominal operating envelope. Spinning reserves active.
49.984,-0.0688,0.9971,101.3,97.33,3.97,72.78,12.49,19.84,74.9,7.5,31.61,9.66,8.0,NOMINAL,5.0,NONE,Nominal operating envelope. Spinning reserves active.
49.87,-0.2614,0.9936,97.29,80.26,17.03,69.41,0.15,15.11,54.2,6.77,29.34,9.58,8.0,NOMINAL,5.0,NONE,Nominal operating envelope. Spinning reserves active.
49.954,-0.175,0.9984,111.61,101.3,10.3,80.33,25.05,11.26,69.5,7.68,41.63,9.31,8.0,INDUSTRIAL_INRUSH,10.0,INDUSTRIAL,Activate STATCOM reactive voltage support & engage interruptible tariff shedding.
49.927,-0.1273,0.9984,100.23,92.93,7.3,71.03,10.14,17.8,59.2,6.94,30.55,10.54,8.0,SOLAR_DROP,5.0,SOLAR_FARM,Inject BESS synthetic inertia +15MW & ramp utility interconnect spinning reserve.
49.722,-0.6251,0.9951,119.19,90.2,28.99,85.64,6.28,18.92,60.4,6.82,49.21,10.73,8.0,INDUSTRIAL_INRUSH,27.2,INDUSTRIAL,Activate STATCOM reactive voltage support & engage interruptible tariff shedding.
50.235,0.471,1.0069,101.22,118.67,-17.45,72.54,34.7,18.97,42.2,7.16,31.99,9.63,8.0,NOMINAL,5.0,NONE,Nominal operating envelope. Spinning reserves active.
49.958,-0.0463,0.9989,101.62,100.67,0.95,72.47,21.48,14.2,51.1,7.6,29.33,10.5,8.0,NOMINAL,5.0,NONE,Nominal operating envelope. Spinning reserves active.
49.931,-0.1812,0.9895,102.88,91.93,10.95,73.39,20.61,6.32,67.1,6.71,30.34,10.89,8.0,WIND_STALL,8.8,WIND_FARM,Command turbine blade pitch compensation & AGC governor reserve ramp.
50.025,0.1003,0.996,96.92,100.95,-4.03,69.47,23.57,12.37,65.6,6.89,28.26,9.27,8.0,NOMINAL,5.0,NONE,Nominal operating envelope. Spinning reserves active.
49.879,-0.1658,1.0001,101.79,86.45,15.34,72.14,3.84,17.61,43.8,7.17,29.27,10.44,8.0,NOMINAL,5.0,NONE,Nominal operating envelope. Spinning reserves active.
49.997,-0.0306,1.006,100.35,99.81,0.54,71.2,29.14,5.68,79.1,6.67,30.18,9.31,8.0,WIND_STALL,5.0,WIND_FARM,Command turbine blade pitch compensation & AGC governor reserve ramp.
49.838,-0.2682,0.9947,99.54,80.26,19.28,71.62,4.91,10.35,42.3,7.13,29.09,10.24,8.0,SOLAR_DROP,8.7,SOLAR_FARM,Inject BESS synthetic inertia +15MW & ramp utility interconnect spinning reserve.
50.415,0.5986,1.016,100.54,114.7,-14.16,71.12,33.7,16.0,21.3,6.52,29.13,10.19,8.0,BESS_OUTAGE,25.0,BESS_STATION,Emergency demand-response load curtailment. Fast-trip substation feeder protection armed.
50.066,0.1108,1.0077,99.05,105.14,-6.09,70.08,32.75,7.39,63.5,7.2,29.29,10.03,8.0,WIND_STALL,5.0,WIND_FARM,Command turbine blade pitch compensation & AGC governor reserve ramp.
50.042,0.0753,1.0033,100.49,105.01,-4.52,72.0,29.7,10.31,52.5,6.82,30.3,10.13,8.0,NOMINAL,5.0,NONE,Nominal operating envelope. Spinning reserves active.
49.984,-0.0735,1.002,107.1,101.0,6.1,76.62,23.85,12.15,51.9,6.6,30.64,17.8,8.0,DATACENTER_SPIKE,5.0,AI_DATACENTER,AI cluster compute power cap & BESS localized peak shaving.
49.793,-0.284,0.9961,119.87,96.55,23.31,86.38,11.59,19.97,72.4,28.47,29.02,9.82,8.0,EV_SURGE,25.3,EV_PLAZA,Dispatch BESS +18MW & Throttle EV Plaza chargers by 25%. Hospital locked immune.
50.006,0.0376,1.0039,99.96,100.7,-0.74,72.27,21.72,13.98,69.9,6.57,31.0,10.02,8.0,NOMINAL,5.0,NONE,Nominal operating envelope. Spinning reserves active.
49.913,-0.1428,0.9947,99.02,87.01,12.01,70.38,10.48,11.53,71.0,7.04,29.16,9.9,8.0,SOLAR_DROP,6.2,SOLAR_FARM,Inject BESS synthetic inertia +15MW & ramp utility interconnect spinning reserve.
49.709,-0.4184,0.985,115.02,86.32,28.7,81.87,3.76,17.56,52.1,6.13,46.53,9.6,8.0,INDUSTRIAL_INRUSH,28.6,INDUSTRIAL,Activate STATCOM reactive voltage support & engage interruptible tariff shedding.
49.871,-0.1893,0.9935,100.35,84.6,15.75,71.88,11.23,8.37,47.8,7.3,30.06,9.64,8.0,WIND_STALL,8.3,WIND_FARM,Command turbine blade pitch compensation & AGC governor reserve ramp.
49.955,-0.088,1.0005,111.2,109.77,1.43,79.72,32.09,12.68,74.3,6.95,42.86,9.69,8.0,INDUSTRIAL_INRUSH,8.1,INDUSTRIAL,Activate STATCOM reactive voltage support & engage interruptible tariff shedding.
49.964,-0.0472,1.002,100.24,96.77,3.47,71.29,27.38,4.39,69.2,7.07,29.91,10.25,8.0,WIND_STALL,5.0,WIND_FARM,Command turbine blade pitch compensation & AGC governor reserve ramp.
49.872,-0.1585,0.9995,112.67,99.17,13.5,80.68,15.34,18.83,68.0,21.82,27.87,10.01,8.0,EV_SURGE,12.5,EV_PLAZA,Dispatch BESS +18MW & Throttle EV Plaza chargers by 25%. Hospital locked immune.
49.918,-0.1177,0.9976,112.36,100.36,12.0,80.25,19.09,16.27,47.5,7.27,42.88,8.93,8.0,INDUSTRIAL_INRUSH,11.6,INDUSTRIAL,Activate STATCOM reactive voltage support & engage interruptible tariff shedding.
50.025,0.0569,1.0039,116.85,119.99,-3.14,83.87,35.0,19.99,67.1,7.11,46.38,9.86,8.0,INDUSTRIAL_INRUSH,12.4,INDUSTRIAL,Activate STATCOM reactive voltage support & engage interruptible tariff shedding.
50.238,0.49,1.0041,100.95,119.35,-18.4,71.69,34.86,19.49,81.1,7.44,29.66,10.48,8.0,NOMINAL,5.0,NONE,Nominal operating envelope. Spinning reserves active.
49.79,-0.2804,0.995,116.29,91.56,24.73,83.3,7.24,19.32,80.7,6.98,45.06,10.74,8.0,INDUSTRIAL_INRUSH,21.7,INDUSTRIAL,Activate STATCOM reactive voltage support & engage interruptible tariff shedding.
50.025,0.0488,1.0019,98.58,101.3,-2.71,69.63,25.03,11.27,79.9,7.07,28.92,10.21,8.0,NOMINAL,5.0,NONE,Nominal operating envelope. Spinning reserves active.
50.067,0.054,1.0023,101.0,104.35,-3.35,72.62,29.22,10.13,75.2,7.21,29.83,9.52,8.0,NOMINAL,5.0,NONE,Nominal operating envelope. Spinning reserves active.
49.987,0.0028,1.0009,111.05,111.11,-0.06,80.17,32.58,13.53,76.5,6.83,29.69,22.6,8.0,DATACENTER_SPIKE,7.7,AI_DATACENTER,AI cluster compute power cap & BESS localized peak shaving.
50.036,0.0475,0.996,112.51,115.08,-2.56,80.72,33.8,16.28,70.2,7.38,29.41,22.79,8.0,DATACENTER_SPIKE,10.5,AI_DATACENTER,AI cluster compute power cap & BESS localized peak shaving.
50.074,0.1619,1.0041,99.53,106.06,-6.53,71.03,30.36,10.7,51.6,6.5,30.64,10.13,8.0,NOMINAL,5.0,NONE,Nominal operating envelope. Spinning reserves active.
49.667,-0.5458,0.9893,114.24,84.91,29.33,81.79,2.9,17.01,50.5,6.87,29.53,23.82,8.0,DATACENTER_SPIKE,27.3,AI_DATACENTER,AI cluster compute power cap & BESS localized peak shaving.
50.034,0.0656,1.0007,115.21,118.69,-3.49,82.99,34.71,18.99,69.6,24.0,30.03,9.21,8.0,EV_SURGE,11.2,EV_PLAZA,Dispatch BESS +18MW & Throttle EV Plaza chargers by 25%. Hospital locked immune.
50.232,0.4433,1.0011,100.36,117.23,-16.87,71.04,34.36,17.87,54.6,7.21,29.99,10.3,8.0,NOMINAL,5.0,NONE,Nominal operating envelope. Spinning reserves active.
49.567,-0.9196,0.9869,117.64,84.39,33.25,84.94,2.59,16.81,65.2,23.27,31.26,10.02,8.0,EV_SURGE,36.5,EV_PLAZA,Dispatch BESS +18MW & Throttle EV Plaza chargers by 25%. Hospital locked immune.
49.974,-0.0868,0.9989,98.06,92.76,5.3,70.05,21.14,6.62,49.5,7.1,29.9,10.08,8.0,WIND_STALL,5.0,WIND_FARM,Command turbine blade pitch compensation & AGC governor reserve ramp.
49.887,-0.1789,0.9966,100.03,87.31,12.73,72.12,4.37,17.93,84.9,7.07,28.71,8.89,8.0,NOMINAL,5.0,NONE,Nominal operating envelope. Spinning reserves active.
49.675,-0.5892,0.9923,120.26,89.74,30.52,86.84,5.96,18.78,75.9,24.52,32.51,9.97,8.0,EV_SURGE,32.2,EV_PLAZA,Dispatch BESS +18MW & Throttle EV Plaza chargers by 25%. Hospital locked immune.
50.01,0.0158,1.0046,100.05,100.31,-0.26,71.39,18.8,16.51,42.3,7.64,29.15,10.0,8.0,NOMINAL,5.0,NONE,Nominal operating envelope. Spinning reserves active.
50.161,0.2768,1.0096,102.64,117.31,-14.66,73.69,34.38,17.93,49.5,7.41,32.25,10.29,8.0,NOMINAL,5.0,NONE,Nominal operating envelope. Spinning reserves active.
49.98,-0.057,0.9969,98.1,96.95,1.15,69.35,12.03,19.92,51.0,6.59,29.35,10.05,8.0,NOMINAL,5.0,NONE,Nominal operating envelope. Spinning reserves active.
49.804,-0.3091,0.9952,119.25,96.71,22.54,85.71,11.76,19.95,57.6,25.38,30.05,10.15,8.0,EV_SURGE,24.5,EV_PLAZA,Dispatch BESS +18MW & Throttle EV Plaza chargers by 25%. Hospital locked immune.
49.926,-0.1126,0.9962,111.39,102.09,9.31,80.28,26.77,10.32,68.4,6.74,29.95,21.64,8.0,DATACENTER_SPIKE,12.3,AI_DATACENTER,AI cluster compute power cap & BESS localized peak shaving.
49.868,-0.2054,0.9947,110.69,90.07,20.62,78.61,6.19,18.88,60.0,7.47,39.97,10.24,8.0,INDUSTRIAL_INRUSH,12.8,INDUSTRIAL,Activate STATCOM reactive voltage support & engage interruptible tariff shedding.
49.827,-0.2826,0.9964,101.14,80.91,20.23,72.22,3.69,12.22,82.0,7.02,30.44,9.78,8.0,SOLAR_DROP,8.1,SOLAR_FARM,Inject BESS synthetic inertia +15MW & ramp utility interconnect spinning reserve.
49.958,-0.085,0.9954,101.18,94.43,6.75,71.86,9.52,19.91,57.6,6.84,30.97,10.09,8.0,NOMINAL,5.0,NONE,Nominal operating envelope. Spinning reserves active.
49.914,-0.1532,0.9968,99.26,89.26,10.01,70.31,5.07,19.19,50.9,6.6,29.9,10.14,8.0,SOLAR_DROP,5.0,SOLAR_FARM,Inject BESS synthetic inertia +15MW & ramp utility interconnect spinning reserve.
50.122,0.2158,1.0016,108.69,118.48,-9.79,77.14,34.66,18.82,40.4,6.91,29.22,19.7,8.0,DATACENTER_SPIKE,5.0,AI_DATACENTER,AI cluster compute power cap & BESS localized peak shaving.
50.11,0.138,1.0006,100.09,108.86,-8.77,71.41,31.72,12.13,83.4,6.72,30.41,10.03,8.0,NOMINAL,5.0,NONE,Nominal operating envelope. Spinning reserves active.
50.273,0.4621,1.0099,99.85,120.0,-20.15,71.63,35.0,20.0,44.2,7.18,29.54,9.59,8.0,NOMINAL,5.0,NONE,Nominal operating envelope. Spinning reserves active.
50.204,0.3995,1.0088,100.99,119.98,-18.99,71.79,35.0,19.98,44.8,7.0,31.09,10.03,8.0,NOMINAL,5.0,NONE,Nominal operating envelope. Spinning reserves active.
49.948,-0.0983,0.995,101.42,95.37,6.05,72.56,10.38,19.99,59.1,7.14,32.16,9.99,8.0,NOMINAL,5.0,NONE,Nominal operating envelope. Spinning reserves active.
50.042,0.0188,1.0013,113.24,113.66,-0.42,80.94,33.4,15.26,78.4,7.52,30.39,22.75,8.0,DATACENTER_SPIKE,8.3,AI_DATACENTER,AI cluster compute power cap & BESS localized peak shaving.
50.045,0.0126,1.0,102.18,102.49,-0.31,72.98,27.37,10.12,61.4,7.28,31.79,10.47,8.0,NOMINAL,5.0,NONE,Nominal operating envelope. Spinning reserves active.
50.039,0.0602,1.0013,101.88,102.94,-1.06,73.93,32.46,5.47,40.9,7.37,30.4,10.24,8.0,WIND_STALL,5.0,WIND_FARM,Command turbine blade pitch compensation & AGC governor reserve ramp.
50.068,0.1466,1.0041,112.22,118.34,-6.11,79.54,34.62,18.71,64.1,7.09,40.72,10.38,8.0,INDUSTRIAL_INRUSH,6.4,INDUSTRIAL,Activate STATCOM reactive voltage support & engage interruptible tariff shedding.
49.955,-0.0804,0.9975,99.57,92.55,7.02,71.14,7.99,19.57,57.0,7.13,30.52,9.27,8.0,NOMINAL,5.0,NONE,Nominal operating envelope. Spinning reserves active.
49.908,-0.2118,1.0023,111.72,98.53,13.19,80.9,14.18,19.35,70.0,7.16,30.53,21.52,8.0,DATACENTER_SPIKE,11.3,AI_DATACENTER,AI cluster compute power cap & BESS localized peak shaving.
50.058,0.0649,1.0039,97.87,101.17,-3.29,69.63,24.59,11.58,76.7,7.11,27.75,10.61,8.0,NOMINAL,5.0,NONE,Nominal operating envelope. Spinning reserves active.
50.146,0.1296,0.9998,113.75,119.83,-6.08,80.95,34.96,19.87,84.1,20.77,30.86,9.35,8.0,EV_SURGE,8.5,EV_PLAZA,Dispatch BESS +18MW & Throttle EV Plaza chargers by 25%. Hospital locked immune.
49.924,-0.1616,0.9958,99.17,85.44,13.72,70.0,9.99,10.46,82.1,7.24,29.08,9.92,8.0,SOLAR_DROP,5.2,SOLAR_FARM,Inject BESS synthetic inertia +15MW & ramp utility interconnect spinning reserve.
49.882,-0.2594,0.9944,111.52,96.53,14.99,80.05,11.57,19.97,77.6,20.07,29.32,9.73,8.0,EV_SURGE,14.5,EV_PLAZA,Dispatch BESS +18MW & Throttle EV Plaza chargers by 25%. Hospital locked immune.
50.134,0.2419,1.0082,100.59,109.98,-9.39,73.37,32.17,12.81,64.5,6.89,31.67,9.37,8.0,NOMINAL,5.0,NONE,Nominal operating envelope. Spinning reserves active.
50.069,0.0691,1.0007,98.7,102.57,-3.87,69.96,31.77,5.79,69.7,7.11,29.86,9.78,8.0,WIND_STALL,5.0,WIND_FARM,Command turbine blade pitch compensation & AGC governor reserve ramp.
49.953,-0.0393,0.9968,97.75,96.94,0.8,69.89,12.09,19.86,71.3,6.6,30.06,9.94,8.0,SOLAR_DROP,5.0,SOLAR_FARM,Inject BESS synthetic inertia +15MW & ramp utility interconnect spinning reserve.
49.938,-0.0792,1.0035,102.1,94.37,7.73,72.48,10.52,18.86,68.0,7.24,29.52,9.87,8.0,SOLAR_DROP,5.0,SOLAR_FARM,Inject BESS synthetic inertia +15MW & ramp utility interconnect spinning reserve.
49.844,-0.245,0.9962,113.43,96.11,17.32,81.98,11.12,19.99,64.5,7.05,43.62,9.66,8.0,INDUSTRIAL_INRUSH,17.3,INDUSTRIAL,Activate STATCOM reactive voltage support & engage interruptible tariff shedding.
49.878,-0.1634,0.9945,111.24,100.82,10.42,80.48,22.76,13.06,74.4,7.0,30.93,19.75,8.0,DATACENTER_SPIKE,15.2,AI_DATACENTER,AI cluster compute power cap & BESS localized peak shaving.
50.021,0.0523,0.9967,101.77,102.85,-1.08,72.2,27.81,10.04,33.2,6.31,32.53,9.92,8.0,BESS_OUTAGE,27.1,BESS_STATION,Emergency demand-response load curtailment. Fast-trip substation feeder protection armed.
50.009,0.0743,0.9993,98.33,99.44,-1.11,69.63,29.19,5.25,64.8,7.04,29.0,9.78,8.0,WIND_STALL,5.0,WIND_FARM,Command turbine blade pitch compensation & AGC governor reserve ramp.
49.971,-0.0646,1.0009,97.79,91.55,6.24,69.63,17.66,8.89,51.2,6.65,29.42,9.53,8.0,WIND_STALL,5.0,WIND_FARM,Command turbine blade pitch compensation & AGC governor reserve ramp.
50.127,0.2682,1.0019,99.58,104.43,-4.85,72.32,29.28,10.15,27.5,7.01,29.03,9.9,8.0,BESS_OUTAGE,25.0,BESS_STATION,Emergency demand-response load curtailment. Fast-trip substation feeder protection armed.
49.969,-0.0422,0.9989,100.39,97.07,3.32,72.11,12.17,19.89,46.3,6.74,30.74,10.45,8.0,NOMINAL,5.0,NONE,Nominal operating envelope. Spinning reserves active.
49.884,-0.1673,1.0025,96.77,82.39,14.38,68.26,7.74,9.65,40.2,6.47,29.26,9.1,8.0,WIND_STALL,5.0,WIND_FARM,Command turbine blade pitch compensation & AGC governor reserve ramp.
49.878,-0.2215,1.0016,115.16,100.32,14.85,82.54,18.84,16.48,61.1,7.14,45.65,8.83,8.0,INDUSTRIAL_INRUSH,14.6,INDUSTRIAL,Activate STATCOM reactive voltage support & engage interruptible tariff shedding.
49.807,-0.4072,0.9932,111.83,84.68,27.15,80.09,2.76,16.92,82.3,19.09,28.91,10.36,8.0,EV_SURGE,17.8,EV_PLAZA,Dispatch BESS +18MW & Throttle EV Plaza chargers by 25%. Hospital locked immune.
49.942,-0.1066,0.999,99.6,91.52,8.07,70.05,17.92,8.6,60.2,7.35,29.18,10.14,8.0,WIND_STALL,5.0,WIND_FARM,Command turbine blade pitch compensation & AGC governor reserve ramp.
49.916,-0.1409,1.0001,109.84,99.66,10.18,79.36,16.48,18.18,72.8,6.91,30.78,18.59,8.0,DATACENTER_SPIKE,8.9,AI_DATACENTER,AI cluster compute power cap & BESS localized peak shaving.
50.172,0.2194,1.0058,109.09,119.68,-10.59,77.57,34.93,19.75,69.4,6.64,29.76,19.05,8.0,DATACENTER_SPIKE,5.0,AI_DATACENTER,AI cluster compute power cap & BESS localized peak shaving.
50.035,0.1041,1.0066,99.91,103.76,-3.85,71.58,31.83,6.93,55.6,7.19,31.8,9.51,8.0,WIND_STALL,5.0,WIND_FARM,Command turbine blade pitch compensation & AGC governor reserve ramp.
49.912,-0.1521,0.9975,111.27,101.5,9.77,79.71,25.6,10.9,75.2,6.68,42.31,10.15,8.0,INDUSTRIAL_INRUSH,11.1,INDUSTRIAL,Activate STATCOM reactive voltage support & engage interruptible tariff shedding.
50.062,0.0624,0.9997,102.0,105.68,-3.69,73.43,30.13,10.55,52.3,6.88,30.93,10.31,8.0,NOMINAL,5.0,NONE,Nominal operating envelope. Spinning reserves active.
49.985,-0.0497,1.0054,100.59,96.28,4.31,71.45,11.3,19.99,52.7,7.81,29.1,9.84,8.0,NOMINAL,5.0,NONE,Nominal operating envelope. Spinning reserves active.
49.943,-0.1336,0.9943,111.66,103.15,8.51,79.44,28.14,10.0,48.7,6.8,30.29,21.66,8.0,DATACENTER_SPIKE,11.7,AI_DATACENTER,AI cluster compute power cap & BESS localized peak shaving.
49.861,-0.2151,0.9916,114.99,93.68,21.31,82.47,8.88,19.79,57.0,23.23,30.31,8.71,8.0,EV_SURGE,20.4,EV_PLAZA,Dispatch BESS +18MW & Throttle EV Plaza chargers by 25%. Hospital locked immune.
49.908,-0.1632,0.9977,98.37,88.2,10.17,70.62,5.98,17.22,58.4,6.9,29.33,9.58,8.0,SOLAR_DROP,5.0,SOLAR_FARM,Inject BESS synthetic inertia +15MW & ramp utility interconnect spinning reserve.
49.854,-0.3473,0.9912,120.59,98.96,21.63,86.43,14.94,19.03,58.0,26.81,30.03,10.06,8.0,EV_SURGE,26.3,EV_PLAZA,Dispatch BESS +18MW & Throttle EV Plaza chargers by 25%. Hospital locked immune.
49.894,-0.1625,0.9934,116.5,100.63,15.87,83.81,21.1,14.53,80.9,6.37,47.33,9.85,8.0,INDUSTRIAL_INRUSH,20.0,INDUSTRIAL,Activate STATCOM reactive voltage support & engage interruptible tariff shedding.
49.906,-0.1378,0.9955,97.83,84.49,13.34,69.65,7.57,11.93,68.6,7.11,28.59,9.66,8.0,SOLAR_DROP,5.9,SOLAR_FARM,Inject BESS synthetic inertia +15MW & ramp utility interconnect spinning reserve.
49.878,-0.267,0.9949,97.68,82.0,15.68,70.35,0.73,16.27,64.4,6.53,28.39,9.28,8.0,SOLAR_DROP,7.3,SOLAR_FARM,Inject BESS synthetic inertia +15MW & ramp utility interconnect spinning reserve.
49.878,-0.2737,0.9946,100.93,84.59,16.34,71.26,8.51,11.08,71.5,7.27,29.62,9.72,8.0,SOLAR_DROP,7.5,SOLAR_FARM,Inject BESS synthetic inertia +15MW & ramp utility interconnect spinning reserve.
50.253,0.4253,1.0024,101.06,119.85,-18.79,72.25,34.97,19.88,81.4,6.41,30.03,10.62,8.0,NOMINAL,5.0,NONE,Nominal operating envelope. Spinning reserves active.
50.252,0.4766,1.0074,98.22,119.08,-20.86,70.09,34.8,19.29,55.4,6.92,29.16,9.97,8.0,NOMINAL,5.0,NONE,Nominal operating envelope. Spinning reserves active.
50.28,0.5448,1.0082,97.77,118.65,-20.88,69.93,34.7,18.95,71.6,7.05,28.56,9.71,8.0,NOMINAL,5.0,NONE,Nominal operating envelope. Spinning reserves active.
50.115,0.2571,1.0046,96.47,109.21,-12.74,69.02,34.52,9.69,84.2,6.78,28.58,9.44,8.0,WIND_STALL,5.0,WIND_FARM,Command turbine blade pitch compensation & AGC governor reserve ramp.
50.003,-0.0155,1.0009,101.12,100.83,0.3,72.2,22.79,13.04,41.7,6.74,31.91,10.15,8.0,NOMINAL,5.0,NONE,Nominal operating envelope. Spinning reserves active.
49.859,-0.2532,0.9924,122.18,104.48,17.7,87.35,29.32,10.16,49.5,26.42,30.3,10.75,8.0,EV_SURGE,26.7,EV_PLAZA,Dispatch BESS +18MW & Throttle EV Plaza chargers by 25%. Hospital locked immune.
49.853,-0.2079,0.9945,101.74,83.16,18.57,72.5,5.93,12.23,76.1,6.87,30.12,10.13,8.0,SOLAR_DROP,8.3,SOLAR_FARM,Inject BESS synthetic inertia +15MW & ramp utility interconnect spinning reserve.
49.827,-0.3587,0.9955,116.19,93.51,22.68,83.8,8.75,19.77,46.1,23.43,29.39,9.76,8.0,EV_SURGE,20.9,EV_PLAZA,Dispatch BESS +18MW & Throttle EV Plaza chargers by 25%. Hospital locked immune.
50.017,0.071,1.0051,99.26,100.92,-1.66,70.41,23.41,12.51,51.7,7.07,29.2,9.68,8.0,NOMINAL,5.0,NONE,Nominal operating envelope. Spinning reserves active.
49.367,-1.2448,0.9802,100.54,80.83,19.71,72.17,0.49,15.35,31.0,6.95,30.06,9.91,8.0,BESS_OUTAGE,58.5,BESS_STATION,Emergency demand-response load curtailment. Fast-trip substation feeder protection armed.
49.804,-0.3453,0.9932,111.38,86.66,24.72,79.9,3.97,17.69,77.9,20.59,29.5,9.73,8.0,EV_SURGE,17.7,EV_PLAZA,Dispatch BESS +18MW & Throttle EV Plaza chargers by 25%. Hospital locked immune.
50.318,0.4083,1.0089,96.94,105.63,-8.68,68.91,30.1,10.53,27.6,7.1,29.36,9.61,8.0,BESS_OUTAGE,25.0,BESS_STATION,Emergency demand-response load curtailment. Fast-trip substation feeder protection armed.
49.895,-0.1846,0.9909,97.49,83.83,13.65,70.1,8.4,10.44,74.1,6.67,29.71,9.77,8.0,SOLAR_DROP,9.2,SOLAR_FARM,Inject BESS synthetic inertia +15MW & ramp utility interconnect spinning reserve.
49.917,-0.1225,0.9992,116.89,105.65,11.24,84.17,30.11,10.54,51.3,6.88,46.47,10.19,8.0,INDUSTRIAL_INRUSH,16.1,INDUSTRIAL,Activate STATCOM reactive voltage support & engage interruptible tariff shedding.
49.904,-0.1185,0.9987,101.07,89.04,12.04,71.81,10.73,13.31,65.8,7.16,30.38,10.04,8.0,SOLAR_DROP,5.0,SOLAR_FARM,Inject BESS synthetic inertia +15MW & ramp utility interconnect spinning reserve.
49.833,-0.2436,1.001,119.59,99.73,19.86,85.21,16.65,18.08,84.3,25.68,30.95,9.64,8.0,EV_SURGE,19.9,EV_PLAZA,Dispatch BESS +18MW & Throttle EV Plaza chargers by 25%. Hospital locked immune.
49.848,-0.268,0.9919,120.82,99.43,21.39,86.46,15.9,18.53,83.5,29.13,29.66,10.03,8.0,EV_SURGE,26.2,EV_PLAZA,Dispatch BESS +18MW & Throttle EV Plaza chargers by 25%. Hospital locked immune.
49.859,-0.2566,0.9924,115.43,94.75,20.68,83.17,9.81,19.94,77.9,22.44,29.28,9.42,8.0,EV_SURGE,20.9,EV_PLAZA,Dispatch BESS +18MW & Throttle EV Plaza chargers by 25%. Hospital locked immune.
49.998,0.0115,0.9999,97.73,97.9,-0.17,71.03,13.24,19.66,51.8,6.85,30.27,8.96,8.0,NOMINAL,5.0,NONE,Nominal operating envelope. Spinning reserves active.
50.146,0.2238,1.0034,98.84,109.69,-10.85,70.61,34.97,9.72,64.7,6.65,29.05,10.17,8.0,WIND_STALL,5.0,WIND_FARM,Command turbine blade pitch compensation & AGC governor reserve ramp.
49.988,0.0744,0.9959,113.7,116.42,-2.72,81.57,34.15,17.26,69.4,6.95,31.17,19.99,8.0,DATACENTER_SPIKE,12.2,AI_DATACENTER,AI cluster compute power cap & BESS localized peak shaving.
50.039,0.1119,0.9956,96.97,100.99,-4.02,69.13,23.83,12.16,73.6,7.19,27.6,8.87,8.0,NOMINAL,5.0,NONE,Nominal operating envelope. Spinning reserves active.
50.131,0.2616,1.0023,99.4,109.68,-10.28,70.96,32.05,12.62,79.0,6.87,30.53,9.7,8.0,NOMINAL,5.0,NONE,Nominal operating envelope. Spinning reserves active.
49.775,-0.2877,0.995,110.53,84.46,26.06,78.77,2.63,16.84,71.4,7.47,29.49,22.01,8.0,DATACENTER_SPIKE,15.9,AI_DATACENTER,AI cluster compute power cap & BESS localized peak shaving.
49.88,-0.2252,0.9943,111.29,96.46,14.84,79.93,11.48,19.97,67.0,6.66,42.02,9.75,8.0,INDUSTRIAL_INRUSH,14.4,INDUSTRIAL,Activate STATCOM reactive voltage support & engage interruptible tariff shedding.
50.08,0.0991,1.0063,97.79,103.15,-5.36,70.46,28.14,10.0,45.3,6.46,29.32,9.84,8.0,NOMINAL,5.0,NONE,Nominal operating envelope. Spinning reserves active.
50.019,0.0489,0.9988,101.01,102.15,-1.14,72.13,26.87,10.28,45.2,6.61,31.57,9.81,8.0,NOMINAL,5.0,NONE,Nominal operating envelope. Spinning reserves active.
50.077,0.1957,1.005,99.07,106.28,-7.21,70.57,30.48,10.8,74.5,6.86,29.43,9.99,8.0,NOMINAL,5.0,NONE,Nominal operating envelope. Spinning reserves active.
49.788,-0.3179,0.9885,99.56,79.43,20.13,70.15,4.2,10.23,74.1,6.91,29.91,9.59,8.0,SOLAR_DROP,14.3,SOLAR_FARM,Inject BESS synthetic inertia +15MW & ramp utility interconnect spinning reserve.
50.072,0.1321,1.0038,110.76,112.73,-1.98,80.25,33.12,14.62,75.2,7.27,29.4,20.09,8.0,DATACENTER_SPIKE,7.4,AI_DATACENTER,AI cluster compute power cap & BESS localized peak shaving.
50.021,-0.0318,1.0079,100.04,97.92,2.11,70.96,28.22,4.7,54.3,7.42,31.18,10.02,8.0,WIND_STALL,5.0,WIND_FARM,Command turbine blade pitch compensation & AGC governor reserve ramp.
50.047,0.0852,1.0054,101.0,105.8,-4.8,72.18,30.2,10.59,54.8,6.84,30.66,9.76,8.0,NOMINAL,5.0,NONE,Nominal operating envelope. Spinning reserves active.
50.112,0.1455,1.0015,100.31,109.69,-9.38,71.53,32.06,12.63,80.5,6.99,29.87,10.12,8.0,NOMINAL,5.0,NONE,Nominal operating envelope. Spinning reserves active.
50.099,0.1903,1.0051,97.7,101.63,-3.93,69.09,25.89,10.73,21.8,6.59,30.03,10.01,8.0,BESS_OUTAGE,25.0,BESS_STATION,Emergency demand-response load curtailment. Fast-trip substation feeder protection armed.
49.831,-0.2843,0.9977,101.46,82.23,19.23,72.67,1.31,15.93,79.4,6.85,30.47,10.3,8.0,NOMINAL,5.0,NONE,Nominal operating envelope. Spinning reserves active.
49.767,-0.2508,0.9924,117.03,94.17,22.86,83.7,9.3,19.87,72.3,27.3,27.76,10.04,8.0,EV_SURGE,24.7,EV_PLAZA,Dispatch BESS +18MW & Throttle EV Plaza chargers by 25%. Hospital locked immune.
50.057,0.1115,1.0001,115.22,119.97,-4.74,82.77,34.99,19.98,81.7,21.8,30.42,10.39,8.0,EV_SURGE,10.9,EV_PLAZA,Dispatch BESS +18MW & Throttle EV Plaza chargers by 25%. Hospital locked immune.
49.679,-0.4785,0.9858,120.81,90.87,29.95,87.59,6.74,19.12,62.8,28.42,29.12,10.25,8.0,EV_SURGE,37.2,EV_PLAZA,Dispatch BESS +18MW & Throttle EV Plaza chargers by 25%. Hospital locked immune.
50.081,0.0807,1.0017,112.72,117.58,-4.86,80.74,34.44,18.13,77.3,22.71,27.83,9.87,8.0,EV_SURGE,8.0,EV_PLAZA,Dispatch BESS +18MW & Throttle EV Plaza chargers by 25%. Hospital locked immune.
49.962,-0.0184,1.0022,100.93,100.64,0.3,71.89,21.14,14.5,49.7,7.09,31.12,9.4,8.0,NOMINAL,5.0,NONE,Nominal operating envelope. Spinning reserves active.
50.008,0.0455,1.0029,99.41,100.24,-0.83,71.33,18.45,16.78,61.2,6.97,30.35,10.05,8.0,NOMINAL,5.0,NONE,Nominal operating envelope. Spinning reserves active.
49.912,-0.1783,0.997,111.63,98.86,12.77,79.72,14.74,19.12,60.5,19.75,28.51,10.21,8.0,EV_SURGE,11.4,EV_PLAZA,Dispatch BESS +18MW & Throttle EV Plaza chargers by 25%. Hospital locked immune.
50.247,0.3543,1.0133,98.86,119.53,-20.68,70.92,34.9,19.64,46.0,6.68,29.37,9.92,8.0,NOMINAL,5.0,NONE,Nominal operating envelope. Spinning reserves active.
49.847,-0.2596,0.9957,110.04,93.71,16.33,79.12,8.91,19.8,82.1,7.17,39.59,9.95,8.0,INDUSTRIAL_INRUSH,13.5,INDUSTRIAL,Activate STATCOM reactive voltage support & engage interruptible tariff shedding.
49.861,-0.1705,0.9947,101.62,86.94,14.69,71.89,3.58,18.36,76.9,6.78,33.08,9.51,8.0,SOLAR_DROP,8.0,SOLAR_FARM,Inject BESS synthetic inertia +15MW & ramp utility interconnect spinning reserve.
49.832,-0.2784,0.9934,101.08,82.04,19.04,72.17,1.19,15.85,75.7,7.3,31.9,9.83,8.0,NOMINAL,5.0,NONE,Nominal operating envelope. Spinning reserves active.
49.943,-0.0549,0.9976,110.69,106.92,3.77,79.39,30.83,11.1,63.7,7.2,42.74,9.47,8.0,INDUSTRIAL_INRUSH,9.5,INDUSTRIAL,Activate STATCOM reactive voltage support & engage interruptible tariff shedding.
49.833,-0.2179,0.991,111.71,89.21,22.5,80.29,5.61,18.6,73.2,6.92,41.68,10.3,8.0,INDUSTRIAL_INRUSH,18.6,INDUSTRIAL,Activate STATCOM reactive voltage support & engage interruptible tariff shedding.
49.851,-0.2045,0.9957,117.7,97.77,19.94,84.82,13.06,19.71,46.9,24.91,30.33,10.01,8.0,EV_SURGE,21.4,EV_PLAZA,Dispatch BESS +18MW & Throttle EV Plaza chargers by 25%. Hospital locked immune.
49.924,-0.2095,0.9916,113.95,100.96,12.99,82.1,23.63,12.33,79.5,7.2,42.43,10.05,8.0,INDUSTRIAL_INRUSH,17.7,INDUSTRIAL,Activate STATCOM reactive voltage support & engage interruptible tariff shedding.
49.884,-0.2472,0.9957,99.38,83.83,15.55,70.96,6.41,12.42,72.6,6.87,29.51,10.71,8.0,SOLAR_DROP,6.6,SOLAR_FARM,Inject BESS synthetic inertia +15MW & ramp utility interconnect spinning reserve.
49.946,-0.0818,0.996,97.16,91.01,6.15,70.03,18.48,7.53,47.8,6.73,28.42,9.68,8.0,WIND_STALL,5.0,WIND_FARM,Command turbine blade pitch compensation & AGC governor reserve ramp.
50.01,0.0264,0.9975,100.12,100.55,-0.43,70.88,20.38,15.17,55.7,7.25,29.02,10.1,8.0,NOMINAL,5.0,NONE,Nominal operating envelope. Spinning reserves active.
49.985,-0.0927,0.9939,101.8,96.43,5.37,72.98,11.45,19.98,70.7,6.88,31.88,10.13,8.0,NOMINAL,5.0,NONE,Nominal operating envelope. Spinning reserves active.
49.848,-0.2311,0.9991,116.51,99.82,16.69,83.58,16.93,17.89,73.2,6.83,47.58,10.29,8.0,INDUSTRIAL_INRUSH,17.7,INDUSTRIAL,Activate STATCOM reactive voltage support & engage interruptible tariff shedding.
50.0,-0.0335,0.9968,101.29,99.2,2.09,71.3,29.45,4.75,45.3,6.76,29.93,10.06,8.0,WIND_STALL,5.0,WIND_FARM,Command turbine blade pitch compensation & AGC governor reserve ramp.
49.954,-0.1357,0.996,99.96,91.96,8.0,71.29,6.96,20.0,77.1,7.2,29.01,9.71,8.0,SOLAR_DROP,5.0,SOLAR_FARM,Inject BESS synthetic inertia +15MW & ramp utility interconnect spinning reserve.
49.95,-0.1266,0.9988,114.22,104.77,9.44,82.12,29.54,10.24,60.3,6.65,44.97,9.46,8.0,INDUSTRIAL_INRUSH,12.4,INDUSTRIAL,Activate STATCOM reactive voltage support & engage interruptible tariff shedding.
49.987,-0.168,1.0002,103.45,93.74,9.71,75.21,8.93,19.8,59.9,6.8,32.6,9.52,8.0,NOMINAL,5.0,NONE,Nominal operating envelope. Spinning reserves active.
49.984,-0.0541,1.0012,99.7,95.63,4.07,71.7,10.63,20.0,83.0,7.26,29.03,9.74,8.0,NOMINAL,5.0,NONE,Nominal operating envelope. Spinning reserves active.
50.063,0.088,1.0068,96.71,100.61,-3.9,68.81,20.9,14.71,52.9,7.12,28.2,9.39,8.0,NOMINAL,5.0,NONE,Nominal operating envelope. Spinning reserves active.
49.96,-0.0602,0.9977,118.02,116.65,1.36,85.28,34.21,17.44,74.5,24.15,30.34,9.95,8.0,EV_SURGE,17.2,EV_PLAZA,Dispatch BESS +18MW & Throttle EV Plaza chargers by 25%. Hospital locked immune.
49.884,-0.1468,0.9976,117.0,103.15,13.85,83.77,28.14,10.0,56.1,6.88,46.49,9.71,8.0,INDUSTRIAL_INRUSH,17.6,INDUSTRIAL,Activate STATCOM reactive voltage support & engage interruptible tariff shedding.
50.227,0.4237,1.0023,100.16,118.96,-18.81,71.74,34.77,19.2,64.5,7.21,29.65,9.43,8.0,NOMINAL,5.0,NONE,Nominal operating envelope. Spinning reserves active.
49.874,-0.1876,0.9921,112.2,99.21,13.0,80.27,15.41,18.79,56.3,6.83,41.4,10.83,8.0,INDUSTRIAL_INRUSH,16.5,INDUSTRIAL,Activate STATCOM reactive voltage support & engage interruptible tariff shedding.
49.949,-0.1047,0.9916,109.05,102.44,6.61,77.97,27.3,10.14,84.5,6.66,30.88,17.92,8.0,DATACENTER_SPIKE,11.1,AI_DATACENTER,AI cluster compute power cap & BESS localized peak shaving.
49.961,-0.0659,0.9965,98.88,97.87,1.0,70.49,13.2,19.67,76.2,6.87,29.41,9.89,8.0,NOMINAL,5.0,NONE,Nominal operating envelope. Spinning reserves active.
50.002,0.0484,1.0028,98.15,100.54,-2.39,69.63,20.34,15.21,81.7,7.02,28.95,10.28,8.0,NOMINAL,5.0,NONE,Nominal operating envelope. Spinning reserves active.
49.783,-0.3192,0.9952,111.69,85.57,26.12,79.91,3.3,17.27,40.2,7.38,41.31,9.3,8.0,INDUSTRIAL_INRUSH,17.1,INDUSTRIAL,Activate STATCOM reactive voltage support & engage interruptible tariff shedding.
50.108,0.1333,1.0031,101.33,107.07,-5.74,72.18,33.61,8.46,74.2,6.97,30.68,10.24,8.0,WIND_STALL,5.0,WIND_FARM,Command turbine blade pitch compensation & AGC governor reserve ramp.
49.793,-0.3744,0.996,111.17,86.46,24.72,79.7,3.84,17.61,83.3,21.06,29.71,9.24,8.0,EV_SURGE,16.0,EV_PLAZA,Dispatch BESS +18MW & Throttle EV Plaza chargers by 25%. Hospital locked immune.
49.886,-0.1785,0.9976,101.07,87.24,13.82,71.63,10.32,11.92,51.6,7.17,30.27,10.37,8.0,WIND_STALL,5.3,WIND_FARM,Command turbine blade pitch compensation & AGC governor reserve ramp.
50.061,0.0595,0.9997,99.45,102.98,-3.53,71.28,31.47,6.51,68.8,6.93,31.08,9.59,8.0,WIND_STALL,5.0,WIND_FARM,Command turbine blade pitch compensation & AGC governor reserve ramp.
49.953,-0.1408,0.9998,108.49,99.9,8.59,77.8,17.17,17.73,59.8,6.83,28.46,19.01,8.0,DATACENTER_SPIKE,5.6,AI_DATACENTER,AI cluster compute power cap & BESS localized peak shaving.
49.882,-0.2659,0.9979,100.36,85.21,15.15,71.38,3.08,17.13,59.0,7.01,30.7,9.87,8.0,NOMINAL,5.0,NONE,Nominal operating envelope. Spinning reserves active.
49.917,-0.2028,1.0026,108.76,96.49,12.27,78.21,11.52,19.97,58.1,7.38,30.15,19.12,8.0,DATACENTER_SPIKE,7.3,AI_DATACENTER,AI cluster compute power cap & BESS localized peak shaving.
50.048,0.0671,0.996,99.48,100.53,-1.05,70.68,20.19,15.33,46.0,6.47,30.85,10.36,8.0,NOMINAL,5.0,NONE,Nominal operating envelope. Spinning reserves active.
49.701,-0.3731,0.9909,115.6,86.49,29.11,83.65,3.87,17.63,51.8,24.75,30.27,9.91,8.0,EV_SURGE,27.8,EV_PLAZA,Dispatch BESS +18MW & Throttle EV Plaza chargers by 25%. Hospital locked immune.
49.918,-0.0766,0.9999,112.02,105.35,6.66,80.98,29.93,10.43,76.9,6.74,42.32,10.29,8.0,INDUSTRIAL_INRUSH,11.2,INDUSTRIAL,Activate STATCOM reactive voltage support & engage interruptible tariff shedding.
49.887,-0.1828,1.0011,100.59,84.66,15.92,71.34,8.28,11.38,58.5,6.62,30.31,9.91,8.0,WIND_STALL,5.0,WIND_FARM,Command turbine blade pitch compensation & AGC governor reserve ramp.
50.145,0.2946,1.0039,99.31,110.14,-10.82,70.81,32.23,12.91,51.7,7.12,28.52,10.87,8.0,NOMINAL,5.0,NONE,Nominal operating envelope. Spinning reserves active.
49.953,-0.0942,0.9996,99.87,92.58,7.3,72.35,8.01,19.57,47.0,7.0,30.55,10.1,8.0,NOMINAL,5.0,NONE,Nominal operating envelope. Spinning reserves active.
49.81,-0.3398,0.9903,99.13,76.45,22.68,71.22,4.03,7.42,78.6,6.73,30.56,9.88,8.0,WIND_STALL,12.4,WIND_FARM,Command turbine blade pitch compensation & AGC governor reserve ramp.
49.889,-0.232,0.9946,116.4,100.55,15.85,83.9,20.38,15.17,68.0,6.61,47.4,9.73,8.0,INDUSTRIAL_INRUSH,19.5,INDUSTRIAL,Activate STATCOM reactive voltage support & engage interruptible tariff shedding.
49.878,-0.151,0.9913,113.41,98.58,14.83,81.35,14.25,19.32,57.2,6.75,42.99,10.18,8.0,INDUSTRIAL_INRUSH,18.4,INDUSTRIAL,Activate STATCOM reactive voltage support & engage interruptible tariff shedding.
49.831,-0.294,0.9982,98.8,81.79,17.02,70.35,1.04,15.74,44.5,7.23,29.17,10.37,8.0,NOMINAL,5.0,NONE,Nominal operating envelope. Spinning reserves active.
49.98,-0.0258,0.9968,101.13,100.49,0.64,72.46,19.91,15.58,55.2,7.29,30.76,10.02,8.0,NOMINAL,5.0,NONE,Nominal operating envelope. Spinning reserves active.
49.879,-0.1923,0.9899,101.23,83.61,17.61,72.54,2.12,16.49,53.7,7.51,30.6,9.46,8.0,NOMINAL,5.0,NONE,Nominal operating envelope. Spinning reserves active.
50.102,0.1214,1.0005,101.13,106.63,-5.5,71.99,30.67,10.96,65.8,7.07,29.82,10.38,8.0,NOMINAL,5.0,NONE,Nominal operating envelope. Spinning reserves active.
49.907,-0.1506,1.002,112.69,104.01,8.68,81.12,28.95,10.06,44.7,7.41,28.73,24.44,8.0,DATACENTER_SPIKE,11.7,AI_DATACENTER,AI cluster compute power cap & BESS localized peak shaving.
49.97,-0.0698,0.995,104.41,99.54,4.87,75.4,15.73,18.81,48.9,7.67,31.24,10.7,8.0,SOLAR_DROP,5.0,SOLAR_FARM,Inject BESS synthetic inertia +15MW & ramp utility interconnect spinning reserve.
49.912,-0.1284,0.9994,98.56,96.65,1.92,70.83,14.12,17.53,84.4,6.99,29.5,9.6,8.0,SOLAR_DROP,5.0,SOLAR_FARM,Inject BESS synthetic inertia +15MW & ramp utility interconnect spinning reserve.
50.146,0.1865,1.0027,99.09,110.14,-11.05,70.18,32.23,12.91,43.6,7.22,29.27,9.75,8.0,NOMINAL,5.0,NONE,Nominal operating envelope. Spinning reserves active.
49.842,-0.2285,0.9921,120.9,102.34,18.57,86.23,27.15,10.18,78.1,28.43,28.19,9.88,8.0,EV_SURGE,25.9,EV_PLAZA,Dispatch BESS +18MW & Throttle EV Plaza chargers by 25%. Hospital locked immune.
50.046,0.0114,1.0004,99.9,100.17,-0.28,71.11,18.17,17.0,24.6,7.37,30.14,9.88,8.0,BESS_OUTAGE,25.0,BESS_STATION,Emergency demand-response load curtailment. Fast-trip substation feeder protection armed.
49.894,-0.1257,1.0003,109.09,100.88,8.21,78.64,23.17,12.71,54.7,7.06,39.89,9.74,8.0,INDUSTRIAL_INRUSH,8.6,INDUSTRIAL,Activate STATCOM reactive voltage support & engage interruptible tariff shedding.
49.904,-0.1693,1.001,116.92,104.34,12.58,84.11,29.21,10.13,52.4,7.28,44.14,10.14,8.0,INDUSTRIAL_INRUSH,16.0,INDUSTRIAL,Activate STATCOM reactive voltage support & engage interruptible tariff shedding.
50.003,0.0537,1.0026,98.6,100.77,-2.17,70.0,22.36,13.41,56.7,6.61,28.7,9.05,8.0,NOMINAL,5.0,NONE,Nominal operating envelope. Spinning reserves active.
49.892,-0.2431,0.9998,115.49,99.89,15.6,83.46,17.14,17.75,49.7,7.2,45.6,10.45,8.0,INDUSTRIAL_INRUSH,15.6,INDUSTRIAL,Activate STATCOM reactive voltage support & engage interruptible tariff shedding.
50.02,0.001,1.0007,100.74,100.76,-0.02,72.3,22.28,13.48,36.3,6.9,29.9,10.45,8.0,BESS_OUTAGE,25.0,BESS_STATION,Emergency demand-response load curtailment. Fast-trip substation feeder protection armed.
49.929,-0.0756,0.9991,100.42,99.28,1.14,71.19,15.58,18.71,52.5,7.08,30.72,9.82,8.0,NOMINAL,5.0,NONE,Nominal operating envelope. Spinning reserves active.
49.999,0.0338,1.0039,99.7,100.27,-0.57,71.05,18.61,16.66,63.3,7.14,30.92,9.63,8.0,NOMINAL,5.0,NONE,Nominal operating envelope. Spinning reserves active.
49.881,-0.1782,0.9996,117.84,101.18,16.65,85.04,24.65,11.54,74.6,25.94,28.75,9.94,8.0,EV_SURGE,18.3,EV_PLAZA,Dispatch BESS +18MW & Throttle EV Plaza chargers by 25%. Hospital locked immune.
49.856,-0.1494,1.0028,99.43,88.88,10.56,71.41,5.37,18.51,80.8,6.84,29.57,10.17,8.0,SOLAR_DROP,5.0,SOLAR_FARM,Inject BESS synthetic inertia +15MW & ramp utility interconnect spinning reserve.
49.93,-0.1306,0.9971,120.23,109.75,10.48,86.66,32.08,12.67,58.3,25.48,31.74,10.1,8.0,EV_SURGE,20.4,EV_PLAZA,Dispatch BESS +18MW & Throttle EV Plaza chargers by 25%. Hospital locked immune.
49.912,-0.1738,0.9939,99.77,86.25,13.52,71.03,10.64,10.61,42.8,7.44,30.24,9.9,8.0,WIND_STALL,6.8,WIND_FARM,Command turbine blade pitch compensation & AGC governor reserve ramp.
49.876,-0.2021,0.9959,98.46,85.77,12.69,70.72,11.82,8.95,55.1,7.25,28.95,10.35,8.0,WIND_STALL,6.7,WIND_FARM,Command turbine blade pitch compensation & AGC governor reserve ramp.
50.223,0.4571,1.0054,101.9,119.62,-17.72,72.69,34.92,19.7,59.9,7.4,30.54,10.11,8.0,NOMINAL,5.0,NONE,Nominal operating envelope. Spinning reserves active.
49.789,-0.4079,0.998,107.55,82.86,24.69,76.91,1.67,16.18,42.5,6.65,29.3,20.15,8.0,DATACENTER_SPIKE,11.0,AI_DATACENTER,AI cluster compute power cap & BESS localized peak shaving.
50.032,0.0712,1.0015,101.09,104.27,-3.18,71.73,29.16,10.11,55.9,6.96,30.32,10.31,8.0,NOMINAL,5.0,NONE,Nominal operating envelope. Spinning reserves active.
50.083,0.1212,1.005,99.76,104.73,-4.97,70.99,29.5,10.23,61.2,7.33,31.0,9.3,8.0,NOMINAL,5.0,NONE,Nominal operating envelope. Spinning reserves active.
49.868,-0.2038,0.9949,115.77,101.74,14.04,84.14,26.13,10.61,61.5,7.32,44.35,10.1,8.0,INDUSTRIAL_INRUSH,20.4,INDUSTRIAL,Activate STATCOM reactive voltage support & engage interruptible tariff shedding.
49.876,-0.2648,0.9941,112.96,97.5,15.46,80.58,12.7,19.8,75.6,19.9,30.18,10.12,8.0,EV_SURGE,15.7,EV_PLAZA,Dispatch BESS +18MW & Throttle EV Plaza chargers by 25%. Hospital locked immune.
50.018,0.0153,1.0012,119.47,119.72,-0.24,85.47,34.94,19.78,73.2,27.0,31.33,9.83,8.0,EV_SURGE,14.7,EV_PLAZA,Dispatch BESS +18MW & Throttle EV Plaza chargers by 25%. Hospital locked immune.
49.936,-0.1401,0.9963,97.27,87.87,9.4,69.01,3.08,19.79,68.0,6.65,29.09,10.4,8.0,SOLAR_DROP,5.0,SOLAR_FARM,Inject BESS synthetic inertia +15MW & ramp utility interconnect spinning reserve.
50.049,0.0973,1.0007,111.57,113.26,-1.69,81.06,33.28,14.98,46.0,7.42,40.58,9.44,8.0,INDUSTRIAL_INRUSH,8.5,INDUSTRIAL,Activate STATCOM reactive voltage support & engage interruptible tariff shedding.
50.662,1.4026,1.0218,98.12,119.32,-21.19,69.09,34.85,19.47,24.4,6.67,29.57,9.97,8.0,BESS_OUTAGE,25.0,BESS_STATION,Emergency demand-response load curtailment. Fast-trip substation feeder protection armed.
49.856,-0.2095,0.9932,101.23,80.33,20.9,72.06,0.1,15.23,44.2,6.91,30.71,10.02,8.0,SOLAR_DROP,9.1,SOLAR_FARM,Inject BESS synthetic inertia +15MW & ramp utility interconnect spinning reserve.
49.951,-0.0299,1.0006,102.93,100.36,2.56,73.25,19.09,16.27,69.6,7.2,30.92,10.62,8.0,NOMINAL,5.0,NONE,Nominal operating envelope. Spinning reserves active.
49.842,-0.2751,0.991,108.77,90.63,18.14,77.85,6.58,19.05,57.6,7.59,28.21,21.2,8.0,DATACENTER_SPIKE,14.9,AI_DATACENTER,AI cluster compute power cap & BESS localized peak shaving.
49.925,-0.2258,0.9987,99.97,86.79,13.18,71.48,4.05,17.74,51.0,6.99,28.2,10.6,8.0,NOMINAL,5.0,NONE,Nominal operating envelope. Spinning reserves active.
50.063,0.1092,1.0028,98.04,100.02,-1.98,69.67,17.57,17.45,33.7,6.94,29.05,9.52,8.0,BESS_OUTAGE,25.0,BESS_STATION,Emergency demand-response load curtailment. Fast-trip substation feeder protection armed.
50.006,-0.0206,1.0003,106.75,106.39,0.36,75.67,30.54,10.85,49.4,6.53,28.05,18.16,8.0,DATACENTER_SPIKE,5.0,AI_DATACENTER,AI cluster compute power cap & BESS localized peak shaving.
49.875,-0.2232,0.9972,117.13,100.62,16.51,84.82,21.02,14.61,75.6,24.26,29.89,9.77,8.0,EV_SURGE,19.6,EV_PLAZA,Dispatch BESS +18MW & Throttle EV Plaza chargers by 25%. Hospital locked immune.
50.125,0.2199,1.0106,99.13,107.5,-8.37,71.71,31.11,11.39,41.1,7.03,29.54,9.66,8.0,NOMINAL,5.0,NONE,Nominal operating envelope. Spinning reserves active.
49.916,-0.2111,0.9933,115.69,101.57,14.12,83.39,25.77,10.8,75.0,22.41,30.81,10.12,8.0,EV_SURGE,18.7,EV_PLAZA,Dispatch BESS +18MW & Throttle EV Plaza chargers by 25%. Hospital locked immune.
49.906,-0.1243,0.9984,102.0,91.41,10.59,73.43,7.13,19.28,77.0,7.3,31.89,10.12,8.0,NOMINAL,5.0,NONE,Nominal operating envelope. Spinning reserves active.
50.011,0.0635,1.0017,100.36,101.85,-1.49,71.45,26.35,10.5,83.5,7.06,30.26,10.42,8.0,NOMINAL,5.0,NONE,Nominal operating envelope. Spinning reserves active.
49.869,-0.2107,0.9918,115.34,100.75,14.6,83.37,22.16,13.59,50.5,7.17,45.84,10.1,8.0,INDUSTRIAL_INRUSH,21.2,INDUSTRIAL,Activate STATCOM reactive voltage support & engage interruptible tariff shedding.
49.941,-0.0832,0.9991,98.83,92.76,6.08,70.05,8.14,19.61,83.3,6.33,28.64,11.06,8.0,NOMINAL,5.0,NONE,Nominal operating envelope. Spinning reserves active.
49.995,-0.0344,0.9917,98.32,95.14,3.19,70.71,10.16,19.98,52.2,6.79,30.68,9.55,8.0,NOMINAL,5.0,NONE,Nominal operating envelope. Spinning reserves active.
49.851,-0.2455,0.9986,122.4,99.83,22.57,88.79,16.95,17.88,62.6,28.75,30.86,9.33,8.0,EV_SURGE,25.2,EV_PLAZA,Dispatch BESS +18MW & Throttle EV Plaza chargers by 25%. Hospital locked immune.
50.164,0.2593,1.0047,98.64,111.73,-13.09,71.38,32.79,13.94,80.7,6.33,29.1,9.9,8.0,NOMINAL,5.0,NONE,Nominal operating envelope. Spinning reserves active.
49.912,-0.237,0.9909,96.69,82.64,14.05,69.33,0.87,16.77,56.7,6.54,28.38,9.65,8.0,SOLAR_DROP,8.6,SOLAR_FARM,Inject BESS synthetic inertia +15MW & ramp utility interconnect spinning reserve.
49.938,-0.0916,0.9947,100.64,92.68,7.97,70.97,19.22,8.45,45.7,7.21,29.54,9.27,8.0,WIND_STALL,5.4,WIND_FARM,Command turbine blade pitch compensation & AGC governor reserve ramp.
49.874,-0.1754,0.9978,100.27,97.5,2.78,70.6,12.7,19.8,30.9,6.91,29.97,10.42,8.0,BESS_OUTAGE,30.5,BESS_STATION,Emergency demand-response load curtailment. Fast-trip substation feeder protection armed.
50.106,0.2134,1.0052,112.14,119.98,-7.84,80.97,35.0,19.98,65.0,7.26,29.52,21.42,8.0,DATACENTER_SPIKE,8.4,AI_DATACENTER,AI cluster compute power cap & BESS localized peak shaving.
49.968,-0.1416,0.9993,112.13,101.5,10.63,80.04,25.6,10.9,64.3,19.71,30.22,9.33,8.0,EV_SURGE,8.6,EV_PLAZA,Dispatch BESS +18MW & Throttle EV Plaza chargers by 25%. Hospital locked immune.
49.988,-0.0444,1.0018,120.5,117.96,2.54,86.65,34.54,18.43,77.3,28.96,29.04,10.32,8.0,EV_SURGE,16.7,EV_PLAZA,Dispatch BESS +18MW & Throttle EV Plaza chargers by 25%. Hospital locked immune.
50.062,0.0909,1.0022,112.75,117.32,-4.57,81.21,34.38,17.94,52.3,7.05,31.71,20.99,8.0,DATACENTER_SPIKE,8.7,AI_DATACENTER,AI cluster compute power cap & BESS localized peak shaving.
49.837,-0.2256,0.995,98.93,83.19,15.74,71.01,5.19,13.0,73.9,6.71,30.08,9.88,8.0,SOLAR_DROP,8.6,SOLAR_FARM,Inject BESS synthetic inertia +15MW & ramp utility interconnect spinning reserve.
49.967,-0.053,1.0018,116.92,111.87,5.05,84.62,32.84,14.03,69.8,7.2,45.9,10.15,8.0,INDUSTRIAL_INRUSH,14.6,INDUSTRIAL,Activate STATCOM reactive voltage support & engage interruptible tariff shedding.
50.205,0.4174,1.007,97.56,115.27,-17.71,69.64,33.85,16.42,53.7,6.94,29.32,9.53,8.0,NOMINAL,5.0,NONE,Nominal operating envelope. Spinning reserves active.
49.937,-0.1006,0.9974,101.14,93.78,7.37,71.93,19.48,9.29,42.1,6.89,29.37,10.33,8.0,WIND_STALL,5.0,WIND_FARM,Command turbine blade pitch compensation & AGC governor reserve ramp.
49.988,-0.0329,0.9961,98.3,96.07,2.23,70.47,11.07,20.0,80.4,6.88,29.26,10.13,8.0,NOMINAL,5.0,NONE,Nominal operating envelope. Spinning reserves active.
49.865,-0.2224,0.9936,115.5,97.72,17.79,83.34,12.98,19.73,59.9,7.26,46.09,9.63,8.0,INDUSTRIAL_INRUSH,20.2,INDUSTRIAL,Activate STATCOM reactive voltage support & engage interruptible tariff shedding.
49.846,-0.2881,0.9957,100.02,79.95,20.07,71.13,4.22,10.73,78.2,7.16,28.38,9.62,8.0,SOLAR_DROP,7.8,SOLAR_FARM,Inject BESS synthetic inertia +15MW & ramp utility interconnect spinning reserve.
49.93,-0.1478,1.0022,96.83,88.2,8.63,69.07,13.19,10.01,49.2,6.65,28.33,9.64,8.0,SOLAR_DROP,5.0,SOLAR_FARM,Inject BESS synthetic inertia +15MW & ramp utility interconnect spinning reserve.
49.905,-0.1176,0.9967,111.54,100.14,11.4,80.87,18.03,17.11,78.9,6.46,41.89,9.84,8.0,INDUSTRIAL_INRUSH,13.4,INDUSTRIAL,Activate STATCOM reactive voltage support & engage interruptible tariff shedding.
49.405,-1.0495,0.981,119.26,81.21,38.05,85.48,0.71,15.5,77.2,25.86,31.2,9.21,8.0,EV_SURGE,46.4,EV_PLAZA,Dispatch BESS +18MW & Throttle EV Plaza chargers by 25%. Hospital locked immune.
50.223,0.3153,1.0089,101.08,116.99,-15.9,72.38,34.3,17.69,64.7,7.36,29.91,9.71,8.0,NOMINAL,5.0,NONE,Nominal operating envelope. Spinning reserves active.
49.955,-0.0578,0.9958,104.15,99.9,4.26,74.97,17.16,17.74,80.4,7.12,32.23,11.0,8.0,NOMINAL,5.0,NONE,Nominal operating envelope. Spinning reserves active.
49.907,-0.1139,0.9932,115.06,104.34,10.72,82.14,29.21,10.13,79.0,20.84,29.35,9.86,8.0,EV_SURGE,17.3,EV_PLAZA,Dispatch BESS +18MW & Throttle EV Plaza chargers by 25%. Hospital locked immune.
50.266,0.5685,1.0067,98.04,118.6,-20.56,69.82,34.69,18.92,40.3,6.47,28.96,9.77,8.0,NOMINAL,5.0,NONE,Nominal operating envelope. Spinning reserves active.
49.86,-0.2083,0.9956,101.93,86.22,15.71,72.47,5.75,15.47,82.2,6.87,31.12,9.96,8.0,SOLAR_DROP,7.4,SOLAR_FARM,Inject BESS synthetic inertia +15MW & ramp utility interconnect spinning reserve.
49.879,-0.2544,0.9949,116.17,100.9,15.27,83.42,23.3,12.6,48.8,23.11,30.63,10.24,8.0,EV_SURGE,19.0,EV_PLAZA,Dispatch BESS +18MW & Throttle EV Plaza chargers by 25%. Hospital locked immune.
49.692,-0.4862,0.9851,120.15,89.62,30.53,85.94,5.88,18.74,69.5,26.24,28.99,10.42,8.0,EV_SURGE,34.9,EV_PLAZA,Dispatch BESS +18MW & Throttle EV Plaza chargers by 25%. Hospital locked immune.
49.858,-0.2132,1.0003,99.65,79.56,20.1,70.53,4.74,9.82,75.7,6.67,30.35,9.17,8.0,WIND_STALL,5.0,WIND_FARM,Command turbine blade pitch compensation & AGC governor reserve ramp.
50.247,0.4001,1.0129,99.5,119.5,-20.0,70.98,34.89,19.61,76.9,6.91,29.94,10.03,8.0,NOMINAL,5.0,NONE,Nominal operating envelope. Spinning reserves active.
49.852,-0.2499,0.9945,117.84,100.98,16.86,85.08,23.77,12.21,72.1,23.77,30.72,9.77,8.0,EV_SURGE,22.5,EV_PLAZA,Dispatch BESS +18MW & Throttle EV Plaza chargers by 25%. Hospital locked immune.
49.874,-0.2621,0.9948,117.72,100.13,17.59,85.06,18.0,17.13,78.4,7.04,46.32,10.22,8.0,INDUSTRIAL_INRUSH,21.5,INDUSTRIAL,Activate STATCOM reactive voltage support & engage interruptible tariff shedding.
49.968,-0.0687,1.001,102.19,96.48,5.71,73.46,27.38,4.1,82.7,6.98,29.97,10.02,8.0,WIND_STALL,5.0,WIND_FARM,Command turbine blade pitch compensation & AGC governor reserve ramp.
50.142,0.223,1.0014,111.9,119.99,-8.09,80.02,35.0,19.99,79.1,6.53,42.94,9.89,8.0,INDUSTRIAL_INRUSH,7.0,INDUSTRIAL,Activate STATCOM reactive voltage support & engage interruptible tariff shedding.
49.907,-0.1021,0.9997,99.8,89.6,10.2,71.13,5.87,18.73,62.3,7.16,30.16,10.0,8.0,NOMINAL,5.0,NONE,Nominal operating envelope. Spinning reserves active.
49.876,-0.2499,0.9965,119.88,101.49,18.4,87.55,25.56,10.93,53.1,28.43,30.12,9.89,8.0,EV_SURGE,23.9,EV_PLAZA,Dispatch BESS +18MW & Throttle EV Plaza chargers by 25%. Hospital locked immune.
49.922,-0.0955,0.9977,100.72,91.64,9.08,71.24,19.49,7.15,60.8,7.14,30.01,10.06,8.0,WIND_STALL,5.0,WIND_FARM,Command turbine blade pitch compensation & AGC governor reserve ramp.
50.039,0.1094,1.0026,97.88,102.92,-5.05,70.28,31.34,6.58,40.5,6.97,27.26,9.73,8.0,WIND_STALL,5.0,WIND_FARM,Command turbine blade pitch compensation & AGC governor reserve ramp.
50.067,0.1075,1.0019,96.3,101.98,-5.68,69.1,26.59,10.39,75.5,6.59,28.17,10.05,8.0,NOMINAL,5.0,NONE,Nominal operating envelope. Spinning reserves active.
49.905,-0.165,0.9969,100.5,87.03,13.47,71.23,2.33,19.7,55.5,7.05,30.18,9.8,8.0,SOLAR_DROP,5.1,SOLAR_FARM,Inject BESS synthetic inertia +15MW & ramp utility interconnect spinning reserve.
50.088,0.0819,0.9987,115.13,119.74,-4.61,82.47,34.94,19.8,71.8,6.91,43.2,10.25,8.0,INDUSTRIAL_INRUSH,11.2,INDUSTRIAL,Activate STATCOM reactive voltage support & engage interruptible tariff shedding.
49.886,-0.2001,0.9996,110.64,97.48,13.16,78.82,12.68,19.8,52.1,7.02,31.34,19.39,8.0,DATACENTER_SPIKE,9.4,AI_DATACENTER,AI cluster compute power cap & BESS localized peak shaving.
49.94,-0.1453,0.9957,97.63,87.63,10.0,70.98,14.72,7.91,79.4,6.69,29.0,9.99,8.0,WIND_STALL,5.0,WIND_FARM,Command turbine blade pitch compensation & AGC governor reserve ramp.
49.873,-0.1566,0.9952,116.69,101.06,15.64,82.91,24.13,11.92,40.2,26.51,28.15,9.95,8.0,EV_SURGE,18.3,EV_PLAZA,Dispatch BESS +18MW & Throttle EV Plaza chargers by 25%. Hospital locked immune.
50.186,0.4165,1.0096,101.64,117.67,-16.04,72.13,34.47,18.21,51.1,6.89,30.49,10.08,8.0,NOMINAL,5.0,NONE,Nominal operating envelope. Spinning reserves active.
49.974,-0.1022,1.0023,101.09,99.53,1.57,72.17,16.13,18.39,39.1,7.1,30.62,9.79,8.0,BESS_OUTAGE,25.9,BESS_STATION,Emergency demand-response load curtailment. Fast-trip substation feeder protection armed.
49.916,-0.1512,0.9941,114.22,105.03,9.19,82.1,29.71,10.32,84.9,7.21,44.6,9.9,8.0,INDUSTRIAL_INRUSH,16.4,INDUSTRIAL,Activate STATCOM reactive voltage support & engage interruptible tariff shedding.
50.091,0.0845,0.9998,97.51,101.89,-4.38,69.7,26.43,10.46,81.3,6.8,28.72,9.82,8.0,NOMINAL,5.0,NONE,Nominal operating envelope. Spinning reserves active.
49.917,-0.1596,0.9968,100.14,90.61,9.53,71.86,18.61,6.99,63.8,6.76,31.04,10.44,8.0,WIND_STALL,5.0,WIND_FARM,Command turbine blade pitch compensation & AGC governor reserve ramp.
49.986,-0.041,1.0008,113.53,111.0,2.52,81.15,32.54,13.46,80.8,6.86,42.96,10.38,8.0,INDUSTRIAL_INRUSH,9.1,INDUSTRIAL,Activate STATCOM reactive voltage support & engage interruptible tariff shedding.
49.881,-0.2483,0.9946,116.45,101.02,15.43,83.92,23.96,12.06,83.5,6.59,46.38,10.36,8.0,INDUSTRIAL_INRUSH,19.8,INDUSTRIAL,Activate STATCOM reactive voltage support & engage interruptible tariff shedding.
50.146,0.2747,1.0025,98.89,108.85,-9.96,70.94,34.73,9.12,51.1,6.68,29.27,10.25,8.0,WIND_STALL,5.0,WIND_FARM,Command turbine blade pitch compensation & AGC governor reserve ramp.
49.841,-0.3833,0.9918,97.82,75.19,22.63,69.85,2.65,7.54,84.5,6.75,29.53,10.01,8.0,WIND_STALL,10.4,WIND_FARM,Command turbine blade pitch compensation & AGC governor reserve ramp.
49.648,-0.667,0.9818,112.64,80.78,31.87,80.25,0.45,15.32,62.8,6.79,42.7,9.69,8.0,INDUSTRIAL_INRUSH,30.5,INDUSTRIAL,Activate STATCOM reactive voltage support & engage interruptible tariff shedding.
49.958,-0.0842,0.999,99.82,97.96,1.86,71.11,13.32,19.64,53.2,6.68,30.4,9.45,8.0,NOMINAL,5.0,NONE,Nominal operating envelope. Spinning reserves active.
49.856,-0.2681,0.995,101.53,82.72,18.81,73.8,8.62,9.1,84.4,7.72,30.31,10.35,8.0,WIND_STALL,7.9,WIND_FARM,Command turbine blade pitch compensation & AGC governor reserve ramp.
49.979,-0.0284,0.9985,112.12,109.76,2.35,80.6,32.09,12.67,68.3,7.17,29.51,21.77,8.0,DATACENTER_SPIKE,9.5,AI_DATACENTER,AI cluster compute power cap & BESS localized peak shaving.
50.314,0.4931,1.0063,99.04,118.68,-19.64,71.45,34.7,18.98,41.2,6.84,29.2,9.86,8.0,NOMINAL,5.0,NONE,Nominal operating envelope. Spinning reserves active.
49.987,0.0715,1.0029,99.0,101.76,-2.76,70.97,26.17,10.59,53.8,6.66,30.05,10.07,8.0,NOMINAL,5.0,NONE,Nominal operating envelope. Spinning reserves active.
49.954,-0.0929,0.9962,111.45,102.99,8.46,79.59,27.97,10.02,82.1,7.17,29.49,21.73,8.0,DATACENTER_SPIKE,10.4,AI_DATACENTER,AI cluster compute power cap & BESS localized peak shaving.
49.931,-0.0866,0.999,102.99,101.36,1.63,72.32,25.21,11.15,68.4,7.27,31.0,10.55,8.0,NOMINAL,5.0,NONE,Nominal operating envelope. Spinning reserves active.
49.915,-0.1205,0.9937,117.9,109.1,8.8,85.73,31.82,12.28,80.6,25.93,29.08,10.12,8.0,EV_SURGE,21.8,EV_PLAZA,Dispatch BESS +18MW & Throttle EV Plaza chargers by 25%. Hospital locked immune.
50.042,0.1389,1.0027,97.56,100.16,-2.61,70.09,18.13,17.03,24.5,7.27,28.25,9.5,8.0,BESS_OUTAGE,25.0,BESS_STATION,Emergency demand-response load curtailment. Fast-trip substation feeder protection armed.
49.922,-0.1583,0.9996,117.37,106.18,11.19,84.46,30.43,10.76,79.2,25.37,30.07,9.75,8.0,EV_SURGE,16.1,EV_PLAZA,Dispatch BESS +18MW & Throttle EV Plaza chargers by 25%. Hospital locked immune.
49.952,-0.0173,1.0007,119.59,119.2,0.39,85.17,34.82,19.38,57.7,27.05,29.39,9.16,8.0,EV_SURGE,15.8,EV_PLAZA,Dispatch BESS +18MW & Throttle EV Plaza chargers by 25%. Hospital locked immune.
49.872,-0.2179,0.993,112.7,100.27,12.43,81.85,18.6,16.67,55.7,7.33,41.31,10.03,8.0,INDUSTRIAL_INRUSH,18.2,INDUSTRIAL,Activate STATCOM reactive voltage support & engage interruptible tariff shedding.
50.18,0.3591,1.0058,98.71,112.95,-14.24,71.33,33.19,14.77,65.5,6.78,29.17,10.19,8.0,NOMINAL,5.0,NONE,Nominal operating envelope. Spinning reserves active.
50.188,0.3969,1.0041,100.65,116.84,-16.2,71.59,34.26,17.58,42.0,6.51,30.61,10.55,8.0,NOMINAL,5.0,NONE,Nominal operating envelope. Spinning reserves active.
49.856,-0.2124,0.9901,99.8,83.63,16.18,71.22,3.01,15.62,47.6,7.49,28.82,9.67,8.0,SOLAR_DROP,11.0,SOLAR_FARM,Inject BESS synthetic inertia +15MW & ramp utility interconnect spinning reserve.
49.918,-0.1081,0.9961,113.08,105.18,7.9,79.96,29.81,10.37,73.7,21.28,28.52,10.14,8.0,EV_SURGE,12.2,EV_PLAZA,Dispatch BESS +18MW & Throttle EV Plaza chargers by 25%. Hospital locked immune.
49.928,-0.1405,0.999,114.54,105.93,8.6,81.84,30.28,10.65,59.2,21.89,29.61,9.94,8.0,EV_SURGE,12.6,EV_PLAZA,Dispatch BESS +18MW & Throttle EV Plaza chargers by 25%. Hospital locked immune.
50.111,0.0879,1.006,100.09,105.51,-5.42,72.12,30.03,10.49,44.0,6.7,30.65,9.84,8.0,NOMINAL,5.0,NONE,Nominal operating envelope. Spinning reserves active.
50.014,0.0431,1.0015,98.85,101.44,-2.59,71.5,25.44,11.0,49.7,7.02,29.64,9.88,8.0,NOMINAL,5.0,NONE,Nominal operating envelope. Spinning reserves active.
50.016,0.0554,1.0012,98.28,100.29,-2.01,70.15,30.27,5.02,41.0,7.43,28.8,9.84,8.0,WIND_STALL,5.0,WIND_FARM,Command turbine blade pitch compensation & AGC governor reserve ramp.
49.931,-0.1187,0.9969,101.09,92.04,9.05,72.4,11.89,15.14,81.7,6.91,31.86,9.85,8.0,SOLAR_DROP,5.0,SOLAR_FARM,Inject BESS synthetic inertia +15MW & ramp utility interconnect spinning reserve.
49.942,-0.1312,0.9942,102.54,93.4,9.15,73.73,10.1,18.29,68.7,6.91,31.19,10.55,8.0,SOLAR_DROP,5.5,SOLAR_FARM,Inject BESS synthetic inertia +15MW & ramp utility interconnect spinning reserve.
50.088,0.089,1.0005,101.44,104.93,-3.49,72.69,29.65,10.29,83.6,6.77,30.79,10.15,8.0,NOMINAL,5.0,NONE,Nominal operating envelope. Spinning reserves active.
49.877,-0.1961,1.0007,115.72,100.47,15.25,84.19,19.78,15.69,70.9,6.81,46.21,9.58,8.0,INDUSTRIAL_INRUSH,17.0,INDUSTRIAL,Activate STATCOM reactive voltage support & engage interruptible tariff shedding.
50.053,0.0895,1.0017,117.54,118.99,-1.46,84.91,34.77,19.22,59.7,7.52,47.19,10.11,8.0,INDUSTRIAL_INRUSH,13.9,INDUSTRIAL,Activate STATCOM reactive voltage support & engage interruptible tariff shedding.
49.818,-0.3279,0.9942,101.27,77.84,23.43,72.09,2.77,10.07,83.3,6.54,31.61,9.77,8.0,WIND_STALL,9.7,WIND_FARM,Command turbine blade pitch compensation & AGC governor reserve ramp.
50.168,0.2536,1.0024,96.07,106.96,-10.89,68.75,33.6,8.36,73.0,6.71,27.51,9.85,8.0,WIND_STALL,5.0,WIND_FARM,Command turbine blade pitch compensation & AGC governor reserve ramp.
50.044,0.0419,1.0002,116.64,119.17,-2.53,83.75,34.82,19.36,46.2,7.31,45.76,10.41,8.0,INDUSTRIAL_INRUSH,12.3,INDUSTRIAL,Activate STATCOM reactive voltage support & engage interruptible tariff shedding.
50.25,0.302,1.007,100.46,108.09,-7.64,71.46,31.39,11.7,39.8,7.36,30.04,9.36,8.0,BESS_OUTAGE,25.0,BESS_STATION,Emergency demand-response load curtailment. Fast-trip substation feeder protection armed.
49.902,-0.1071,0.9951,99.64,90.35,9.29,70.59,5.79,19.56,65.7,7.03,30.32,10.14,8.0,SOLAR_DROP,6.3,SOLAR_FARM,Inject BESS synthetic inertia +15MW & ramp utility interconnect spinning reserve.
49.967,-0.0361,1.0005,100.42,98.15,2.27,72.06,16.88,16.27,45.2,6.78,28.4,10.15,8.0,SOLAR_DROP,5.0,SOLAR_FARM,Inject BESS synthetic inertia +15MW & ramp utility interconnect spinning reserve.
50.065,0.1328,1.005,99.14,106.77,-7.64,70.62,33.33,8.45,83.0,7.28,29.51,10.05,8.0,WIND_STALL,5.0,WIND_FARM,Command turbine blade pitch compensation & AGC governor reserve ramp.
49.94,-0.0894,1.005,99.89,98.2,1.68,71.79,13.67,19.53,68.1,7.18,30.24,10.33,8.0,NOMINAL,5.0,NONE,Nominal operating envelope. Spinning reserves active.
49.955,-0.0264,0.9941,101.99,99.85,2.14,72.5,17.0,17.84,63.7,7.16,30.74,9.73,8.0,NOMINAL,5.0,NONE,Nominal operating envelope. Spinning reserves active.
49.91,-0.2083,0.9934,101.53,86.65,14.87,72.93,2.66,18.99,49.7,7.15,30.14,10.62,8.0,SOLAR_DROP,7.1,SOLAR_FARM,Inject BESS synthetic inertia +15MW & ramp utility interconnect spinning reserve.
49.997,0.0588,1.0023,100.55,101.57,-1.02,71.12,25.77,10.8,77.6,7.31,30.2,10.17,8.0,NOMINAL,5.0,NONE,Nominal operating envelope. Spinning reserves active.
50.067,0.0782,0.9969,99.59,100.98,-1.39,70.25,23.74,12.24,34.5,7.24,30.16,9.73,8.0,BESS_OUTAGE,27.0,BESS_STATION,Emergency demand-response load curtailment. Fast-trip substation feeder protection armed.
49.744,-0.4032,0.9919,122.51,94.26,28.25,88.55,9.37,19.88,63.9,29.21,30.1,10.3,8.0,EV_SURGE,32.5,EV_PLAZA,Dispatch BESS +18MW & Throttle EV Plaza chargers by 25%. Hospital locked immune.
49.968,-0.0377,1.0,99.09,98.22,0.87,69.38,13.7,19.52,66.6,6.69,29.26,9.99,8.0,NOMINAL,5.0,NONE,Nominal operating envelope. Spinning reserves active.
49.944,-0.1075,0.9994,96.51,89.81,6.69,68.53,6.01,18.8,72.3,6.89,27.38,10.63,8.0,NOMINAL,5.0,NONE,Nominal operating envelope. Spinning reserves active.
49.79,-0.4195,0.9912,115.71,91.25,24.46,82.63,7.02,19.23,70.6,6.64,45.73,10.06,8.0,INDUSTRIAL_INRUSH,23.2,INDUSTRIAL,Activate STATCOM reactive voltage support & engage interruptible tariff shedding.
50.009,0.0096,1.0019,100.44,100.62,-0.18,71.3,21.02,14.6,76.6,6.64,28.76,10.4,8.0,NOMINAL,5.0,NONE,Nominal operating envelope. Spinning reserves active.
50.251,0.4084,1.0122,100.15,119.49,-19.35,71.76,34.89,19.61,70.7,6.7,30.22,9.6,8.0,NOMINAL,5.0,NONE,Nominal operating envelope. Spinning reserves active.
49.494,-1.1036,0.9853,118.72,82.39,36.32,85.36,1.4,15.99,79.6,28.89,28.23,10.14,8.0,EV_SURGE,40.5,EV_PLAZA,Dispatch BESS +18MW & Throttle EV Plaza chargers by 25%. Hospital locked immune.
49.936,-0.1999,0.9973,113.36,101.7,11.66,80.76,26.06,10.65,42.6,7.53,30.22,22.26,8.0,DATACENTER_SPIKE,11.8,AI_DATACENTER,AI cluster compute power cap & BESS localized peak shaving.
50.292,0.3351,1.0108,97.08,118.45,-21.37,69.09,34.65,18.8,69.1,7.01,28.18,9.79,8.0,NOMINAL,5.0,NONE,Nominal operating envelope. Spinning reserves active.
49.968,-0.0708,0.9946,97.17,95.89,1.28,69.26,26.16,4.72,61.1,6.75,28.09,9.83,8.0,WIND_STALL,5.0,WIND_FARM,Command turbine blade pitch compensation & AGC governor reserve ramp.
49.879,-0.2575,0.9976,113.54,98.4,15.13,81.9,13.97,19.43,62.7,6.82,43.34,9.66,8.0,INDUSTRIAL_INRUSH,15.2,INDUSTRIAL,Activate STATCOM reactive voltage support & engage interruptible tariff shedding.
49.423,-1.2748,0.9781,123.5,84.51,38.99,89.0,2.66,16.85,52.8,29.15,31.03,10.34,8.0,EV_SURGE,52.5,EV_PLAZA,Dispatch BESS +18MW & Throttle EV Plaza chargers by 25%. Hospital locked immune.
50.06,0.0917,1.0058,97.84,101.51,-3.67,69.33,25.61,10.9,65.5,7.08,28.01,9.98,8.0,NOMINAL,5.0,NONE,Nominal operating envelope. Spinning reserves active.
49.846,-0.2365,0.9936,118.97,99.78,19.19,84.9,16.8,17.98,54.8,27.77,30.29,9.5,8.0,EV_SURGE,23.0,EV_PLAZA,Dispatch BESS +18MW & Throttle EV Plaza chargers by 25%. Hospital locked immune.
50.072,0.0848,1.0042,97.13,102.53,-5.4,69.32,27.42,10.11,83.1,7.02,27.91,9.46,8.0,NOMINAL,5.0,NONE,Nominal operating envelope. Spinning reserves active.
49.925,-0.0966,0.9941,98.8,92.89,5.9,71.14,8.04,19.86,80.5,6.85,28.81,9.51,8.0,SOLAR_DROP,6.2,SOLAR_FARM,Inject BESS synthetic inertia +15MW & ramp utility interconnect spinning reserve.
50.217,0.2919,1.0054,100.39,119.25,-18.86,72.22,34.83,19.42,73.9,7.32,30.71,9.58,8.0,NOMINAL,5.0,NONE,Nominal operating envelope. Spinning reserves active.
50.031,0.0274,1.0028,116.92,117.45,-0.54,83.43,34.41,18.04,58.4,24.33,28.54,10.27,8.0,EV_SURGE,11.8,EV_PLAZA,Dispatch BESS +18MW & Throttle EV Plaza chargers by 25%. Hospital locked immune.
50.022,0.0412,0.9967,109.1,110.11,-1.0,78.26,32.22,12.89,76.4,7.08,30.71,19.1,8.0,DATACENTER_SPIKE,6.6,AI_DATACENTER,AI cluster compute power cap & BESS localized peak shaving.
49.909,-0.167,0.9953,100.17,89.56,10.6,71.69,4.56,20.0,83.1,7.09,30.43,10.19,8.0,SOLAR_DROP,6.0,SOLAR_FARM,Inject BESS synthetic inertia +15MW & ramp utility interconnect spinning reserve.
49.902,-0.1407,0.9975,111.19,101.67,9.52,79.81,25.98,10.69,46.6,7.06,43.07,9.6,8.0,INDUSTRIAL_INRUSH,11.5,INDUSTRIAL,Activate STATCOM reactive voltage support & engage interruptible tariff shedding.
49.863,-0.1608,1.0006,113.78,100.71,13.07,81.0,21.83,13.88,60.0,21.13,29.04,9.95,8.0,EV_SURGE,13.0,EV_PLAZA,Dispatch BESS +18MW & Throttle EV Plaza chargers by 25%. Hospital locked immune.
49.955,-0.0725,0.996,99.67,94.05,5.62,70.69,14.84,14.21,45.0,6.85,28.15,10.02,8.0,SOLAR_DROP,5.0,SOLAR_FARM,Inject BESS synthetic inertia +15MW & ramp utility interconnect spinning reserve.
49.999,0.0305,0.996,100.45,101.03,-0.58,72.34,23.99,12.04,81.3,6.51,29.89,10.32,8.0,NOMINAL,5.0,NONE,Nominal operating envelope. Spinning reserves active.
49.943,-0.0817,0.9999,101.44,95.47,5.97,72.92,25.03,5.44,77.7,7.04,31.58,9.78,8.0,WIND_STALL,5.0,WIND_FARM,Command turbine blade pitch compensation & AGC governor reserve ramp.
49.909,-0.1518,0.9954,114.08,100.7,13.38,81.73,21.73,13.97,67.2,6.89,30.73,24.29,8.0,DATACENTER_SPIKE,15.3,AI_DATACENTER,AI cluster compute power cap & BESS localized peak shaving.
49.86,-0.2136,0.9921,113.5,95.8,17.7,82.35,10.8,20.0,85.0,21.31,30.06,10.38,8.0,EV_SURGE,19.9,EV_PLAZA,Dispatch BESS +18MW & Throttle EV Plaza chargers by 25%. Hospital locked immune.
49.998,-0.0552,0.9979,118.09,113.44,4.65,84.66,33.33,15.1,56.1,27.44,28.77,9.83,8.0,EV_SURGE,14.9,EV_PLAZA,Dispatch BESS +18MW & Throttle EV Plaza chargers by 25%. Hospital locked immune.
49.967,-0.0348,1.0062,102.48,101.91,0.57,73.16,26.46,10.45,56.3,6.73,30.57,11.1,8.0,NOMINAL,5.0,NONE,Nominal operating envelope. Spinning reserves active.
49.956,-0.1142,1.0,99.36,92.79,6.58,69.56,8.17,19.62,82.5,6.94,29.66,10.41,8.0,NOMINAL,5.0,NONE,Nominal operating envelope. Spinning reserves active.
49.929,-0.0911,0.9997,97.79,88.65,9.14,69.17,9.33,14.33,67.9,6.97,30.27,8.98,8.0,SOLAR_DROP,5.0,SOLAR_FARM,Inject BESS synthetic inertia +15MW & ramp utility interconnect spinning reserve.
49.917,-0.1395,0.9972,113.03,105.0,8.04,81.32,29.69,10.31,63.0,7.12,43.88,10.43,8.0,INDUSTRIAL_INRUSH,13.3,INDUSTRIAL,Activate STATCOM reactive voltage support & engage interruptible tariff shedding.
50.245,0.443,1.0085,99.88,119.99,-20.12,72.35,35.0,20.0,70.5,6.4,28.86,10.48,8.0,NOMINAL,5.0,NONE,Nominal operating envelope. Spinning reserves active.
49.939,-0.1284,0.9923,100.52,92.02,8.5,72.85,7.58,19.44,67.3,6.55,30.28,10.82,8.0,NOMINAL,5.0,NONE,Nominal operating envelope. Spinning reserves active.
50.227,0.4667,1.0098,97.4,114.27,-16.87,69.26,33.57,15.69,69.8,6.56,28.67,10.23,8.0,NOMINAL,5.0,NONE,Nominal operating envelope. Spinning reserves active.
50.289,0.3824,1.0113,97.08,117.02,-19.94,69.36,34.31,17.71,53.7,6.09,28.82,9.89,8.0,NOMINAL,5.0,NONE,Nominal operating envelope. Spinning reserves active.
50.095,0.1988,1.0039,100.24,108.1,-7.86,71.32,34.76,8.34,52.7,6.84,29.65,9.62,8.0,WIND_STALL,5.0,WIND_FARM,Command turbine blade pitch compensation & AGC governor reserve ramp.
49.933,-0.1221,0.9989,109.99,100.28,9.71,79.08,18.68,16.61,60.3,6.21,29.74,21.68,8.0,DATACENTER_SPIKE,8.6,AI_DATACENTER,AI cluster compute power cap & BESS localized peak shaving.
49.967,-0.1315,1.0006,109.96,101.34,8.61,78.38,25.16,11.18,75.5,7.52,29.92,19.47,8.0,DATACENTER_SPIKE,5.8,AI_DATACENTER,AI cluster compute power cap & BESS localized peak shaving.
49.966,-0.0338,0.9993,101.55,100.74,0.81,73.09,22.14,13.61,51.7,7.22,31.12,10.11,8.0,NOMINAL,5.0,NONE,Nominal operating envelope. Spinning reserves active.
49.968,-0.1092,0.9982,115.03,107.56,7.47,82.57,31.14,11.42,54.0,24.16,29.82,10.4,8.0,EV_SURGE,12.7,EV_PLAZA,Dispatch BESS +18MW & Throttle EV Plaza chargers by 25%. Hospital locked immune.
49.955,-0.0552,0.9989,98.61,93.93,4.68,70.49,9.09,19.84,49.9,7.12,29.95,10.04,8.0,NOMINAL,5.0,NONE,Nominal operating envelope. Spinning reserves active.
50.036,0.07,1.0006,115.99,118.89,-2.91,83.78,34.75,19.14,80.5,7.34,31.15,22.97,8.0,DATACENTER_SPIKE,12.3,AI_DATACENTER,AI cluster compute power cap & BESS localized peak shaving.
49.857,-0.2576,0.9998,99.77,84.56,15.21,71.07,2.69,16.87,62.3,6.98,28.44,10.61,8.0,NOMINAL,5.0,NONE,Nominal operating envelope. Spinning reserves active.
49.863,-0.2058,0.9961,98.4,83.43,14.97,70.57,8.41,10.02,44.0,6.94,29.6,10.09,8.0,SOLAR_DROP,7.0,SOLAR_FARM,Inject BESS synthetic inertia +15MW & ramp utility interconnect spinning reserve.
50.129,0.3109,1.0081,99.43,111.3,-11.88,71.34,32.65,13.65,66.5,6.88,31.16,9.95,8.0,NOMINAL,5.0,NONE,Nominal operating envelope. Spinning reserves active.
50.034,0.0364,1.0065,114.32,114.88,-0.56,82.06,33.75,16.13,48.1,20.63,30.35,10.06,8.0,EV_SURGE,9.9,EV_PLAZA,Dispatch BESS +18MW & Throttle EV Plaza chargers by 25%. Hospital locked immune.
50.064,0.044,1.0041,100.14,101.25,-1.12,72.21,24.89,11.36,83.8,6.62,30.44,9.87,8.0,NOMINAL,5.0,NONE,Nominal operating envelope. Spinning reserves active.
49.979,-0.066,0.9991,99.91,95.81,4.1,71.92,10.81,20.0,65.2,6.84,29.75,9.61,8.0,NOMINAL,5.0,NONE,Nominal operating envelope. Spinning reserves active.
49.888,-0.1851,0.9977,102.35,87.65,14.7,72.99,9.61,13.04,67.9,7.09,31.28,10.36,8.0,SOLAR_DROP,5.2,SOLAR_FARM,Inject BESS synthetic inertia +15MW & ramp utility interconnect spinning reserve.
50.274,0.325,1.0095,99.65,119.68,-20.03,70.87,34.93,19.75,57.5,7.18,30.55,9.75,8.0,NOMINAL,5.0,NONE,Nominal operating envelope. Spinning reserves active.
49.937,-0.0832,0.9978,113.2,111.74,1.46,81.81,32.8,13.94,63.5,6.98,41.98,10.51,8.0,INDUSTRIAL_INRUSH,13.0,INDUSTRIAL,Activate STATCOM reactive voltage support & engage interruptible tariff shedding.
49.814,-0.2749,0.9907,100.32,94.49,5.83,71.8,9.57,19.91,29.1,6.79,30.76,9.76,8.0,BESS_OUTAGE,37.0,BESS_STATION,Emergency demand-response load curtailment. Fast-trip substation feeder protection armed.
50.175,0.2634,1.0027,101.15,113.81,-12.66,71.89,33.44,15.37,81.5,6.76,31.16,9.95,8.0,NOMINAL,5.0,NONE,Nominal operating envelope. Spinning reserves active.
50.254,0.3775,1.0067,101.3,120.0,-18.7,72.37,35.0,20.0,84.5,6.85,29.91,10.8,8.0,NOMINAL,5.0,NONE,Nominal operating envelope. Spinning reserves active.
50.268,0.3547,1.0019,98.54,117.01,-18.46,69.41,34.3,17.7,53.1,6.94,29.83,9.79,8.0,NOMINAL,5.0,NONE,Nominal operating envelope. Spinning reserves active.
49.917,-0.1288,0.9944,97.77,89.01,8.76,69.28,13.11,10.9,64.8,6.76,28.66,10.03,8.0,SOLAR_DROP,6.3,SOLAR_FARM,Inject BESS synthetic inertia +15MW & ramp utility interconnect spinning reserve.
49.84,-0.2436,0.9983,109.32,89.24,20.08,78.79,5.63,18.61,54.3,6.82,40.82,9.9,8.0,INDUSTRIAL_INRUSH,11.7,INDUSTRIAL,Activate STATCOM reactive voltage support & engage interruptible tariff shedding.
49.759,-0.2788,0.9946,110.34,84.65,25.68,79.21,2.74,16.91,81.8,6.7,29.9,20.78,8.0,DATACENTER_SPIKE,17.3,AI_DATACENTER,AI cluster compute power cap & BESS localized peak shaving.
49.844,-0.246,0.9963,101.37,85.54,15.83,72.48,1.22,19.33,43.0,6.68,30.32,10.32,8.0,SOLAR_DROP,7.5,SOLAR_FARM,Inject BESS synthetic inertia +15MW & ramp utility interconnect spinning reserve.
50.068,0.0738,1.0009,99.22,100.86,-1.64,71.0,23.04,12.82,53.4,7.21,29.61,9.88,8.0,NOMINAL,5.0,NONE,Nominal operating envelope. Spinning reserves active.
49.925,-0.0811,0.9955,99.81,95.0,4.81,72.08,25.36,4.64,73.5,6.99,28.78,10.11,8.0,WIND_STALL,5.3,WIND_FARM,Command turbine blade pitch compensation & AGC governor reserve ramp.
50.08,0.2092,1.0044,100.45,109.88,-9.43,71.73,34.53,10.35,78.7,6.76,30.39,10.02,8.0,WIND_STALL,5.0,WIND_FARM,Command turbine blade pitch compensation & AGC governor reserve ramp.
49.877,-0.3363,0.9922,122.45,102.81,19.64,87.94,27.77,10.04,69.8,26.66,32.77,9.95,8.0,EV_SURGE,27.1,EV_PLAZA,Dispatch BESS +18MW & Throttle EV Plaza chargers by 25%. Hospital locked immune.
49.997,0.0004,1.0001,119.44,119.45,-0.01,85.64,34.88,19.57,81.7,23.96,30.66,10.8,8.0,EV_SURGE,15.0,EV_PLAZA,Dispatch BESS +18MW & Throttle EV Plaza chargers by 25%. Hospital locked immune.
49.868,-0.1612,0.9999,115.87,101.4,14.47,83.94,25.33,11.07,61.6,23.97,29.15,10.17,8.0,EV_SURGE,17.0,EV_PLAZA,Dispatch BESS +18MW & Throttle EV Plaza chargers by 25%. Hospital locked immune.
49.663,-0.4375,0.9885,117.09,87.05,30.04,84.55,4.21,17.84,44.1,24.94,29.76,9.67,8.0,EV_SURGE,31.8,EV_PLAZA,Dispatch BESS +18MW & Throttle EV Plaza chargers by 25%. Hospital locked immune.
49.86,-0.2548,0.997,115.92,99.96,15.96,83.74,17.36,17.6,64.4,23.5,29.7,9.6,8.0,EV_SURGE,18.8,EV_PLAZA,Dispatch BESS +18MW & Throttle EV Plaza chargers by 25%. Hospital locked immune.
49.581,-0.6631,0.9828,117.6,84.05,33.55,84.46,2.38,16.67,83.7,6.92,47.5,9.42,8.0,INDUSTRIAL_INRUSH,38.0,INDUSTRIAL,Activate STATCOM reactive voltage support & engage interruptible tariff shedding.
49.968,-0.0587,0.9996,100.07,98.79,1.28,72.0,28.97,4.82,63.1,6.82,31.14,9.68,8.0,WIND_STALL,5.0,WIND_FARM,Command turbine blade pitch compensation & AGC governor reserve ramp.
50.153,0.3244,1.0029,106.77,119.19,-12.41,77.36,34.82,19.37,45.8,7.15,37.55,9.57,8.0,INDUSTRIAL_INRUSH,5.0,INDUSTRIAL,Activate STATCOM reactive voltage support & engage interruptible tariff shedding.
49.93,-0.1195,0.9941,113.16,105.4,7.76,81.23,29.96,10.44,40.8,6.7,42.41,9.96,8.0,INDUSTRIAL_INRUSH,14.7,INDUSTRIAL,Activate STATCOM reactive voltage support & engage interruptible tariff shedding.
49.883,-0.1398,0.9925,99.63,87.19,12.43,70.66,10.01,12.18,54.9,7.29,30.17,10.3,8.0,SOLAR_DROP,8.6,SOLAR_FARM,Inject BESS synthetic inertia +15MW & ramp utility interconnect spinning reserve.
49.892,-0.2147,0.9981,100.07,87.0,13.07,71.42,11.99,10.01,61.0,7.06,30.29,9.69,8.0,SOLAR_DROP,5.0,SOLAR_FARM,Inject BESS synthetic inertia +15MW & ramp utility interconnect spinning reserve.
50.032,0.046,0.9985,100.44,102.56,-2.12,71.56,27.46,10.1,73.6,6.96,30.75,10.51,8.0,NOMINAL,5.0,NONE,Nominal operating envelope. Spinning reserves active.
49.848,-0.2382,1.0021,119.22,103.23,15.99,85.57,28.23,10.0,45.6,26.3,29.02,9.99,8.0,EV_SURGE,19.9,EV_PLAZA,Dispatch BESS +18MW & Throttle EV Plaza chargers by 25%. Hospital locked immune.
49.884,-0.2249,0.9945,101.08,85.98,15.1,71.81,6.31,14.67,81.6,7.15,31.69,9.75,8.0,SOLAR_DROP,7.3,SOLAR_FARM,Inject BESS synthetic inertia +15MW & ramp utility interconnect spinning reserve.
50.014,0.0461,0.9985,98.79,99.69,-0.9,70.68,29.85,4.84,73.2,6.57,29.28,10.02,8.0,WIND_STALL,5.0,WIND_FARM,Command turbine blade pitch compensation & AGC governor reserve ramp.
50.068,0.1179,0.9968,101.17,102.93,-1.76,72.19,27.91,10.02,75.9,7.19,29.32,10.22,8.0,NOMINAL,5.0,NONE,Nominal operating envelope. Spinning reserves active.
50.067,0.082,1.0,109.55,114.72,-5.17,78.37,33.7,16.02,81.5,6.4,30.56,18.41,8.0,DATACENTER_SPIKE,5.0,AI_DATACENTER,AI cluster compute power cap & BESS localized peak shaving.
49.922,-0.1585,0.9978,101.13,92.12,9.01,72.14,16.14,10.98,67.5,6.46,29.93,9.85,8.0,WIND_STALL,5.0,WIND_FARM,Command turbine blade pitch compensation & AGC governor reserve ramp.
49.873,-0.1403,0.9967,116.28,103.2,13.08,82.6,28.2,10.0,75.3,6.83,47.26,10.14,8.0,INDUSTRIAL_INRUSH,16.9,INDUSTRIAL,Activate STATCOM reactive voltage support & engage interruptible tariff shedding.
49.889,-0.1749,0.9994,109.8,97.04,12.76,78.89,12.14,19.9,46.8,7.27,30.22,19.75,8.0,DATACENTER_SPIKE,9.5,AI_DATACENTER,AI cluster compute power cap & BESS localized peak shaving.
49.953,-0.063,1.0042,102.66,98.26,4.41,72.61,13.75,19.51,84.5,7.29,32.16,9.81,8.0,NOMINAL,5.0,NONE,Nominal operating envelope. Spinning reserves active.
50.051,0.1262,1.0069,99.83,104.76,-4.93,71.19,32.45,7.31,43.6,7.44,29.36,10.86,8.0,WIND_STALL,5.0,WIND_FARM,Command turbine blade pitch compensation & AGC governor reserve ramp.
49.985,-0.0527,0.9983,100.22,95.5,4.73,70.97,10.5,19.99,48.9,7.04,28.72,10.22,8.0,NOMINAL,5.0,NONE,Nominal operating envelope. Spinning reserves active.
49.859,-0.2339,0.9945,113.75,94.77,18.98,82.04,9.82,19.94,52.2,7.01,42.16,10.32,8.0,INDUSTRIAL_INRUSH,18.0,INDUSTRIAL,Activate STATCOM reactive voltage support & engage interruptible tariff shedding.
49.946,-0.052,1.0017,116.7,112.08,4.62,83.07,32.91,14.17,69.8,6.63,30.66,24.27,8.0,DATACENTER_SPIKE,13.1,AI_DATACENTER,AI cluster compute power cap & BESS localized peak shaving.
50.081,0.1107,0.9992,115.88,117.49,-1.61,83.8,34.42,18.07,47.3,7.22,44.87,9.54,8.0,INDUSTRIAL_INRUSH,12.8,INDUSTRIAL,Activate STATCOM reactive voltage support & engage interruptible tariff shedding.
50.123,0.2447,0.9998,99.94,110.12,-10.18,71.85,32.22,12.9,52.5,7.02,30.21,9.76,8.0,NOMINAL,5.0,NONE,Nominal operating envelope. Spinning reserves active.
49.878,-0.2466,0.9964,124.29,107.87,16.42,90.49,31.29,11.58,80.6,28.52,32.59,10.94,8.0,EV_SURGE,28.0,EV_PLAZA,Dispatch BESS +18MW & Throttle EV Plaza chargers by 25%. Hospital locked immune.
49.906,-0.1765,1.0003,114.21,103.44,10.76,82.44,28.44,10.0,40.5,21.07,29.35,9.96,8.0,EV_SURGE,13.5,EV_PLAZA,Dispatch BESS +18MW & Throttle EV Plaza chargers by 25%. Hospital locked immune.
50.016,0.0756,0.9998,99.52,100.83,-1.3,70.82,22.79,13.03,42.3,7.07,30.07,9.77,8.0,NOMINAL,5.0,NONE,Nominal operating envelope. Spinning reserves active.
50.098,0.1287,1.0009,112.07,119.99,-7.93,80.06,35.0,19.99,66.9,6.87,29.24,22.46,8.0,DATACENTER_SPIKE,7.1,AI_DATACENTER,AI cluster compute power cap & BESS localized peak shaving.
50.044,0.1137,0.9945,103.32,105.23,-1.92,74.07,29.85,10.38,22.4,7.48,31.3,10.42,8.0,BESS_OUTAGE,28.5,BESS_STATION,Emergency demand-response load curtailment. Fast-trip substation feeder protection armed.
49.893,-0.2316,0.9932,102.26,85.96,16.3,73.38,6.5,14.46,80.4,7.18,31.26,11.24,8.0,SOLAR_DROP,7.8,SOLAR_FARM,Inject BESS synthetic inertia +15MW & ramp utility interconnect spinning reserve.
49.981,-0.064,0.9953,98.59,94.31,4.28,70.22,24.33,4.98,78.0,7.09,27.64,10.24,8.0,WIND_STALL,5.0,WIND_FARM,Command turbine blade pitch compensation & AGC governor reserve ramp.
49.933,-0.1769,0.9965,110.68,100.6,10.09,78.64,20.79,14.81,64.2,5.96,29.89,23.6,8.0,DATACENTER_SPIKE,9.6,AI_DATACENTER,AI cluster compute power cap & BESS localized peak shaving.
50.229,0.4877,1.0051,98.51,119.63,-21.13,69.93,34.92,19.71,59.9,6.54,29.66,9.78,8.0,NOMINAL,5.0,NONE,Nominal operating envelope. Spinning reserves active.
50.078,0.1157,1.0058,98.07,103.16,-5.08,69.7,28.15,10.0,82.6,7.19,28.98,9.58,8.0,NOMINAL,5.0,NONE,Nominal operating envelope. Spinning reserves active.
49.622,-0.5631,0.987,98.6,86.88,11.72,69.37,4.1,17.77,33.4,7.35,28.3,9.74,8.0,BESS_OUTAGE,45.7,BESS_STATION,Emergency demand-response load curtailment. Fast-trip substation feeder protection armed.
49.872,-0.1904,0.9895,118.97,102.19,16.78,84.81,26.94,10.26,75.7,24.98,29.46,10.39,8.0,EV_SURGE,24.5,EV_PLAZA,Dispatch BESS +18MW & Throttle EV Plaza chargers by 25%. Hospital locked immune.
49.928,-0.076,0.9991,116.94,110.9,6.03,84.45,32.51,13.39,73.8,22.19,30.73,10.3,8.0,EV_SURGE,16.2,EV_PLAZA,Dispatch BESS +18MW & Throttle EV Plaza chargers by 25%. Hospital locked immune.
49.896,-0.1382,1.0016,114.92,103.77,11.15,82.95,28.74,10.03,59.3,6.33,46.64,9.59,8.0,INDUSTRIAL_INRUSH,14.6,INDUSTRIAL,Activate STATCOM reactive voltage support & engage interruptible tariff shedding.
50.171,0.1962,1.0048,99.4,111.04,-11.64,71.06,35.0,11.04,69.9,7.03,29.2,10.25,8.0,WIND_STALL,5.0,WIND_FARM,Command turbine blade pitch compensation & AGC governor reserve ramp.
49.978,-0.0541,1.003,101.52,97.62,3.9,73.23,12.86,19.76,58.7,6.35,31.15,10.4,8.0,NOMINAL,5.0,NONE,Nominal operating envelope. Spinning reserves active.
49.918,-0.1903,0.9975,102.72,88.98,13.75,73.36,14.62,9.35,47.7,7.46,31.67,10.22,8.0,WIND_STALL,5.0,WIND_FARM,Command turbine blade pitch compensation & AGC governor reserve ramp.
50.202,0.3181,1.0048,99.61,117.53,-17.92,71.12,34.43,18.1,65.8,7.1,30.27,10.25,8.0,NOMINAL,5.0,NONE,Nominal operating envelope. Spinning reserves active.
50.245,0.3375,1.0047,99.7,116.41,-16.71,71.63,34.15,17.26,52.2,6.98,29.86,9.67,8.0,NOMINAL,5.0,NONE,Nominal operating envelope. Spinning reserves active.
49.954,-0.1362,0.9957,99.63,91.16,8.47,70.77,6.95,19.21,78.5,6.81,29.83,10.52,8.0,NOMINAL,5.0,NONE,Nominal operating envelope. Spinning reserves active.
50.047,0.0558,0.9994,101.24,104.28,-3.04,72.3,29.17,10.11,42.2,6.77,31.94,10.66,8.0,NOMINAL,5.0,NONE,Nominal operating envelope. Spinning reserves active.
49.924,-0.0636,0.997,100.78,94.71,6.07,72.14,14.57,15.14,74.7,6.61,29.25,9.73,8.0,SOLAR_DROP,5.0,SOLAR_FARM,Inject BESS synthetic inertia +15MW & ramp utility interconnect spinning reserve.
50.209,0.3811,1.0054,99.62,115.53,-15.9,71.83,33.92,16.6,47.5,7.04,29.76,9.81,8.0,NOMINAL,5.0,NONE,Nominal operating envelope. Spinning reserves active.
49.894,-0.1353,0.9942,99.7,88.98,10.72,71.23,5.45,18.52,64.8,6.7,31.22,9.52,8.0,NOMINAL,5.0,NONE,Nominal operating envelope. Spinning reserves active.
49.918,-0.0879,0.9992,112.98,107.72,5.26,81.3,31.22,11.5,52.8,22.3,29.27,10.48,8.0,EV_SURGE,12.1,EV_PLAZA,Dispatch BESS +18MW & Throttle EV Plaza chargers by 25%. Hospital locked immune.
49.97,-0.029,0.9935,112.72,112.24,0.48,81.18,32.96,14.28,59.3,21.23,29.57,10.1,8.0,EV_SURGE,13.8,EV_PLAZA,Dispatch BESS +18MW & Throttle EV Plaza chargers by 25%. Hospital locked immune.
49.919,-0.1576,0.9982,115.16,100.6,14.55,82.49,20.85,14.75,83.9,20.21,30.91,10.02,8.0,EV_SURGE,14.3,EV_PLAZA,Dispatch BESS +18MW & Throttle EV Plaza chargers by 25%. Hospital locked immune.
49.83,-0.336,0.994,114.78,91.72,23.06,82.12,7.36,19.36,58.3,20.03,31.25,10.29,8.0,EV_SURGE,19.4,EV_PLAZA,Dispatch BESS +18MW & Throttle EV Plaza chargers by 25%. Hospital locked immune.
49.823,-0.3577,0.9867,112.04,87.73,24.31,79.26,4.65,18.09,47.2,7.1,29.57,23.18,8.0,DATACENTER_SPIKE,20.2,AI_DATACENTER,AI cluster compute power cap & BESS localized peak shaving.
50.118,0.1559,1.006,98.53,105.49,-6.96,70.24,32.99,7.5,61.6,7.17,28.45,9.84,8.0,WIND_STALL,5.0,WIND_FARM,Command turbine blade pitch compensation & AGC governor reserve ramp.
49.941,-0.1187,1.0002,98.92,87.43,11.49,70.44,2.47,19.96,78.1,7.09,29.39,10.07,8.0,SOLAR_DROP,5.0,SOLAR_FARM,Inject BESS synthetic inertia +15MW & ramp utility interconnect spinning reserve.
50.08,0.0627,1.0054,99.18,100.76,-1.58,71.04,22.28,13.48,64.2,7.16,29.6,10.39,8.0,NOMINAL,5.0,NONE,Nominal operating envelope. Spinning reserves active.
49.93,-0.1728,1.0003,115.4,105.09,10.31,83.79,29.75,10.33,73.3,7.07,30.88,23.86,8.0,DATACENTER_SPIKE,14.6,AI_DATACENTER,AI cluster compute power cap & BESS localized peak shaving.
49.902,-0.2007,0.9974,101.79,88.43,13.36,72.36,3.91,19.52,57.8,7.4,31.15,10.46,8.0,SOLAR_DROP,5.0,SOLAR_FARM,Inject BESS synthetic inertia +15MW & ramp utility interconnect spinning reserve.
50.024,0.0148,1.0019,102.35,102.7,-0.35,73.79,31.19,6.5,45.0,7.32,31.53,10.13,8.0,WIND_STALL,5.0,WIND_FARM,Command turbine blade pitch compensation & AGC governor reserve ramp.
50.019,-0.0606,0.9943,112.15,108.17,3.98,81.06,31.43,11.75,55.0,7.43,42.25,10.02,8.0,INDUSTRIAL_INRUSH,12.0,INDUSTRIAL,Activate STATCOM reactive voltage support & engage interruptible tariff shedding.
49.922,-0.0939,0.9984,108.53,101.61,6.92,78.27,25.85,10.76,49.8,7.36,29.14,19.62,8.0,DATACENTER_SPIKE,8.2,AI_DATACENTER,AI cluster compute power cap & BESS localized peak shaving.
50.083,0.0977,0.9977,111.82,116.41,-4.59,79.71,34.15,17.26,53.9,6.87,30.06,22.36,8.0,DATACENTER_SPIKE,8.0,AI_DATACENTER,AI cluster compute power cap & BESS localized peak shaving.
49.996,0.0535,0.9998,117.74,119.99,-2.25,85.44,35.0,19.99,84.3,23.66,31.77,9.64,8.0,EV_SURGE,14.9,EV_PLAZA,Dispatch BESS +18MW & Throttle EV Plaza chargers by 25%. Hospital locked immune.
50.077,0.0899,0.9999,115.42,117.02,-1.6,82.58,34.31,17.72,51.5,22.02,30.9,9.19,8.0,EV_SURGE,10.7,EV_PLAZA,Dispatch BESS +18MW & Throttle EV Plaza chargers by 25%. Hospital locked immune.
49.93,-0.1433,0.9992,98.73,88.94,9.78,70.06,5.43,18.51,43.0,6.88,29.44,10.02,8.0,NOMINAL,5.0,NONE,Nominal operating envelope. Spinning reserves active.
49.893,-0.179,0.9968,121.67,107.25,14.42,88.2,30.99,11.26,41.6,27.88,30.27,9.87,8.0,EV_SURGE,24.1,EV_PLAZA,Dispatch BESS +18MW & Throttle EV Plaza chargers by 25%. Hospital locked immune.
49.938,-0.1519,0.9991,110.16,100.14,10.01,79.47,18.04,17.1,44.3,6.86,28.96,21.66,8.0,DATACENTER_SPIKE,8.9,AI_DATACENTER,AI cluster compute power cap & BESS localized peak shaving.
50.121,0.1759,1.0029,106.47,116.9,-10.43,76.37,34.28,17.62,52.9,6.82,29.07,19.64,8.0,DATACENTER_SPIKE,5.0,AI_DATACENTER,AI cluster compute power cap & BESS localized peak shaving.
49.908,-0.2086,0.9973,114.29,100.81,13.48,82.45,22.66,13.14,54.1,21.93,28.94,10.2,8.0,EV_SURGE,15.2,EV_PLAZA,Dispatch BESS +18MW & Throttle EV Plaza chargers by 25%. Hospital locked immune.
50.085,0.1177,1.0008,98.38,103.48,-5.11,69.29,28.48,10.0,43.1,6.7,28.79,10.01,8.0,NOMINAL,5.0,NONE,Nominal operating envelope. Spinning reserves active.
49.566,-0.821,0.987,121.72,87.88,33.84,87.85,4.74,18.14,75.8,26.16,31.5,10.31,8.0,EV_SURGE,40.6,EV_PLAZA,Dispatch BESS +18MW & Throttle EV Plaza chargers by 25%. Hospital locked immune.
49.958,-0.0975,0.9964,101.19,94.47,6.72,72.75,9.55,19.91,68.9,7.01,29.04,9.93,8.0,NOMINAL,5.0,NONE,Nominal operating envelope. Spinning reserves active.
49.815,-0.2986,0.9881,113.28,91.8,21.48,81.89,7.42,19.38,40.8,7.15,43.47,10.03,8.0,INDUSTRIAL_INRUSH,23.3,INDUSTRIAL,Activate STATCOM reactive voltage support & engage interruptible tariff shedding.
50.065,0.0106,1.0022,99.67,99.86,-0.18,70.57,17.03,17.83,61.4,6.62,30.17,9.84,8.0,NOMINAL,5.0,NONE,Nominal operating envelope. Spinning reserves active.
49.94,-0.0907,1.0033,103.69,94.96,8.73,74.33,24.89,5.07,68.7,7.11,31.23,10.7,8.0,WIND_STALL,5.0,WIND_FARM,Command turbine blade pitch compensation & AGC governor reserve ramp.
49.875,-0.2746,0.9947,99.46,83.21,16.25,71.28,1.22,16.99,83.8,6.82,30.65,9.52,8.0,SOLAR_DROP,7.4,SOLAR_FARM,Inject BESS synthetic inertia +15MW & ramp utility interconnect spinning reserve.
50.237,0.3643,1.0075,99.74,118.21,-18.47,71.38,34.59,18.62,73.2,7.0,29.27,10.15,8.0,NOMINAL,5.0,NONE,Nominal operating envelope. Spinning reserves active.
49.923,-0.0808,1.0026,112.51,105.44,7.07,80.85,29.98,10.46,54.4,22.08,29.38,9.8,8.0,EV_SURGE,10.8,EV_PLAZA,Dispatch BESS +18MW & Throttle EV Plaza chargers by 25%. Hospital locked immune.
49.911,-0.1175,0.9949,110.39,100.82,9.57,79.39,22.74,13.08,48.6,6.66,29.81,19.88,8.0,DATACENTER_SPIKE,12.3,AI_DATACENTER,AI cluster compute power cap & BESS localized peak shaving.
49.733,-0.5358,0.9864,100.35,91.36,8.99,72.02,7.09,19.26,30.3,7.12,31.23,10.04,8.0,BESS_OUTAGE,42.4,BESS_STATION,Emergency demand-response load curtailment. Fast-trip substation feeder protection armed.
50.125,0.1586,1.0078,98.79,108.32,-9.53,70.26,31.49,11.83,82.3,6.98,29.48,9.81,8.0,NOMINAL,5.0,NONE,Nominal operating envelope. Spinning reserves active.
49.877,-0.2308,0.9951,118.49,99.48,19.01,85.48,16.01,18.47,55.1,26.42,29.95,9.33,8.0,EV_SURGE,21.8,EV_PLAZA,Dispatch BESS +18MW & Throttle EV Plaza chargers by 25%. Hospital locked immune.
49.887,-0.0643,0.9993,101.83,100.3,1.53,72.17,18.77,16.53,44.2,6.79,29.64,10.28,8.0,NOMINAL,5.0,NONE,Nominal operating envelope. Spinning reserves active.
50.028,0.0596,1.0005,99.61,100.58,-0.97,70.65,16.78,18.8,40.1,7.09,29.47,10.39,8.0,SOLAR_DROP,5.0,SOLAR_FARM,Inject BESS synthetic inertia +15MW & ramp utility interconnect spinning reserve.
50.109,0.184,1.0048,101.43,110.46,-9.04,72.77,32.35,13.11,69.3,6.51,30.1,9.97,8.0,NOMINAL,5.0,NONE,Nominal operating envelope. Spinning reserves active.
49.837,-0.3458,0.9847,119.0,96.95,22.06,85.33,12.03,19.92,79.7,26.14,29.82,9.68,8.0,EV_SURGE,29.5,EV_PLAZA,Dispatch BESS +18MW & Throttle EV Plaza chargers by 25%. Hospital locked immune.
50.104,0.1864,1.0022,101.01,104.25,-3.23,72.39,29.14,10.11,31.1,7.25,30.32,10.41,8.0,BESS_OUTAGE,25.0,BESS_STATION,Emergency demand-response load curtailment. Fast-trip substation feeder protection armed.
49.913,-0.1486,1.0033,99.27,88.0,11.28,70.45,11.24,11.76,67.8,6.47,30.22,9.91,8.0,SOLAR_DROP,5.0,SOLAR_FARM,Inject BESS synthetic inertia +15MW & ramp utility interconnect spinning reserve.
49.787,-0.2549,0.9931,115.84,89.52,26.32,84.62,5.81,18.7,68.3,23.8,28.51,10.02,8.0,EV_SURGE,24.9,EV_PLAZA,Dispatch BESS +18MW & Throttle EV Plaza chargers by 25%. Hospital locked immune.
50.103,0.1859,1.004,112.59,119.51,-6.92,80.82,34.89,19.62,82.1,7.48,30.36,22.59,8.0,DATACENTER_SPIKE,8.1,AI_DATACENTER,AI cluster compute power cap & BESS localized peak shaving.
49.99,-0.1064,1.0008,98.16,90.88,7.28,70.2,6.75,19.13,72.8,6.8,29.54,9.64,8.0,NOMINAL,5.0,NONE,Nominal operating envelope. Spinning reserves active.
49.932,-0.0614,0.9982,113.06,112.06,0.99,80.95,32.9,14.16,78.6,7.01,43.29,10.59,8.0,INDUSTRIAL_INRUSH,11.7,INDUSTRIAL,Activate STATCOM reactive voltage support & engage interruptible tariff shedding.
49.907,-0.2105,0.9942,114.92,102.43,12.49,83.31,27.29,10.14,71.0,7.1,46.65,9.97,8.0,INDUSTRIAL_INRUSH,18.3,INDUSTRIAL,Activate STATCOM reactive voltage support & engage interruptible tariff shedding.
49.892,-0.176,0.9984,101.64,85.81,15.84,73.13,3.44,17.36,43.1,7.31,30.48,10.64,8.0,NOMINAL,5.0,NONE,Nominal operating envelope. Spinning reserves active.
50.154,0.286,1.0081,100.56,111.29,-10.73,72.22,32.64,13.65,80.2,6.75,30.15,10.84,8.0,NOMINAL,5.0,NONE,Nominal operating envelope. Spinning reserves active.
49.963,-0.1222,1.0012,114.25,106.38,7.87,81.08,30.54,10.84,45.2,22.12,29.04,9.81,8.0,EV_SURGE,9.7,EV_PLAZA,Dispatch BESS +18MW & Throttle EV Plaza chargers by 25%. Hospital locked immune.
49.862,-0.204,0.9923,121.69,102.67,19.02,87.53,27.6,10.07,83.3,27.97,30.55,9.79,8.0,EV_SURGE,27.0,EV_PLAZA,Dispatch BESS +18MW & Throttle EV Plaza chargers by 25%. Hospital locked immune.
50.091,0.1492,1.003,114.03,119.5,-5.47,81.83,34.89,19.61,80.8,7.62,44.37,10.38,8.0,INDUSTRIAL_INRUSH,9.6,INDUSTRIAL,Activate STATCOM reactive voltage support & engage interruptible tariff shedding.
50.008,-0.0393,0.9975,99.54,98.95,0.59,71.56,14.91,19.04,60.9,7.51,29.11,10.03,8.0,NOMINAL,5.0,NONE,Nominal operating envelope. Spinning reserves active.
49.965,-0.0604,0.9976,113.25,112.04,1.21,81.84,32.9,14.14,66.3,22.71,27.98,9.89,8.0,EV_SURGE,12.2,EV_PLAZA,Dispatch BESS +18MW & Throttle EV Plaza chargers by 25%. Hospital locked immune.
49.949,-0.1168,0.9978,100.7,93.72,6.98,71.63,8.91,19.8,78.1,7.1,29.42,9.83,8.0,NOMINAL,5.0,NONE,Nominal operating envelope. Spinning reserves active.
49.898,-0.1927,0.9962,95.88,92.95,2.92,68.75,8.3,19.65,27.1,7.57,27.5,9.88,8.0,BESS_OUTAGE,30.8,BESS_STATION,Emergency demand-response load curtailment. Fast-trip substation feeder protection armed.
49.726,-0.5604,0.9942,110.8,82.05,28.75,79.03,1.2,15.85,79.7,7.18,40.97,10.5,8.0,INDUSTRIAL_INRUSH,18.4,INDUSTRIAL,Activate STATCOM reactive voltage support & engage interruptible tariff shedding.
49.984,-0.0255,1.0004,100.58,100.16,0.42,71.88,18.12,17.04,49.9,6.99,30.44,10.45,8.0,NOMINAL,5.0,NONE,Nominal operating envelope. Spinning reserves active.
49.89,-0.1822,0.9971,114.81,99.84,14.97,82.87,16.98,17.86,61.6,23.25,29.22,10.9,8.0,EV_SURGE,16.5,EV_PLAZA,Dispatch BESS +18MW & Throttle EV Plaza chargers by 25%. Hospital locked immune.
49.662,-0.6198,0.9913,115.3,85.22,30.09,82.49,3.08,17.13,78.0,24.1,29.66,9.62,8.0,EV_SURGE,27.2,EV_PLAZA,Dispatch BESS +18MW & Throttle EV Plaza chargers by 25%. Hospital locked immune.
50.08,0.0373,0.9985,101.02,103.4,-2.38,72.49,28.4,10.0,66.6,7.03,30.67,10.11,8.0,NOMINAL,5.0,NONE,Nominal operating envelope. Spinning reserves active.
49.895,-0.1416,1.0004,101.24,88.56,12.68,71.74,5.18,18.38,65.1,7.82,30.21,10.55,8.0,NOMINAL,5.0,NONE,Nominal operating envelope. Spinning reserves active.
50.288,0.6227,1.0101,99.36,108.73,-9.37,69.78,31.67,12.06,20.9,6.95,31.21,9.14,8.0,BESS_OUTAGE,25.0,BESS_STATION,Emergency demand-response load curtailment. Fast-trip substation feeder protection armed.
49.95,-0.1513,0.9979,98.95,88.6,10.35,70.28,5.68,17.91,58.1,6.97,30.14,10.03,8.0,SOLAR_DROP,5.0,SOLAR_FARM,Inject BESS synthetic inertia +15MW & ramp utility interconnect spinning reserve.
49.992,-0.0531,0.9999,102.53,101.65,0.89,73.12,25.94,10.71,67.9,7.52,30.8,10.74,8.0,NOMINAL,5.0,NONE,Nominal operating envelope. Spinning reserves active.
49.867,-0.1699,0.9946,114.31,101.1,13.21,81.4,24.31,11.79,75.0,7.2,30.67,24.34,8.0,DATACENTER_SPIKE,16.7,AI_DATACENTER,AI cluster compute power cap & BESS localized peak shaving.
50.063,0.0979,1.0029,100.81,106.67,-5.86,72.66,30.69,10.97,75.0,6.88,29.12,10.34,8.0,NOMINAL,5.0,NONE,Nominal operating envelope. Spinning reserves active.
49.935,-0.1039,0.9975,100.46,92.35,8.1,71.58,19.23,8.12,83.9,6.87,30.28,10.49,8.0,WIND_STALL,5.0,WIND_FARM,Command turbine blade pitch compensation & AGC governor reserve ramp.
50.016,-0.037,1.0009,100.5,99.89,0.62,71.86,17.13,17.76,47.7,6.88,29.66,10.16,8.0,NOMINAL,5.0,NONE,Nominal operating envelope. Spinning reserves active.
50.043,0.0866,0.9983,114.0,117.81,-3.81,82.08,34.5,18.31,54.9,7.82,28.78,24.34,8.0,DATACENTER_SPIKE,11.0,AI_DATACENTER,AI cluster compute power cap & BESS localized peak shaving.
50.057,0.0521,0.9998,99.33,100.4,-1.07,70.71,19.3,16.09,52.2,6.63,29.98,10.0,8.0,NOMINAL,5.0,NONE,Nominal operating envelope. Spinning reserves active.
49.857,-0.2353,0.9942,101.2,84.64,16.56,72.52,9.21,10.43,56.1,6.6,31.5,10.1,8.0,WIND_STALL,8.4,WIND_FARM,Command turbine blade pitch compensation & AGC governor reserve ramp.
50.035,0.0643,0.9989,112.69,116.14,-3.45,80.26,34.08,17.06,58.2,6.94,30.12,22.54,8.0,DATACENTER_SPIKE,8.1,AI_DATACENTER,AI cluster compute power cap & BESS localized peak shaving.
49.859,-0.2431,0.9955,100.81,83.32,17.5,71.99,8.3,10.01,70.2,6.41,30.54,10.03,8.0,SOLAR_DROP,7.5,SOLAR_FARM,Inject BESS synthetic inertia +15MW & ramp utility interconnect spinning reserve.
49.862,-0.1685,0.996,98.77,82.87,15.9,70.06,7.77,10.1,62.4,7.04,30.47,10.06,8.0,SOLAR_DROP,7.1,SOLAR_FARM,Inject BESS synthetic inertia +15MW & ramp utility interconnect spinning reserve.
49.866,-0.1803,0.9976,111.52,98.9,12.62,80.3,14.81,19.09,65.6,7.07,30.1,21.36,8.0,DATACENTER_SPIKE,13.4,AI_DATACENTER,AI cluster compute power cap & BESS localized peak shaving.
49.977,-0.0493,0.998,113.21,108.54,4.68,81.31,31.59,11.95,61.8,6.94,29.18,23.24,8.0,DATACENTER_SPIKE,10.9,AI_DATACENTER,AI cluster compute power cap & BESS localized peak shaving.
49.914,-0.1341,0.9957,111.58,102.2,9.38,79.82,26.94,10.25,66.0,6.52,41.34,10.36,8.0,INDUSTRIAL_INRUSH,12.3,INDUSTRIAL,Activate STATCOM reactive voltage support & engage interruptible tariff shedding.
49.896,-0.1634,0.9957,100.25,86.4,13.86,71.89,3.9,17.5,77.8,6.39,30.99,9.85,8.0,SOLAR_DROP,6.2,SOLAR_FARM,Inject BESS synthetic inertia +15MW & ramp utility interconnect spinning reserve.
49.931,-0.1746,1.0006,122.79,112.32,10.47,87.69,32.99,14.33,62.9,28.85,30.07,9.64,8.0,EV_SURGE,20.1,EV_PLAZA,Dispatch BESS +18MW & Throttle EV Plaza chargers by 25%. Hospital locked immune.
50.049,0.1073,0.9981,100.15,104.96,-4.81,71.12,29.67,10.29,63.5,6.98,29.05,10.57,8.0,NOMINAL,5.0,NONE,Nominal operating envelope. Spinning reserves active.
49.934,-0.082,0.9968,98.65,92.56,6.09,69.95,18.75,8.81,62.4,7.03,30.17,10.15,8.0,WIND_STALL,5.0,WIND_FARM,Command turbine blade pitch compensation & AGC governor reserve ramp.
49.854,-0.243,0.9953,100.01,84.02,16.0,70.64,9.19,9.83,56.9,6.37,30.07,10.79,8.0,WIND_STALL,7.8,WIND_FARM,Command turbine blade pitch compensation & AGC governor reserve ramp.
49.851,-0.2403,0.9972,117.93,99.75,18.18,85.33,16.73,18.03,76.8,6.85,47.42,10.45,8.0,INDUSTRIAL_INRUSH,21.1,INDUSTRIAL,Activate STATCOM reactive voltage support & engage interruptible tariff shedding.
49.893,-0.2699,0.9958,99.22,81.69,17.53,71.69,0.98,15.7,48.2,7.76,29.75,9.58,8.0,NOMINAL,5.0,NONE,Nominal operating envelope. Spinning reserves active.
50.017,0.0702,1.0089,115.42,119.3,-3.88,82.84,34.84,19.45,82.4,21.6,29.55,10.13,8.0,EV_SURGE,11.0,EV_PLAZA,Dispatch BESS +18MW & Throttle EV Plaza chargers by 25%. Hospital locked immune.
50.177,0.2433,1.0079,100.81,112.43,-11.61,72.68,33.02,14.41,83.9,7.01,30.62,10.37,8.0,NOMINAL,5.0,NONE,Nominal operating envelope. Spinning reserves active.
49.915,-0.17,0.9966,98.92,89.25,9.68,70.88,14.0,10.25,41.8,6.86,29.57,10.16,8.0,SOLAR_DROP,5.0,SOLAR_FARM,Inject BESS synthetic inertia +15MW & ramp utility interconnect spinning reserve.
50.004,-0.0015,1.0073,99.82,99.79,0.03,71.65,16.84,17.95,67.9,7.13,31.34,9.53,8.0,NOMINAL,5.0,NONE,Nominal operating envelope. Spinning reserves active.
49.92,-0.1432,0.9965,110.68,101.43,9.25,79.65,25.41,11.02,41.2,7.57,39.53,10.05,8.0,INDUSTRIAL_INRUSH,11.3,INDUSTRIAL,Activate STATCOM reactive voltage support & engage interruptible tariff shedding.
49.735,-0.6325,0.9969,112.38,82.61,29.77,80.65,1.53,16.08,58.9,7.26,42.45,9.67,8.0,INDUSTRIAL_INRUSH,18.6,INDUSTRIAL,Activate STATCOM reactive voltage support & engage interruptible tariff shedding.
49.946,-0.1315,1.0001,111.65,103.53,8.12,79.69,28.52,10.01,81.8,7.42,28.63,21.64,8.0,DATACENTER_SPIKE,8.4,AI_DATACENTER,AI cluster compute power cap & BESS localized peak shaving.
50.151,0.1486,1.006,98.7,102.45,-3.75,70.06,27.31,10.14,34.2,6.73,29.45,9.71,8.0,BESS_OUTAGE,25.0,BESS_STATION,Emergency demand-response load curtailment. Fast-trip substation feeder protection armed.
49.843,-0.1611,0.999,100.21,88.36,11.85,71.22,13.09,10.27,77.4,7.2,30.27,10.04,8.0,SOLAR_DROP,5.9,SOLAR_FARM,Inject BESS synthetic inertia +15MW & ramp utility interconnect spinning reserve.
49.89,-0.1922,0.9962,100.54,86.19,14.35,72.2,11.02,10.16,66.5,7.4,30.69,9.89,8.0,SOLAR_DROP,6.0,SOLAR_FARM,Inject BESS synthetic inertia +15MW & ramp utility interconnect spinning reserve.
49.867,-0.2438,0.9965,99.84,81.02,18.81,71.04,0.39,15.63,82.1,7.33,28.99,10.22,8.0,SOLAR_DROP,6.6,SOLAR_FARM,Inject BESS synthetic inertia +15MW & ramp utility interconnect spinning reserve.
49.876,-0.1677,0.9993,102.02,89.52,12.5,73.16,9.03,15.49,62.6,7.31,29.91,10.25,8.0,SOLAR_DROP,5.0,SOLAR_FARM,Inject BESS synthetic inertia +15MW & ramp utility interconnect spinning reserve.
50.047,0.0781,0.9984,98.76,100.46,-1.7,70.84,19.71,15.75,75.6,7.06,28.46,10.83,8.0,NOMINAL,5.0,NONE,Nominal operating envelope. Spinning reserves active.
50.164,0.2309,1.0086,99.98,114.35,-14.37,70.82,33.6,15.75,47.4,6.47,29.35,10.24,8.0,NOMINAL,5.0,NONE,Nominal operating envelope. Spinning reserves active.
50.059,0.0832,1.0035,101.33,102.92,-1.6,72.04,27.9,10.02,48.8,7.34,30.7,10.19,8.0,NOMINAL,5.0,NONE,Nominal operating envelope. Spinning reserves active.
50.191,0.377,1.0017,99.75,116.86,-17.1,71.47,34.27,17.59,69.1,7.03,29.74,9.71,8.0,NOMINAL,5.0,NONE,Nominal operating envelope. Spinning reserves active.
50.08,0.1451,1.0021,99.82,105.01,-5.19,70.61,32.65,7.37,50.2,6.42,29.76,9.72,8.0,WIND_STALL,5.0,WIND_FARM,Command turbine blade pitch compensation & AGC governor reserve ramp.
50.07,0.1491,0.9976,99.21,105.14,-5.93,70.68,32.78,7.36,63.7,7.08,28.4,9.84,8.0,WIND_STALL,5.0,WIND_FARM,Command turbine blade pitch compensation & AGC governor reserve ramp.
49.867,-0.2496,0.9963,117.33,100.93,16.4,84.97,23.47,12.45,49.9,25.61,29.54,10.19,8.0,EV_SURGE,20.7,EV_PLAZA,Dispatch BESS +18MW & Throttle EV Plaza chargers by 25%. Hospital locked immune.
50.156,0.2798,1.0046,98.09,110.67,-12.57,69.99,34.98,10.68,43.1,6.87,28.94,9.95,8.0,WIND_STALL,5.0,WIND_FARM,Command turbine blade pitch compensation & AGC governor reserve ramp.
49.84,-0.3531,0.9955,117.43,95.75,21.68,84.22,10.75,20.0,55.6,27.38,28.04,9.17,8.0,EV_SURGE,21.0,EV_PLAZA,Dispatch BESS +18MW & Throttle EV Plaza chargers by 25%. Hospital locked immune.
50.064,0.1253,1.0054,114.43,116.42,-1.99,81.74,34.15,17.26,81.8,20.91,29.94,9.84,8.0,EV_SURGE,9.4,EV_PLAZA,Dispatch BESS +18MW & Throttle EV Plaza chargers by 25%. Hospital locked immune.
49.895,-0.1745,0.9979,100.92,85.16,15.77,71.76,3.05,17.11,81.5,6.66,31.66,9.68,8.0,NOMINAL,5.0,NONE,Nominal operating envelope. Spinning reserves active.
49.935,-0.0662,1.0003,103.08,98.25,4.83,72.91,13.74,19.51,56.9,6.93,31.87,9.66,8.0,NOMINAL,5.0,NONE,Nominal operating envelope. Spinning reserves active.
50.001,-0.0542,0.9975,103.75,100.57,3.18,73.77,20.54,15.03,44.4,7.45,30.75,10.29,8.0,NOMINAL,5.0,NONE,Nominal operating envelope. Spinning reserves active.
49.847,-0.2554,0.9941,114.94,100.4,14.55,81.64,19.3,16.1,61.8,20.91,29.97,10.4,8.0,EV_SURGE,18.1,EV_PLAZA,Dispatch BESS +18MW & Throttle EV Plaza chargers by 25%. Hospital locked immune.
49.881,-0.2732,0.9933,118.29,100.89,17.39,84.71,23.26,12.64,49.0,7.35,46.92,9.92,8.0,INDUSTRIAL_INRUSH,21.8,INDUSTRIAL,Activate STATCOM reactive voltage support & engage interruptible tariff shedding.
50.243,0.3986,1.0053,98.74,113.82,-15.08,70.51,33.45,15.38,78.9,7.09,29.24,9.88,8.0,NOMINAL,5.0,NONE,Nominal operating envelope. Spinning reserves active.
49.943,-0.0654,1.0003,118.96,114.48,4.48,85.35,33.64,15.85,48.6,6.68,48.22,9.96,8.0,INDUSTRIAL_INRUSH,16.4,INDUSTRIAL,Activate STATCOM reactive voltage support & engage interruptible tariff shedding.
49.979,-0.0542,0.9973,96.48,95.68,0.8,68.58,14.9,15.77,68.6,7.19,28.48,9.47,8.0,SOLAR_DROP,5.0,SOLAR_FARM,Inject BESS synthetic inertia +15MW & ramp utility interconnect spinning reserve.
50.018,0.0662,1.0029,99.61,102.47,-2.86,71.36,27.34,10.13,81.9,7.05,29.49,10.69,8.0,NOMINAL,5.0,NONE,Nominal operating envelope. Spinning reserves active.
50.028,0.0319,1.0022,117.93,118.7,-0.76,85.14,34.71,18.99,61.4,23.91,30.02,10.04,8.0,EV_SURGE,14.2,EV_PLAZA,Dispatch BESS +18MW & Throttle EV Plaza chargers by 25%. Hospital locked immune.
49.903,-0.1526,1.0011,98.81,87.13,11.67,70.53,2.63,19.51,49.6,7.08,30.03,9.22,8.0,SOLAR_DROP,5.0,SOLAR_FARM,Inject BESS synthetic inertia +15MW & ramp utility interconnect spinning reserve.
50.234,0.4216,1.0024,101.17,117.02,-15.85,72.14,34.31,17.71,76.6,7.01,31.1,10.31,8.0,NOMINAL,5.0,NONE,Nominal operating envelope. Spinning reserves active.
49.854,-0.3508,0.9947,101.2,80.86,20.34,72.12,6.52,9.34,51.1,7.0,30.24,10.37,8.0,WIND_STALL,8.2,WIND_FARM,Command turbine blade pitch compensation & AGC governor reserve ramp.
49.723,-0.4544,0.9899,114.63,85.04,29.59,82.96,2.97,17.06,81.0,7.01,45.65,10.11,8.0,INDUSTRIAL_INRUSH,26.7,INDUSTRIAL,Activate STATCOM reactive voltage support & engage interruptible tariff shedding.
50.044,0.0607,1.0041,101.02,103.88,-2.85,72.4,32.11,6.77,79.1,6.9,30.98,9.41,8.0,WIND_STALL,5.0,WIND_FARM,Command turbine blade pitch compensation & AGC governor reserve ramp.
49.976,-0.0574,0.997,99.92,95.56,4.36,72.07,10.56,20.0,63.8,6.23,31.21,9.64,8.0,NOMINAL,5.0,NONE,Nominal operating envelope. Spinning reserves active.
50.109,0.1155,1.0033,99.68,107.08,-7.41,70.33,33.94,8.14,68.7,7.41,29.83,9.59,8.0,WIND_STALL,5.0,WIND_FARM,Command turbine blade pitch compensation & AGC governor reserve ramp.
49.874,-0.2165,0.995,116.58,100.67,15.91,83.79,21.42,14.24,41.6,23.02,30.53,9.51,8.0,EV_SURGE,19.6,EV_PLAZA,Dispatch BESS +18MW & Throttle EV Plaza chargers by 25%. Hospital locked immune.
49.867,-0.2387,0.9867,100.17,83.38,16.79,71.6,1.98,16.4,84.9,6.56,30.25,9.64,8.0,NOMINAL,5.0,NONE,Nominal operating envelope. Spinning reserves active.
49.992,-0.0683,0.9999,109.01,104.45,4.56,78.18,29.3,10.15,58.7,6.78,28.94,19.54,8.0,DATACENTER_SPIKE,5.0,AI_DATACENTER,AI cluster compute power cap & BESS localized peak shaving.
50.042,0.1049,1.0011,100.4,104.53,-4.13,72.44,29.36,10.17,84.9,7.19,29.22,10.81,8.0,NOMINAL,5.0,NONE,Nominal operating envelope. Spinning reserves active.
49.984,-0.0562,1.0003,101.35,97.3,4.04,71.78,12.46,19.85,47.4,7.17,30.93,8.98,8.0,NOMINAL,5.0,NONE,Nominal operating envelope. Spinning reserves active.
50.185,0.4271,1.0071,99.16,114.47,-15.31,70.39,33.63,15.84,41.4,7.09,28.82,10.03,8.0,NOMINAL,5.0,NONE,Nominal operating envelope. Spinning reserves active.
50.07,0.088,1.0016,100.63,101.89,-1.25,72.04,26.42,10.47,73.4,7.12,30.02,10.17,8.0,NOMINAL,5.0,NONE,Nominal operating envelope. Spinning reserves active.
49.807,-0.256,0.9905,100.64,75.15,25.49,70.87,1.67,8.48,68.3,7.1,30.88,9.75,8.0,WIND_STALL,12.4,WIND_FARM,Command turbine blade pitch compensation & AGC governor reserve ramp.
50.281,0.3659,1.0122,97.54,119.37,-21.83,69.89,34.86,19.51,46.1,6.65,28.43,9.73,8.0,NOMINAL,5.0,NONE,Nominal operating envelope. Spinning reserves active.
50.271,0.4657,1.0066,100.76,119.99,-19.24,72.58,35.0,20.0,66.4,6.98,31.01,10.17,8.0,NOMINAL,5.0,NONE,Nominal operating envelope. Spinning reserves active.
49.835,-0.2512,0.9892,116.17,97.43,18.75,82.93,12.61,19.82,74.6,23.64,29.78,9.73,8.0,EV_SURGE,23.3,EV_PLAZA,Dispatch BESS +18MW & Throttle EV Plaza chargers by 25%. Hospital locked immune.
49.834,-0.1995,0.9924,102.01,81.49,20.52,72.16,5.77,10.72,40.7,7.12,31.21,10.46,8.0,SOLAR_DROP,10.3,SOLAR_FARM,Inject BESS synthetic inertia +15MW & ramp utility interconnect spinning reserve.
49.904,-0.1432,0.9952,111.07,100.02,11.05,80.51,17.56,17.45,48.3,6.69,40.14,10.25,8.0,INDUSTRIAL_INRUSH,13.9,INDUSTRIAL,Activate STATCOM reactive voltage support & engage interruptible tariff shedding.
50.039,0.0771,1.0041,115.33,118.97,-3.64,83.36,34.77,19.2,74.3,22.79,29.25,9.78,8.0,EV_SURGE,11.7,EV_PLAZA,Dispatch BESS +18MW & Throttle EV Plaza chargers by 25%. Hospital locked immune.
49.913,-0.2025,0.9983,120.51,106.52,14.0,85.57,30.61,10.9,77.6,25.82,31.6,10.2,8.0,EV_SURGE,18.8,EV_PLAZA,Dispatch BESS +18MW & Throttle EV Plaza chargers by 25%. Hospital locked immune.
50.04,0.0633,1.0041,100.26,103.97,-3.71,71.37,28.92,10.06,44.6,7.12,29.86,10.57,8.0,NOMINAL,5.0,NONE,Nominal operating envelope. Spinning reserves active.
49.88,-0.2644,0.9954,116.72,100.42,16.3,83.68,19.43,15.99,79.1,22.61,29.59,10.62,8.0,EV_SURGE,19.0,EV_PLAZA,Dispatch BESS +18MW & Throttle EV Plaza chargers by 25%. Hospital locked immune.
49.759,-0.5913,0.9931,117.33,88.87,28.46,83.85,5.38,18.49,73.0,7.2,46.79,10.37,8.0,INDUSTRIAL_INRUSH,24.7,INDUSTRIAL,Activate STATCOM reactive voltage support & engage interruptible tariff shedding.
50.007,-0.001,0.9959,118.21,118.18,0.03,84.53,34.59,18.59,66.8,23.56,30.81,10.36,8.0,EV_SURGE,15.9,EV_PLAZA,Dispatch BESS +18MW & Throttle EV Plaza chargers by 25%. Hospital locked immune.
49.923,-0.1312,0.9997,115.59,105.43,10.16,82.72,29.98,10.45,79.3,7.03,43.32,10.27,8.0,INDUSTRIAL_INRUSH,13.5,INDUSTRIAL,Activate STATCOM reactive voltage support & engage interruptible tariff shedding.
50.044,0.0895,0.9998,114.51,119.98,-5.47,82.54,34.99,19.98,61.4,6.95,45.23,9.63,8.0,INDUSTRIAL_INRUSH,10.7,INDUSTRIAL,Activate STATCOM reactive voltage support & engage interruptible tariff shedding.
50.031,0.0246,1.0001,101.29,101.79,-0.5,72.18,26.24,10.55,62.9,6.79,30.77,9.98,8.0,NOMINAL,5.0,NONE,Nominal operating envelope. Spinning reserves active.
50.014,0.075,1.0034,98.2,101.41,-3.21,69.89,25.37,11.05,69.9,7.25,29.46,9.65,8.0,NOMINAL,5.0,NONE,Nominal operating envelope. Spinning reserves active.
49.949,-0.0646,0.9966,101.28,96.55,4.73,73.02,26.27,5.28,63.7,6.72,29.81,9.98,8.0,WIND_STALL,5.0,WIND_FARM,Command turbine blade pitch compensation & AGC governor reserve ramp.
49.829,-0.31,0.997,100.11,74.8,25.31,71.94,0.74,9.07,41.1,6.74,30.76,10.49,8.0,WIND_STALL,7.6,WIND_FARM,Command turbine blade pitch compensation & AGC governor reserve ramp.
49.924,-0.1682,0.9951,99.75,87.48,12.27,70.88,9.61,12.87,48.0,6.96,29.93,9.42,8.0,SOLAR_DROP,5.6,SOLAR_FARM,Inject BESS synthetic inertia +15MW & ramp utility interconnect spinning reserve.
50.2,0.2209,1.0071,98.1,112.0,-13.91,69.44,32.88,14.12,52.4,7.16,28.38,10.24,8.0,NOMINAL,5.0,NONE,Nominal operating envelope. Spinning reserves active.
50.03,0.0644,1.0014,116.56,117.62,-1.07,84.71,34.45,18.17,45.2,6.94,45.76,10.13,8.0,INDUSTRIAL_INRUSH,13.6,INDUSTRIAL,Activate STATCOM reactive voltage support & engage interruptible tariff shedding.
49.811,-0.3139,0.9982,119.76,98.93,20.83,86.38,14.87,19.06,58.6,27.57,29.94,9.75,8.0,EV_SURGE,23.4,EV_PLAZA,Dispatch BESS +18MW & Throttle EV Plaza chargers by 25%. Hospital locked immune.
49.898,-0.1467,0.9996,112.63,100.27,12.37,81.2,18.59,16.68,79.6,7.03,42.98,10.18,8.0,INDUSTRIAL_INRUSH,12.3,INDUSTRIAL,Activate STATCOM reactive voltage support & engage interruptible tariff shedding.
50.041,0.0664,1.0034,100.13,103.97,-3.84,70.38,31.73,7.23,63.6,7.43,29.88,9.5,8.0,WIND_STALL,5.0,WIND_FARM,Command turbine blade pitch compensation & AGC governor reserve ramp.
49.92,-0.1937,0.998,114.27,101.58,12.69,82.1,25.8,10.79,48.1,6.73,45.54,9.5,8.0,INDUSTRIAL_INRUSH,13.8,INDUSTRIAL,Activate STATCOM reactive voltage support & engage interruptible tariff shedding.
49.868,-0.1658,0.9948,97.46,81.99,15.46,69.07,4.81,12.18,63.3,6.82,27.6,9.74,8.0,SOLAR_DROP,7.6,SOLAR_FARM,Inject BESS synthetic inertia +15MW & ramp utility interconnect spinning reserve.
49.904,-0.1587,0.9965,111.15,101.3,9.84,78.87,25.05,11.26,44.1,6.8,30.59,19.37,8.0,DATACENTER_SPIKE,10.8,AI_DATACENTER,AI cluster compute power cap & BESS localized peak shaving.
49.927,-0.0991,0.9987,109.91,100.55,9.35,78.86,20.42,15.13,60.9,6.95,29.06,19.53,8.0,DATACENTER_SPIKE,8.6,AI_DATACENTER,AI cluster compute power cap & BESS localized peak shaving.
50.061,0.0723,0.9959,100.94,104.74,-3.79,72.42,29.51,10.23,59.1,6.84,30.58,10.27,8.0,NOMINAL,5.0,NONE,Nominal operating envelope. Spinning reserves active.
50.239,0.3166,1.0034,98.89,117.86,-18.97,70.24,34.51,18.35,66.6,6.88,29.21,9.85,8.0,NOMINAL,5.0,NONE,Nominal operating envelope. Spinning reserves active.
49.854,-0.2599,1.0002,114.46,95.09,19.37,81.97,10.12,19.97,70.4,6.74,44.8,10.8,8.0,INDUSTRIAL_INRUSH,14.6,INDUSTRIAL,Activate STATCOM reactive voltage support & engage interruptible tariff shedding.
49.957,-0.1063,0.9966,119.64,111.33,8.31,86.36,32.66,13.67,47.5,7.32,48.35,10.56,8.0,INDUSTRIAL_INRUSH,19.4,INDUSTRIAL,Activate STATCOM reactive voltage support & engage interruptible tariff shedding.
49.948,-0.0753,0.9928,99.13,94.55,4.58,70.54,12.37,17.17,58.5,6.96,29.38,10.16,8.0,SOLAR_DROP,6.2,SOLAR_FARM,Inject BESS synthetic inertia +15MW & ramp utility interconnect spinning reserve.
49.445,-0.7754,0.9767,118.37,81.1,37.27,84.91,0.64,15.46,59.8,25.03,31.5,9.59,8.0,EV_SURGE,47.0,EV_PLAZA,Dispatch BESS +18MW & Throttle EV Plaza chargers by 25%. Hospital locked immune.
50.079,0.1556,1.0015,111.36,118.76,-7.39,79.64,34.72,19.03,70.0,6.68,43.04,9.33,8.0,INDUSTRIAL_INRUSH,6.5,INDUSTRIAL,Activate STATCOM reactive voltage support & engage interruptible tariff shedding.
49.695,-0.3816,0.9926,116.49,87.25,29.24,83.74,4.34,17.91,58.9,23.31,30.08,10.6,8.0,EV_SURGE,27.1,EV_PLAZA,Dispatch BESS +18MW & Throttle EV Plaza chargers by 25%. Hospital locked immune.
50.223,0.3281,1.0144,99.65,106.03,-6.37,71.93,30.34,10.69,21.7,6.8,28.82,9.55,8.0,BESS_OUTAGE,25.0,BESS_STATION,Emergency demand-response load curtailment. Fast-trip substation feeder protection armed.
50.038,0.0718,1.0039,113.36,114.44,-1.08,81.09,33.62,15.82,77.6,20.03,29.59,10.16,8.0,EV_SURGE,8.5,EV_PLAZA,Dispatch BESS +18MW & Throttle EV Plaza chargers by 25%. Hospital locked immune.
50.659,0.9383,1.0256,97.97,117.26,-19.29,70.0,34.37,17.9,24.6,7.01,29.39,9.39,8.0,BESS_OUTAGE,25.0,BESS_STATION,Emergency demand-response load curtailment. Fast-trip substation feeder protection armed.
50.033,0.0761,1.0066,113.23,117.74,-4.51,80.92,34.48,18.26,64.0,19.82,30.03,10.51,8.0,EV_SURGE,8.3,EV_PLAZA,Dispatch BESS +18MW & Throttle EV Plaza chargers by 25%. Hospital locked immune.
50.045,0.0615,1.0054,99.95,102.99,-3.04,71.04,27.97,10.02,61.1,6.53,31.9,9.23,8.0,NOMINAL,5.0,NONE,Nominal operating envelope. Spinning reserves active.
50.008,0.0276,1.0036,100.84,101.27,-0.44,71.98,24.96,11.32,74.2,7.35,30.28,9.58,8.0,NOMINAL,5.0,NONE,Nominal operating envelope. Spinning reserves active.
49.96,-0.0421,1.0017,98.74,94.53,4.21,69.94,9.57,19.96,67.7,7.04,28.82,9.78,8.0,SOLAR_DROP,5.0,SOLAR_FARM,Inject BESS synthetic inertia +15MW & ramp utility interconnect spinning reserve.
49.828,-0.3181,0.9966,100.32,80.96,19.36,71.09,0.24,15.71,81.8,7.46,29.92,10.4,8.0,SOLAR_DROP,7.8,SOLAR_FARM,Inject BESS synthetic inertia +15MW & ramp utility interconnect spinning reserve.
49.898,-0.1496,0.9957,97.85,87.27,10.58,69.32,4.35,17.92,41.2,7.37,29.11,10.15,8.0,NOMINAL,5.0,NONE,Nominal operating envelope. Spinning reserves active.
49.863,-0.1448,0.9962,117.89,103.3,14.59,84.96,28.3,10.0,63.8,26.8,29.38,9.88,8.0,EV_SURGE,20.9,EV_PLAZA,Dispatch BESS +18MW & Throttle EV Plaza chargers by 25%. Hospital locked immune.
50.07,0.0832,1.0026,113.0,116.96,-3.96,80.59,34.29,17.67,48.3,20.0,30.53,10.37,8.0,EV_SURGE,7.8,EV_PLAZA,Dispatch BESS +18MW & Throttle EV Plaza chargers by 25%. Hospital locked immune.
49.934,-0.2399,0.9945,101.39,85.97,15.42,72.66,1.31,19.66,44.1,7.14,30.33,9.84,8.0,SOLAR_DROP,5.6,SOLAR_FARM,Inject BESS synthetic inertia +15MW & ramp utility interconnect spinning reserve.
49.939,-0.1052,1.0033,98.13,90.6,7.53,70.22,6.63,18.97,73.3,6.74,30.05,10.2,8.0,SOLAR_DROP,5.0,SOLAR_FARM,Inject BESS synthetic inertia +15MW & ramp utility interconnect spinning reserve.
50.009,0.0631,1.0,99.43,100.49,-1.06,70.17,19.94,15.56,76.7,7.3,29.27,9.83,8.0,NOMINAL,5.0,NONE,Nominal operating envelope. Spinning reserves active.
50.062,0.0909,0.9993,99.4,101.36,-1.96,70.79,25.2,11.15,72.6,6.2,30.05,10.02,8.0,NOMINAL,5.0,NONE,Nominal operating envelope. Spinning reserves active.
50.095,0.1511,1.0032,100.78,106.38,-5.59,71.9,33.45,7.93,62.3,7.18,30.63,9.56,8.0,WIND_STALL,5.0,WIND_FARM,Command turbine blade pitch compensation & AGC governor reserve ramp.
49.799,-0.3151,0.993,118.42,94.26,24.16,85.1,9.38,19.89,47.1,24.25,30.15,9.88,8.0,EV_SURGE,25.2,EV_PLAZA,Dispatch BESS +18MW & Throttle EV Plaza chargers by 25%. Hospital locked immune.
50.056,0.097,1.0044,99.01,104.79,-5.79,71.17,29.55,10.24,63.3,6.93,28.56,9.83,8.0,NOMINAL,5.0,NONE,Nominal operating envelope. Spinning reserves active.
49.931,-0.1021,0.9981,98.95,93.04,5.92,70.8,10.81,17.22,83.5,6.92,29.24,10.74,8.0,SOLAR_DROP,5.0,SOLAR_FARM,Inject BESS synthetic inertia +15MW & ramp utility interconnect spinning reserve.
50.206,0.4202,1.01,101.65,108.21,-6.55,72.81,31.44,11.77,33.4,6.99,31.89,9.92,8.0,BESS_OUTAGE,25.0,BESS_STATION,Emergency demand-response load curtailment. Fast-trip substation feeder protection armed.
49.994,0.0614,0.9937,101.35,103.59,-2.24,72.31,28.58,10.01,45.8,7.33,29.94,10.5,8.0,NOMINAL,5.0,NONE,Nominal operating envelope. Spinning reserves active.
49.927,-0.1778,1.0003,113.63,101.08,12.56,81.1,24.21,11.86,84.1,7.22,44.73,9.97,8.0,INDUSTRIAL_INRUSH,11.0,INDUSTRIAL,Activate STATCOM reactive voltage support & engage interruptible tariff shedding.
49.988,-0.009,0.9967,101.76,101.55,0.21,72.37,25.71,10.84,78.1,6.89,31.76,9.87,8.0,NOMINAL,5.0,NONE,Nominal operating envelope. Spinning reserves active.
49.997,-0.0337,0.9964,99.12,96.24,2.88,70.53,11.25,19.99,69.0,6.96,29.61,9.86,8.0,NOMINAL,5.0,NONE,Nominal operating envelope. Spinning reserves active.
49.884,-0.1653,0.9902,99.52,87.79,11.73,70.07,3.07,19.72,44.5,6.9,31.03,9.71,8.0,SOLAR_DROP,10.0,SOLAR_FARM,Inject BESS synthetic inertia +15MW & ramp utility interconnect spinning reserve.
50.041,0.0111,0.9997,100.06,100.33,-0.27,71.1,30.53,4.8,79.3,7.14,30.5,9.68,8.0,WIND_STALL,5.0,WIND_FARM,Command turbine blade pitch compensation & AGC governor reserve ramp.
49.851,-0.271,0.9929,101.35,83.21,18.13,72.98,1.88,16.33,74.5,6.73,32.05,10.14,8.0,NOMINAL,5.0,NONE,Nominal operating envelope. Spinning reserves active.
49.988,-0.037,1.003,101.2,100.67,0.54,72.05,21.42,14.24,58.1,6.92,29.94,9.89,8.0,NOMINAL,5.0,NONE,Nominal operating envelope. Spinning reserves active.
49.955,-0.0924,0.9965,99.95,93.0,6.95,71.11,22.65,5.35,51.4,6.82,30.17,10.03,8.0,WIND_STALL,5.0,WIND_FARM,Command turbine blade pitch compensation & AGC governor reserve ramp.
49.76,-0.4578,0.9888,114.22,87.0,27.23,82.02,4.18,17.82,42.0,7.09,43.36,9.64,8.0,INDUSTRIAL_INRUSH,24.8,INDUSTRIAL,Activate STATCOM reactive voltage support & engage interruptible tariff shedding.
50.031,0.1034,1.005,98.77,102.52,-3.76,70.12,27.41,10.11,54.8,7.08,28.26,9.68,8.0,NOMINAL,5.0,NONE,Nominal operating envelope. Spinning reserves active.
49.998,0.003,0.997,115.49,115.56,-0.07,83.38,33.93,16.63,68.7,22.25,30.66,10.58,8.0,EV_SURGE,13.7,EV_PLAZA,Dispatch BESS +18MW & Throttle EV Plaza chargers by 25%. Hospital locked immune.
50.09,0.1205,1.0026,109.64,115.68,-6.05,78.37,33.96,16.72,57.5,7.21,29.32,19.05,8.0,DATACENTER_SPIKE,5.0,AI_DATACENTER,AI cluster compute power cap & BESS localized peak shaving.
50.074,0.0711,1.0027,98.19,101.48,-3.29,70.11,25.55,10.93,72.2,6.68,29.27,10.25,8.0,NOMINAL,5.0,NONE,Nominal operating envelope. Spinning reserves active.
50.065,0.0956,1.0013,99.18,104.32,-5.14,70.63,29.19,10.12,53.9,6.9,29.87,9.45,8.0,NOMINAL,5.0,NONE,Nominal operating envelope. Spinning reserves active.
49.832,-0.2538,0.997,98.48,78.02,20.45,70.31,2.98,10.04,76.2,6.93,30.09,9.81,8.0,WIND_STALL,7.4,WIND_FARM,Command turbine blade pitch compensation & AGC governor reserve ramp.
50.004,0.0507,1.0033,97.45,99.78,-2.33,69.48,16.8,17.98,74.5,7.01,29.31,10.14,8.0,NOMINAL,5.0,NONE,Nominal operating envelope. Spinning reserves active.
50.052,0.1042,0.9933,99.75,105.25,-5.5,71.0,33.01,7.24,54.1,7.01,29.09,9.79,8.0,WIND_STALL,5.0,WIND_FARM,Command turbine blade pitch compensation & AGC governor reserve ramp.
49.911,-0.2196,0.9966,99.77,86.79,12.98,72.19,1.84,19.95,58.0,7.0,28.67,10.16,8.0,SOLAR_DROP,5.1,SOLAR_FARM,Inject BESS synthetic inertia +15MW & ramp utility interconnect spinning reserve.
50.197,0.2189,1.0043,101.24,114.3,-13.06,71.28,33.58,15.72,40.6,6.6,31.07,9.91,8.0,NOMINAL,5.0,NONE,Nominal operating envelope. Spinning reserves active.
49.358,-0.8605,0.9798,103.46,83.54,19.92,74.07,2.08,16.46,38.8,7.17,31.64,10.11,8.0,BESS_OUTAGE,59.0,BESS_STATION,Emergency demand-response load curtailment. Fast-trip substation feeder protection armed.
50.087,0.099,1.0017,100.06,104.16,-4.1,71.26,29.07,10.09,58.5,6.68,30.59,10.24,8.0,NOMINAL,5.0,NONE,Nominal operating envelope. Spinning reserves active.
50.11,0.1267,1.0041,99.9,108.04,-8.14,70.45,31.37,11.68,80.8,6.98,29.81,9.96,8.0,NOMINAL,5.0,NONE,Nominal operating envelope. Spinning reserves active.
49.983,-0.0609,0.9955,100.79,97.09,3.7,71.08,27.03,5.05,73.9,6.86,30.6,10.05,8.0,WIND_STALL,5.0,WIND_FARM,Command turbine blade pitch compensation & AGC governor reserve ramp.
49.814,-0.3207,0.9986,115.7,93.7,22.0,82.81,8.91,19.8,57.2,22.17,29.79,9.85,8.0,EV_SURGE,18.0,EV_PLAZA,Dispatch BESS +18MW & Throttle EV Plaza chargers by 25%. Hospital locked immune.
49.913,-0.2131,1.0036,110.48,97.83,12.64,80.59,13.14,19.69,41.9,6.66,29.42,20.77,8.0,DATACENTER_SPIKE,10.7,AI_DATACENTER,AI cluster compute power cap & BESS localized peak shaving.
49.835,-0.2586,0.9883,98.61,76.91,21.69,69.6,4.17,7.75,44.0,7.53,29.25,9.29,8.0,WIND_STALL,12.8,WIND_FARM,Command turbine blade pitch compensation & AGC governor reserve ramp.
50.106,0.1311,1.0055,96.17,102.92,-6.75,67.87,27.9,10.02,75.2,7.29,27.57,9.71,8.0,NOMINAL,5.0,NONE,Nominal operating envelope. Spinning reserves active.
49.993,-0.0128,1.0005,100.2,99.97,0.23,71.59,17.4,17.57,56.6,6.47,30.06,10.13,8.0,NOMINAL,5.0,NONE,Nominal operating envelope. Spinning reserves active.
49.83,-0.1732,0.9935,117.66,101.05,16.61,84.75,24.08,11.96,83.4,27.6,29.17,9.78,8.0,EV_SURGE,23.4,EV_PLAZA,Dispatch BESS +18MW & Throttle EV Plaza chargers by 25%. Hospital locked immune.
49.831,-0.2109,0.9914,100.4,82.94,17.46,71.83,7.59,10.36,78.8,7.04,30.87,10.3,8.0,SOLAR_DROP,11.0,SOLAR_FARM,Inject BESS synthetic inertia +15MW & ramp utility interconnect spinning reserve.
50.085,0.164,1.0071,98.0,106.07,-8.07,70.41,30.36,10.71,56.3,6.82,28.41,10.31,8.0,NOMINAL,5.0,NONE,Nominal operating envelope. Spinning reserves active.
49.93,-0.1227,0.9942,110.55,101.48,9.07,79.75,25.55,10.94,70.9,19.3,28.91,8.97,8.0,EV_SURGE,12.6,EV_PLAZA,Dispatch BESS +18MW & Throttle EV Plaza chargers by 25%. Hospital locked immune.
50.055,0.2012,1.0031,100.18,108.73,-8.56,71.09,31.67,12.06,57.4,7.01,29.57,10.28,8.0,NOMINAL,5.0,NONE,Nominal operating envelope. Spinning reserves active.
49.835,-0.2743,0.9957,121.97,100.36,21.61,88.24,19.07,16.29,61.3,28.7,30.76,9.59,8.0,EV_SURGE,26.7,EV_PLAZA,Dispatch BESS +18MW & Throttle EV Plaza chargers by 25%. Hospital locked immune.
49.948,-0.0533,0.9972,97.88,94.33,3.55,69.28,9.44,19.89,65.6,6.83,28.59,10.17,8.0,NOMINAL,5.0,NONE,Nominal operating envelope. Spinning reserves active.
49.819,-0.266,0.989,99.79,94.19,5.61,70.96,9.31,19.88,24.4,7.17,31.35,9.21,8.0,BESS_OUTAGE,37.9,BESS_STATION,Emergency demand-response load curtailment. Fast-trip substation feeder protection armed.
50.201,0.3238,1.0048,100.15,117.4,-17.26,71.42,34.4,18.0,66.7,6.83,30.08,10.25,8.0,NOMINAL,5.0,NONE,Nominal operating envelope. Spinning reserves active.
49.883,-0.1388,0.9976,100.68,87.83,12.84,70.78,3.96,18.88,58.8,6.79,30.23,10.52,8.0,SOLAR_DROP,5.4,SOLAR_FARM,Inject BESS synthetic inertia +15MW & ramp utility interconnect spinning reserve.
49.814,-0.4278,0.988,99.71,75.23,24.47,70.82,2.68,7.55,71.4,6.97,28.3,9.88,8.0,WIND_STALL,13.7,WIND_FARM,Command turbine blade pitch compensation & AGC governor reserve ramp.
49.889,-0.1553,1.0005,98.89,83.09,15.8,70.34,4.36,13.73,58.1,6.83,29.75,9.75,8.0,SOLAR_DROP,5.0,SOLAR_FARM,Inject BESS synthetic inertia +15MW & ramp utility interconnect spinning reserve.
49.962,-0.0892,0.9934,106.41,98.22,8.19,76.08,13.7,19.52,60.6,6.86,29.2,18.29,8.0,DATACENTER_SPIKE,6.9,AI_DATACENTER,AI cluster compute power cap & BESS localized peak shaving.
49.853,-0.2441,0.9986,100.43,78.71,21.72,71.6,3.98,9.74,47.1,7.3,30.04,10.01,8.0,WIND_STALL,5.8,WIND_FARM,Command turbine blade pitch compensation & AGC governor reserve ramp.
49.839,-0.2451,1.0018,115.13,98.23,16.9,82.39,13.71,19.52,65.8,23.01,29.51,10.11,8.0,EV_SURGE,15.7,EV_PLAZA,Dispatch BESS +18MW & Throttle EV Plaza chargers by 25%. Hospital locked immune.
49.935,-0.1172,1.0,117.5,109.48,8.03,85.24,31.97,12.5,77.7,25.48,28.95,9.86,8.0,EV_SURGE,16.5,EV_PLAZA,Dispatch BESS +18MW & Throttle EV Plaza chargers by 25%. Hospital locked immune.
49.985,-0.0484,0.9992,111.12,107.31,3.81,79.51,31.02,11.29,62.3,6.93,42.29,10.52,8.0,INDUSTRIAL_INRUSH,7.3,INDUSTRIAL,Activate STATCOM reactive voltage support & engage interruptible tariff shedding.
49.884,-0.2407,0.9942,112.08,97.01,15.07,79.68,12.11,19.9,69.2,19.69,28.66,10.27,8.0,EV_SURGE,14.0,EV_PLAZA,Dispatch BESS +18MW & Throttle EV Plaza chargers by 25%. Hospital locked immune.
49.824,-0.24,0.9909,98.81,93.48,5.33,70.46,8.72,19.76,30.1,6.95,29.09,10.42,8.0,BESS_OUTAGE,36.5,BESS_STATION,Emergency demand-response load curtailment. Fast-trip substation feeder protection armed.
50.032,0.0338,1.003,112.83,113.67,-0.84,81.17,33.4,15.27,66.0,6.96,31.14,22.87,8.0,DATACENTER_SPIKE,8.6,AI_DATACENTER,AI cluster compute power cap & BESS localized peak shaving.
49.888,-0.1499,0.9944,98.87,88.92,9.96,69.78,9.95,13.97,81.8,7.15,28.95,10.17,8.0,SOLAR_DROP,7.2,SOLAR_FARM,Inject BESS synthetic inertia +15MW & ramp utility interconnect spinning reserve.
50.043,0.0821,0.9984,99.85,103.4,-3.55,71.28,32.62,5.78,40.7,6.62,30.88,10.33,8.0,WIND_STALL,5.0,WIND_FARM,Command turbine blade pitch compensation & AGC governor reserve ramp.
49.954,-0.1344,1.0004,112.13,103.96,8.17,80.59,28.9,10.05,81.0,6.67,42.17,9.65,8.0,INDUSTRIAL_INRUSH,9.4,INDUSTRIAL,Activate STATCOM reactive voltage support & engage interruptible tariff shedding.
49.807,-0.3795,0.9979,115.56,90.58,24.98,83.3,6.54,19.04,63.2,21.21,30.24,10.49,8.0,EV_SURGE,19.4,EV_PLAZA,Dispatch BESS +18MW & Throttle EV Plaza chargers by 25%. Hospital locked immune.
49.916,-0.1062,0.9971,112.28,103.72,8.56,80.6,28.7,10.02,44.5,7.39,29.82,21.08,8.0,DATACENTER_SPIKE,12.4,AI_DATACENTER,AI cluster compute power cap & BESS localized peak shaving.
49.961,-0.0257,0.9985,113.1,112.65,0.45,81.1,33.09,14.56,68.7,19.99,27.58,10.26,8.0,EV_SURGE,10.8,EV_PLAZA,Dispatch BESS +18MW & Throttle EV Plaza chargers by 25%. Hospital locked immune.
49.88,-0.1943,0.9907,98.31,85.34,12.97,70.95,1.42,18.92,54.2,6.78,29.54,10.16,8.0,SOLAR_DROP,9.8,SOLAR_FARM,Inject BESS synthetic inertia +15MW & ramp utility interconnect spinning reserve.
49.919,-0.0846,0.9953,108.72,101.0,7.73,77.99,23.84,12.16,45.9,7.05,30.4,19.23,8.0,DATACENTER_SPIKE,9.9,AI_DATACENTER,AI cluster compute power cap & BESS localized peak shaving.
50.025,0.0479,1.0025,113.61,115.76,-2.15,81.45,33.98,16.77,43.2,6.94,30.21,23.23,8.0,DATACENTER_SPIKE,9.0,AI_DATACENTER,AI cluster compute power cap & BESS localized peak shaving.
49.814,-0.3347,0.9903,113.6,90.03,23.57,82.87,6.16,18.87,65.1,6.93,42.85,10.73,8.0,INDUSTRIAL_INRUSH,23.3,INDUSTRIAL,Activate STATCOM reactive voltage support & engage interruptible tariff shedding.
49.912,-0.1701,0.993,100.0,86.02,13.98,71.84,7.6,13.42,61.0,7.17,29.98,9.38,8.0,SOLAR_DROP,7.3,SOLAR_FARM,Inject BESS synthetic inertia +15MW & ramp utility interconnect spinning reserve.
50.006,0.0232,0.9998,100.22,100.61,-0.4,71.23,20.95,14.67,22.6,6.94,30.33,10.18,8.0,BESS_OUTAGE,25.1,BESS_STATION,Emergency demand-response load curtailment. Fast-trip substation feeder protection armed.
49.993,-0.0384,0.996,113.31,112.75,0.56,81.69,33.12,14.63,73.8,21.08,30.4,8.94,8.0,EV_SURGE,12.1,EV_PLAZA,Dispatch BESS +18MW & Throttle EV Plaza chargers by 25%. Hospital locked immune.
49.87,-0.312,0.9943,100.74,82.11,18.63,72.37,1.24,15.88,53.7,7.2,30.79,10.33,8.0,NOMINAL,5.0,NONE,Nominal operating envelope. Spinning reserves active.
50.054,0.0529,0.9978,97.32,100.52,-3.2,68.84,20.18,15.35,75.5,6.5,29.56,9.56,8.0,NOMINAL,5.0,NONE,Nominal operating envelope. Spinning reserves active.
49.872,-0.2238,0.9984,100.9,86.61,14.29,71.05,2.72,18.89,69.8,7.21,31.0,10.19,8.0,SOLAR_DROP,5.3,SOLAR_FARM,Inject BESS synthetic inertia +15MW & ramp utility interconnect spinning reserve.
50.023,0.0727,0.9987,101.86,103.17,-1.31,72.37,28.17,10.0,50.8,6.98,32.05,10.53,8.0,NOMINAL,5.0,NONE,Nominal operating envelope. Spinning reserves active.
50.05,0.1047,1.0002,100.91,102.44,-1.53,72.2,27.3,10.14,49.3,7.48,29.65,9.76,8.0,NOMINAL,5.0,NONE,Nominal operating envelope. Spinning reserves active.
49.867,-0.1841,0.9966,118.11,100.62,17.48,85.37,21.02,14.61,78.7,24.0,31.11,10.42,8.0,EV_SURGE,21.1,EV_PLAZA,Dispatch BESS +18MW & Throttle EV Plaza chargers by 25%. Hospital locked immune.
49.969,-0.0446,0.9996,118.54,115.69,2.85,86.24,33.97,16.72,79.5,26.82,28.76,10.15,8.0,EV_SURGE,17.0,EV_PLAZA,Dispatch BESS +18MW & Throttle EV Plaza chargers by 25%. Hospital locked immune.
49.916,-0.2066,0.9967,113.3,100.49,12.81,81.77,19.92,15.57,50.2,6.74,40.93,10.35,8.0,INDUSTRIAL_INRUSH,14.3,INDUSTRIAL,Activate STATCOM reactive voltage support & engage interruptible tariff shedding.
50.267,0.5331,1.003,97.26,117.39,-20.12,69.23,34.4,17.99,54.7,6.89,28.44,10.31,8.0,NOMINAL,5.0,NONE,Nominal operating envelope. Spinning reserves active.
49.515,-0.9175,0.989,116.99,82.34,34.65,84.23,1.37,15.97,56.2,23.18,30.47,9.83,8.0,EV_SURGE,35.9,EV_PLAZA,Dispatch BESS +18MW & Throttle EV Plaza chargers by 25%. Hospital locked immune.
49.808,-0.3286,0.9929,115.88,91.16,24.72,83.37,6.95,19.21,46.7,22.95,30.64,10.24,8.0,EV_SURGE,22.6,EV_PLAZA,Dispatch BESS +18MW & Throttle EV Plaza chargers by 25%. Hospital locked immune.
50.016,0.0083,1.0001,100.69,100.85,-0.16,71.53,22.97,12.88,60.4,7.3,29.38,10.04,8.0,NOMINAL,5.0,NONE,Nominal operating envelope. Spinning reserves active.
50.28,0.3798,1.0089,99.39,119.85,-20.47,70.77,34.97,19.88,82.5,7.2,29.57,9.83,8.0,NOMINAL,5.0,NONE,Nominal operating envelope. Spinning reserves active.
49.944,-0.0475,0.9979,98.93,94.8,4.13,71.41,9.85,19.95,54.8,7.11,29.03,9.97,8.0,NOMINAL,5.0,NONE,Nominal operating envelope. Spinning reserves active.
49.896,-0.1853,1.0016,109.16,93.64,15.52,77.86,8.85,19.79,67.0,7.24,39.47,9.17,8.0,INDUSTRIAL_INRUSH,7.5,INDUSTRIAL,Activate STATCOM reactive voltage support & engage interruptible tariff shedding.
49.909,-0.1745,0.9955,112.77,100.41,12.36,81.57,19.38,16.03,40.3,6.86,43.32,9.6,8.0,INDUSTRIAL_INRUSH,15.0,INDUSTRIAL,Activate STATCOM reactive voltage support & engage interruptible tariff shedding.
49.791,-0.3917,0.9895,116.14,88.41,27.72,83.31,5.08,18.33,83.3,21.17,30.22,9.95,8.0,EV_SURGE,25.1,EV_PLAZA,Dispatch BESS +18MW & Throttle EV Plaza chargers by 25%. Hospital locked immune.
49.92,-0.1482,1.0004,100.65,88.74,11.91,71.75,10.96,12.79,69.6,7.03,30.44,10.07,8.0,SOLAR_DROP,5.0,SOLAR_FARM,Inject BESS synthetic inertia +15MW & ramp utility interconnect spinning reserve.
50.379,0.7101,1.0203,103.34,115.07,-11.73,73.63,33.8,16.27,35.9,7.19,30.78,10.66,8.0,BESS_OUTAGE,25.0,BESS_STATION,Emergency demand-response load curtailment. Fast-trip substation feeder protection armed.
49.904,-0.1212,0.9907,99.98,87.73,12.25,70.5,10.47,12.26,70.1,6.33,30.71,10.04,8.0,SOLAR_DROP,9.1,SOLAR_FARM,Inject BESS synthetic inertia +15MW & ramp utility interconnect spinning reserve.
50.65,1.3151,1.0197,98.66,119.19,-20.53,69.76,34.82,19.37,24.1,6.98,31.02,9.76,8.0,BESS_OUTAGE,25.0,BESS_STATION,Emergency demand-response load curtailment. Fast-trip substation feeder protection armed.
50.137,0.1889,1.0038,102.6,113.7,-11.1,72.81,33.41,15.29,55.1,7.06,30.35,10.52,8.0,NOMINAL,5.0,NONE,Nominal operating envelope. Spinning reserves active.
49.834,-0.3812,0.9912,122.08,99.69,22.39,88.23,16.55,18.14,46.2,28.64,29.95,9.71,8.0,EV_SURGE,29.6,EV_PLAZA,Dispatch BESS +18MW & Throttle EV Plaza chargers by 25%. Hospital locked immune.
49.852,-0.2772,0.9905,118.1,100.64,17.46,84.67,21.19,14.45,72.8,23.86,29.69,10.7,8.0,EV_SURGE,24.4,EV_PLAZA,Dispatch BESS +18MW & Throttle EV Plaza chargers by 25%. Hospital locked immune.
49.923,-0.1117,1.0037,113.05,102.87,10.18,81.28,27.84,10.03,59.2,6.84,43.71,9.95,8.0,INDUSTRIAL_INRUSH,11.3,INDUSTRIAL,Activate STATCOM reactive voltage support & engage interruptible tariff shedding.
49.873,-0.1627,0.9983,100.39,87.04,13.35,71.86,2.18,19.86,44.3,7.47,30.13,10.03,8.0,SOLAR_DROP,5.3,SOLAR_FARM,Inject BESS synthetic inertia +15MW & ramp utility interconnect spinning reserve.
49.819,-0.438,0.998,120.2,92.91,27.29,86.95,8.26,19.65,41.1,28.35,30.34,10.02,8.0,EV_SURGE,24.0,EV_PLAZA,Dispatch BESS +18MW & Throttle EV Plaza chargers by 25%. Hospital locked immune.
49.933,-0.0393,1.0013,118.39,114.97,3.42,84.65,33.77,16.2,48.9,24.55,30.61,10.41,8.0,EV_SURGE,15.7,EV_PLAZA,Dispatch BESS +18MW & Throttle EV Plaza chargers by 25%. Hospital locked immune.
49.881,-0.2171,0.9906,111.66,99.09,12.57,79.89,15.17,18.92,59.8,7.35,39.63,9.89,8.0,INDUSTRIAL_INRUSH,16.7,INDUSTRIAL,Activate STATCOM reactive voltage support & engage interruptible tariff shedding.
49.978,-0.0259,0.9955,102.68,100.2,2.47,73.39,18.3,16.9,70.8,7.52,31.15,10.45,8.0,NOMINAL,5.0,NONE,Nominal operating envelope. Spinning reserves active.
49.832,-0.2073,0.9987,116.58,102.76,13.82,83.9,27.71,10.05,48.5,6.23,47.13,9.49,8.0,INDUSTRIAL_INRUSH,18.9,INDUSTRIAL,Activate STATCOM reactive voltage support & engage interruptible tariff shedding.
49.925,-0.1064,0.9947,110.18,103.96,6.22,79.17,28.91,10.05,42.2,6.63,39.79,9.98,8.0,INDUSTRIAL_INRUSH,11.7,INDUSTRIAL,Activate STATCOM reactive voltage support & engage interruptible tariff shedding.
49.984,-0.0402,1.0005,112.83,110.54,2.29,80.91,32.38,13.16,68.0,21.83,30.1,10.07,8.0,EV_SURGE,8.8,EV_PLAZA,Dispatch BESS +18MW & Throttle EV Plaza chargers by 25%. Hospital locked immune.
50.264,0.5023,1.0073,98.66,116.97,-18.31,70.54,34.29,17.68,67.8,6.87,30.2,9.86,8.0,NOMINAL,5.0,NONE,Nominal operating envelope. Spinning reserves active.
49.957,-0.0952,0.9928,97.72,95.99,1.73,69.61,14.74,16.25,76.3,6.95,29.94,9.76,8.0,SOLAR_DROP,5.9,SOLAR_FARM,Inject BESS synthetic inertia +15MW & ramp utility interconnect spinning reserve.
49.997,-0.0023,0.9992,118.07,118.03,0.04,84.85,34.55,18.48,51.4,6.76,47.9,9.99,8.0,INDUSTRIAL_INRUSH,14.4,INDUSTRIAL,Activate STATCOM reactive voltage support & engage interruptible tariff shedding.
50.021,0.0387,0.9986,99.06,99.8,-0.74,70.61,16.86,17.94,67.5,6.95,29.8,10.1,8.0,NOMINAL,5.0,NONE,Nominal operating envelope. Spinning reserves active.
50.426,0.573,1.0106,96.11,109.2,-13.09,68.91,31.87,12.34,33.2,6.67,27.52,9.82,8.0,BESS_OUTAGE,25.0,BESS_STATION,Emergency demand-response load curtailment. Fast-trip substation feeder protection armed.
49.798,-0.461,0.9911,112.33,86.05,26.29,80.72,3.59,17.46,64.3,7.6,28.07,23.87,8.0,DATACENTER_SPIKE,20.3,AI_DATACENTER,AI cluster compute power cap & BESS localized peak shaving.
49.939,-0.0763,0.9991,99.51,97.65,1.85,71.31,28.15,4.5,56.3,7.0,28.16,9.55,8.0,WIND_STALL,5.0,WIND_FARM,Command turbine blade pitch compensation & AGC governor reserve ramp.
50.129,0.2359,1.0035,108.43,119.77,-11.33,77.95,34.95,19.82,40.2,6.93,30.55,19.42,8.0,DATACENTER_SPIKE,5.0,AI_DATACENTER,AI cluster compute power cap & BESS localized peak shaving.
49.904,-0.1831,0.9989,113.03,101.04,11.99,81.1,24.04,12.0,84.7,21.0,30.49,10.13,8.0,EV_SURGE,12.4,EV_PLAZA,Dispatch BESS +18MW & Throttle EV Plaza chargers by 25%. Hospital locked immune.
49.578,-0.9123,0.9835,114.71,80.54,34.17,82.15,0.31,15.22,64.5,6.78,44.03,10.15,8.0,INDUSTRIAL_INRUSH,34.4,INDUSTRIAL,Activate STATCOM reactive voltage support & engage interruptible tariff shedding.
50.099,0.1804,1.002,99.94,107.01,-7.06,71.44,30.87,11.14,78.0,7.08,30.13,9.76,8.0,NOMINAL,5.0,NONE,Nominal operating envelope. Spinning reserves active.
49.919,-0.1619,0.9978,103.61,91.0,12.61,74.08,6.84,19.16,66.6,6.45,31.96,10.38,8.0,NOMINAL,5.0,NONE,Nominal operating envelope. Spinning reserves active.
49.927,-0.1106,0.9983,112.56,103.1,9.47,80.83,28.09,10.01,56.2,6.68,28.25,23.94,8.0,DATACENTER_SPIKE,11.6,AI_DATACENTER,AI cluster compute power cap & BESS localized peak shaving.
49.828,-0.3591,0.995,109.65,86.93,22.72,79.08,4.14,17.79,65.6,7.0,29.43,20.24,8.0,DATACENTER_SPIKE,14.5,AI_DATACENTER,AI cluster compute power cap & BESS localized peak shaving.
50.235,0.3502,1.0067,100.45,119.91,-19.45,71.6,34.98,19.93,42.0,7.21,29.57,10.01,8.0,NOMINAL,5.0,NONE,Nominal operating envelope. Spinning reserves active.
49.909,-0.11,1.0028,99.04,89.66,9.38,70.5,5.91,18.75,68.0,6.68,30.27,10.35,8.0,NOMINAL,5.0,NONE,Nominal operating envelope. Spinning reserves active.
49.933,-0.1478,1.0024,111.89,99.69,12.2,81.04,16.56,18.14,67.3,7.15,29.83,23.32,8.0,DATACENTER_SPIKE,10.7,AI_DATACENTER,AI cluster compute power cap & BESS localized peak shaving.
49.961,-0.1089,0.9966,112.32,105.28,7.04,81.04,29.88,10.4,46.1,7.17,41.67,10.95,8.0,INDUSTRIAL_INRUSH,11.9,INDUSTRIAL,Activate STATCOM reactive voltage support & engage interruptible tariff shedding.
49.97,-0.074,0.9998,111.89,106.91,4.97,80.91,30.82,11.09,80.0,7.14,42.52,9.25,8.0,INDUSTRIAL_INRUSH,9.4,INDUSTRIAL,Activate STATCOM reactive voltage support & engage interruptible tariff shedding.
50.076,0.093,0.9974,100.08,101.99,-1.91,71.37,31.54,5.44,40.4,7.23,29.64,10.46,8.0,WIND_STALL,5.0,WIND_FARM,Command turbine blade pitch compensation & AGC governor reserve ramp.
49.965,-0.0285,0.9964,102.73,100.45,2.28,72.92,19.66,15.79,57.4,6.69,31.34,10.91,8.0,NOMINAL,5.0,NONE,Nominal operating envelope. Spinning reserves active.
49.795,-0.2388,0.9938,121.86,97.58,24.28,87.47,12.81,19.77,45.2,27.51,30.88,9.83,8.0,EV_SURGE,28.2,EV_PLAZA,Dispatch BESS +18MW & Throttle EV Plaza chargers by 25%. Hospital locked immune.
50.017,0.0507,0.9945,98.0,98.88,-0.88,69.94,13.92,19.96,70.2,7.07,28.09,10.18,8.0,SOLAR_DROP,5.0,SOLAR_FARM,Inject BESS synthetic inertia +15MW & ramp utility interconnect spinning reserve.
50.174,0.3246,1.0028,99.61,112.37,-12.76,71.9,33.0,14.37,45.6,7.65,28.65,10.08,8.0,NOMINAL,5.0,NONE,Nominal operating envelope. Spinning reserves active.
50.22,0.3656,1.0032,99.71,118.26,-18.55,71.03,34.61,18.65,71.2,6.88,28.35,10.47,8.0,NOMINAL,5.0,NONE,Nominal operating envelope. Spinning reserves active.
49.921,-0.18,0.9923,109.86,98.15,11.71,78.26,13.6,19.56,76.3,7.44,40.38,9.61,8.0,INDUSTRIAL_INRUSH,12.0,INDUSTRIAL,Activate STATCOM reactive voltage support & engage interruptible tariff shedding.
49.963,-0.0333,0.9996,112.57,109.29,3.28,80.14,31.9,12.39,56.8,6.69,29.0,23.97,8.0,DATACENTER_SPIKE,8.7,AI_DATACENTER,AI cluster compute power cap & BESS localized peak shaving.
49.847,-0.2061,0.9981,99.91,85.03,14.88,72.06,10.34,9.69,72.7,7.43,29.08,10.72,8.0,WIND_STALL,6.3,WIND_FARM,Command turbine blade pitch compensation & AGC governor reserve ramp.
49.928,-0.1136,0.9956,108.96,102.24,6.73,78.63,27.01,10.23,79.3,6.79,30.69,19.69,8.0,DATACENTER_SPIKE,10.3,AI_DATACENTER,AI cluster compute power cap & BESS localized peak shaving.
49.803,-0.2235,0.9944,118.28,95.92,22.36,83.78,10.93,20.0,75.3,22.27,31.77,10.6,8.0,EV_SURGE,22.4,EV_PLAZA,Dispatch BESS +18MW & Throttle EV Plaza chargers by 25%. Hospital locked immune.
50.124,0.1794,1.0012,101.04,107.68,-6.65,72.74,34.05,8.63,84.3,7.09,30.56,10.37,8.0,WIND_STALL,5.0,WIND_FARM,Command turbine blade pitch compensation & AGC governor reserve ramp.
49.901,-0.184,0.9983,99.52,88.88,10.64,70.57,7.48,16.41,47.8,6.67,30.76,8.88,8.0,SOLAR_DROP,5.0,SOLAR_FARM,Inject BESS synthetic inertia +15MW & ramp utility interconnect spinning reserve.
49.815,-0.2279,0.9988,100.47,80.13,20.34,71.45,0.04,15.09,66.5,7.53,29.67,9.93,8.0,SOLAR_DROP,6.9,SOLAR_FARM,Inject BESS synthetic inertia +15MW & ramp utility interconnect spinning reserve.
50.053,0.0674,1.0025,114.57,117.78,-3.21,82.5,34.49,18.29,65.6,7.29,31.09,22.61,8.0,DATACENTER_SPIKE,10.5,AI_DATACENTER,AI cluster compute power cap & BESS localized peak shaving.
49.888,-0.1883,0.9974,110.67,92.21,18.47,79.55,7.72,19.48,74.6,6.36,40.63,9.51,8.0,INDUSTRIAL_INRUSH,11.7,INDUSTRIAL,Activate STATCOM reactive voltage support & engage interruptible tariff shedding.
49.948,-0.111,0.9939,112.43,103.46,8.97,79.87,28.46,10.0,52.1,7.08,41.51,9.91,8.0,INDUSTRIAL_INRUSH,12.3,INDUSTRIAL,Activate STATCOM reactive voltage support & engage interruptible tariff shedding.
50.089,0.0592,0.9943,99.64,102.07,-2.44,71.1,26.75,10.33,57.6,7.22,30.99,9.65,8.0,NOMINAL,5.0,NONE,Nominal operating envelope. Spinning reserves active.
50.279,0.4836,1.0069,100.53,108.89,-8.36,71.65,31.74,12.15,20.6,7.13,30.65,9.34,8.0,BESS_OUTAGE,25.0,BESS_STATION,Emergency demand-response load curtailment. Fast-trip substation feeder protection armed.
49.942,-0.0594,1.0004,101.39,100.48,0.91,72.03,19.85,15.63,30.2,7.37,30.23,9.1,8.0,BESS_OUTAGE,26.9,BESS_STATION,Emergency demand-response load curtailment. Fast-trip substation feeder protection armed.
50.063,0.1102,1.0034,98.48,100.65,-2.17,69.22,21.26,14.39,25.7,7.1,27.95,9.64,8.0,BESS_OUTAGE,25.0,BESS_STATION,Emergency demand-response load curtailment. Fast-trip substation feeder protection armed.
49.631,-0.6479,0.9877,118.91,87.15,31.75,86.18,4.28,17.88,74.8,25.81,31.2,9.76,8.0,EV_SURGE,35.6,EV_PLAZA,Dispatch BESS +18MW & Throttle EV Plaza chargers by 25%. Hospital locked immune.
49.896,-0.1146,0.9998,110.95,100.68,10.27,80.01,21.53,14.15,43.0,19.28,29.21,10.78,8.0,EV_SURGE,10.6,EV_PLAZA,Dispatch BESS +18MW & Throttle EV Plaza chargers by 25%. Hospital locked immune.
50.085,0.1354,1.0062,98.42,105.24,-6.82,70.55,29.85,10.39,47.9,7.27,28.55,9.49,8.0,NOMINAL,5.0,NONE,Nominal operating envelope. Spinning reserves active.
50.004,0.0476,1.0007,97.85,99.86,-2.01,69.64,17.03,17.82,71.0,7.43,28.07,9.99,8.0,NOMINAL,5.0,NONE,Nominal operating envelope. Spinning reserves active.
50.178,0.3076,1.0091,101.46,114.02,-12.57,73.04,33.5,15.52,77.0,6.69,31.19,10.07,8.0,NOMINAL,5.0,NONE,Nominal operating envelope. Spinning reserves active.
50.064,0.0635,0.9988,110.76,112.26,-1.5,79.54,32.97,14.29,59.4,6.94,30.71,19.95,8.0,DATACENTER_SPIKE,7.1,AI_DATACENTER,AI cluster compute power cap & BESS localized peak shaving.
49.99,-0.0073,1.002,100.42,100.31,0.11,71.79,18.81,16.5,72.2,7.73,30.38,9.96,8.0,NOMINAL,5.0,NONE,Nominal operating envelope. Spinning reserves active.
50.041,0.0627,1.0032,102.57,105.34,-2.77,73.25,29.92,10.42,84.5,6.84,31.33,10.33,8.0,NOMINAL,5.0,NONE,Nominal operating envelope. Spinning reserves active.
50.047,0.0797,1.0087,100.99,104.32,-3.33,72.67,29.2,10.12,73.7,7.2,29.71,10.31,8.0,NOMINAL,5.0,NONE,Nominal operating envelope. Spinning reserves active.
49.999,-0.0386,1.0018,102.41,99.76,2.64,73.67,16.76,18.01,72.8,6.94,32.1,10.19,8.0,NOMINAL,5.0,NONE,Nominal operating envelope. Spinning reserves active.
49.983,-0.0944,0.9992,109.74,103.83,5.91,78.7,28.8,10.04,55.5,7.54,29.25,19.83,8.0,DATACENTER_SPIKE,6.3,AI_DATACENTER,AI cluster compute power cap & BESS localized peak shaving.
49.955,-0.08,1.0043,101.31,93.96,7.35,71.98,9.12,19.84,60.0,7.06,31.49,10.18,8.0,NOMINAL,5.0,NONE,Nominal operating envelope. Spinning reserves active.
49.954,-0.0583,0.9991,118.73,117.71,1.03,85.68,34.47,18.23,55.8,25.14,30.01,10.39,8.0,EV_SURGE,17.1,EV_PLAZA,Dispatch BESS +18MW & Throttle EV Plaza chargers by 25%. Hospital locked immune.
49.85,-0.2849,1.0004,112.32,94.95,17.37,81.64,9.99,19.96,57.6,7.07,42.02,9.9,8.0,INDUSTRIAL_INRUSH,14.3,INDUSTRIAL,Activate STATCOM reactive voltage support & engage interruptible tariff shedding.
49.899,-0.2423,0.9925,100.13,86.02,14.11,71.21,10.81,10.21,80.6,6.98,30.4,10.3,8.0,WIND_STALL,8.1,WIND_FARM,Command turbine blade pitch compensation & AGC governor reserve ramp.
49.866,-0.2363,0.9923,113.41,97.8,15.62,81.54,13.09,19.7,51.6,6.49,30.84,23.25,8.0,DATACENTER_SPIKE,18.4,AI_DATACENTER,AI cluster compute power cap & BESS localized peak shaving.
50.038,0.0625,0.999,110.78,113.93,-3.15,79.81,33.48,15.45,64.0,7.35,42.81,9.11,8.0,INDUSTRIAL_INRUSH,7.3,INDUSTRIAL,Activate STATCOM reactive voltage support & engage interruptible tariff shedding.
50.08,0.1997,1.0,99.74,102.8,-3.06,69.95,27.75,10.05,24.0,6.51,29.01,9.93,8.0,BESS_OUTAGE,25.0,BESS_STATION,Emergency demand-response load curtailment. Fast-trip substation feeder protection armed.
50.11,0.1049,0.9979,114.03,119.81,-5.78,81.43,34.96,19.85,62.4,22.09,28.7,10.32,8.0,EV_SURGE,10.3,EV_PLAZA,Dispatch BESS +18MW & Throttle EV Plaza chargers by 25%. Hospital locked immune.
49.912,-0.181,0.9968,111.78,99.21,12.57,80.54,15.41,18.8,43.2,7.51,43.3,9.07,8.0,INDUSTRIAL_INRUSH,12.7,INDUSTRIAL,Activate STATCOM reactive voltage support & engage interruptible tariff shedding.
50.037,-0.0024,0.9974,113.03,112.99,0.04,80.28,33.2,14.79,62.5,7.33,44.37,9.51,8.0,INDUSTRIAL_INRUSH,9.0,INDUSTRIAL,Activate STATCOM reactive voltage support & engage interruptible tariff shedding.
49.82,-0.4462,0.9982,117.79,91.58,26.22,85.74,7.25,19.32,83.3,26.12,29.29,10.26,8.0,EV_SURGE,22.2,EV_PLAZA,Dispatch BESS +18MW & Throttle EV Plaza chargers by 25%. Hospital locked immune.
49.829,-0.3227,0.9924,113.4,88.28,25.12,81.76,5.0,18.28,58.0,19.5,29.03,10.99,8.0,EV_SURGE,19.9,EV_PLAZA,Dispatch BESS +18MW & Throttle EV Plaza chargers by 25%. Hospital locked immune.
50.114,0.1326,1.0033,99.1,107.32,-8.22,70.91,31.03,11.29,52.3,7.06,30.42,9.99,8.0,NOMINAL,5.0,NONE,Nominal operating envelope. Spinning reserves active.
50.087,0.1524,0.998,98.92,105.21,-6.29,70.75,29.83,10.38,41.2,7.0,29.15,9.38,8.0,NOMINAL,5.0,NONE,Nominal operating envelope. Spinning reserves active.
49.992,-0.0895,0.9973,121.13,115.99,5.14,87.33,34.04,16.95,78.0,26.57,30.66,9.15,8.0,EV_SURGE,19.2,EV_PLAZA,Dispatch BESS +18MW & Throttle EV Plaza chargers by 25%. Hospital locked immune.
49.872,-0.2031,0.9981,98.84,81.36,17.48,70.96,0.41,15.95,57.4,6.67,28.4,10.12,8.0,SOLAR_DROP,5.5,SOLAR_FARM,Inject BESS synthetic inertia +15MW & ramp utility interconnect spinning reserve.
49.951,-0.0656,1.0008,115.34,111.42,3.92,83.41,32.69,13.73,69.9,6.9,31.7,22.73,8.0,DATACENTER_SPIKE,13.4,AI_DATACENTER,AI cluster compute power cap & BESS localized peak shaving.
49.941,-0.102,0.9978,98.5,91.14,7.36,70.67,14.9,11.24,58.4,6.74,29.18,10.46,8.0,SOLAR_DROP,5.0,SOLAR_FARM,Inject BESS synthetic inertia +15MW & ramp utility interconnect spinning reserve.
49.878,-0.2289,0.9996,118.26,100.69,17.57,85.39,21.62,14.07,62.4,7.01,45.9,10.66,8.0,INDUSTRIAL_INRUSH,18.9,INDUSTRIAL,Activate STATCOM reactive voltage support & engage interruptible tariff shedding.
49.994,-0.0416,0.9963,113.71,110.85,2.86,81.92,32.49,13.36,48.2,6.72,29.56,24.58,8.0,DATACENTER_SPIKE,12.2,AI_DATACENTER,AI cluster compute power cap & BESS localized peak shaving.
49.854,-0.2854,1.0011,99.12,81.64,17.48,70.78,5.98,10.66,61.4,6.92,30.35,10.03,8.0,SOLAR_DROP,5.0,SOLAR_FARM,Inject BESS synthetic inertia +15MW & ramp utility interconnect spinning reserve.
50.029,0.0498,1.0017,102.47,105.4,-2.93,73.08,29.96,10.44,45.6,7.65,31.1,10.16,8.0,NOMINAL,5.0,NONE,Nominal operating envelope. Spinning reserves active.
49.876,-0.1597,0.9938,116.74,101.32,15.42,84.34,25.1,11.22,59.9,19.51,32.35,9.84,8.0,EV_SURGE,21.1,EV_PLAZA,Dispatch BESS +18MW & Throttle EV Plaza chargers by 25%. Hospital locked immune.
49.951,-0.0485,1.0048,109.71,106.53,3.18,78.52,30.62,10.91,66.2,6.98,31.05,19.6,8.0,DATACENTER_SPIKE,6.6,AI_DATACENTER,AI cluster compute power cap & BESS localized peak shaving.
50.568,1.1521,1.0187,99.15,116.75,-17.6,70.62,34.24,17.51,39.7,6.8,29.6,9.91,8.0,BESS_OUTAGE,25.0,BESS_STATION,Emergency demand-response load curtailment. Fast-trip substation feeder protection armed.
49.893,-0.0987,0.9971,121.61,119.65,1.96,87.67,34.92,19.73,40.1,28.09,29.8,10.23,8.0,EV_SURGE,23.1,EV_PLAZA,Dispatch BESS +18MW & Throttle EV Plaza chargers by 25%. Hospital locked immune.
50.112,0.1179,1.0023,99.85,106.42,-6.57,70.92,33.14,8.29,76.4,6.83,30.12,10.84,8.0,WIND_STALL,5.0,WIND_FARM,Command turbine blade pitch compensation & AGC governor reserve ramp.
49.922,-0.0996,0.9969,98.74,91.87,6.87,70.77,7.47,19.4,63.7,6.85,30.05,9.56,8.0,NOMINAL,5.0,NONE,Nominal operating envelope. Spinning reserves active.
50.015,0.0418,1.0,99.78,100.76,-0.98,72.16,22.23,13.52,47.1,6.6,30.08,9.64,8.0,NOMINAL,5.0,NONE,Nominal operating envelope. Spinning reserves active.
50.624,0.8692,1.0204,99.8,119.93,-20.13,70.94,34.98,19.94,37.0,6.82,29.34,9.77,8.0,BESS_OUTAGE,25.0,BESS_STATION,Emergency demand-response load curtailment. Fast-trip substation feeder protection armed.
50.002,-0.0064,0.9985,113.68,113.54,0.14,81.75,33.36,15.18,44.2,7.23,30.59,24.32,8.0,DATACENTER_SPIKE,10.4,AI_DATACENTER,AI cluster compute power cap & BESS localized peak shaving.
50.114,0.1728,1.0031,105.94,113.57,-7.62,75.5,33.37,15.19,63.5,6.76,29.18,17.59,8.0,DATACENTER_SPIKE,5.0,AI_DATACENTER,AI cluster compute power cap & BESS localized peak shaving.
50.089,0.1655,1.0003,101.23,107.36,-6.12,71.96,31.04,11.31,58.0,7.4,30.32,9.75,8.0,NOMINAL,5.0,NONE,Nominal operating envelope. Spinning reserves active.
50.026,0.0641,1.0021,115.63,116.68,-1.04,83.15,34.22,17.46,81.8,25.48,29.03,9.55,8.0,EV_SURGE,11.4,EV_PLAZA,Dispatch BESS +18MW & Throttle EV Plaza chargers by 25%. Hospital locked immune.
49.853,-0.249,0.994,97.7,82.98,14.72,68.99,5.36,12.62,59.6,6.76,28.17,9.88,8.0,SOLAR_DROP,8.7,SOLAR_FARM,Inject BESS synthetic inertia +15MW & ramp utility interconnect spinning reserve.
50.045,0.0882,1.0055,98.85,100.55,-1.7,70.73,20.37,15.18,78.2,6.48,29.63,9.75,8.0,NOMINAL,5.0,NONE,Nominal operating envelope. Spinning reserves active.
49.932,-0.0472,1.0021,110.41,106.68,3.73,79.5,30.7,10.98,75.1,7.08,28.95,20.9,8.0,DATACENTER_SPIKE,8.6,AI_DATACENTER,AI cluster compute power cap & BESS localized peak shaving.
49.874,-0.2446,0.9973,117.62,101.36,16.27,85.67,25.2,11.15,76.1,25.77,29.37,10.15,8.0,EV_SURGE,20.8,EV_PLAZA,Dispatch BESS +18MW & Throttle EV Plaza chargers by 25%. Hospital locked immune.
49.576,-0.5766,0.9828,120.64,87.33,33.31,86.22,4.39,17.94,77.1,28.14,30.77,10.04,8.0,EV_SURGE,40.6,EV_PLAZA,Dispatch BESS +18MW & Throttle EV Plaza chargers by 25%. Hospital locked immune.
49.925,-0.0739,0.993,111.56,104.04,7.52,81.02,28.97,10.07,69.8,7.35,39.14,10.49,8.0,INDUSTRIAL_INRUSH,15.3,INDUSTRIAL,Activate STATCOM reactive voltage support & engage interruptible tariff shedding.
49.972,-0.0732,0.9946,101.33,95.54,5.8,73.59,23.37,7.17,64.8,6.74,31.02,9.67,8.0,WIND_STALL,5.0,WIND_FARM,Command turbine blade pitch compensation & AGC governor reserve ramp.
49.926,-0.1368,0.9975,109.79,100.48,9.31,78.77,19.83,15.65,50.8,6.71,39.64,10.08,8.0,INDUSTRIAL_INRUSH,9.3,INDUSTRIAL,Activate STATCOM reactive voltage support & engage interruptible tariff shedding.
50.019,0.049,1.0021,99.81,100.61,-0.81,71.22,20.94,14.67,75.5,7.13,29.38,9.58,8.0,NOMINAL,5.0,NONE,Nominal operating envelope. Spinning reserves active.
49.894,-0.081,0.9951,109.13,101.23,7.9,78.26,24.82,11.42,68.9,7.01,39.69,9.51,8.0,INDUSTRIAL_INRUSH,11.1,INDUSTRIAL,Activate STATCOM reactive voltage support & engage interruptible tariff shedding.
50.247,0.512,1.006,101.41,119.99,-18.57,72.54,35.0,19.99,77.9,6.97,29.76,10.17,8.0,NOMINAL,5.0,NONE,Nominal operating envelope. Spinning reserves active.
49.82,-0.1914,0.9961,100.95,84.53,16.42,72.48,9.44,10.08,48.2,6.89,29.22,10.29,8.0,SOLAR_DROP,8.4,SOLAR_FARM,Inject BESS synthetic inertia +15MW & ramp utility interconnect spinning reserve.
50.037,0.073,1.0071,99.51,100.84,-1.33,70.95,22.91,12.93,23.9,7.16,30.13,10.23,8.0,BESS_OUTAGE,25.0,BESS_STATION,Emergency demand-response load curtailment. Fast-trip substation feeder protection armed.
49.87,-0.3009,0.9971,115.71,98.46,17.25,83.39,14.06,19.4,58.0,22.76,30.78,9.36,8.0,EV_SURGE,17.9,EV_PLAZA,Dispatch BESS +18MW & Throttle EV Plaza chargers by 25%. Hospital locked immune.
49.907,-0.2078,0.9987,111.82,99.36,12.45,80.45,15.75,18.61,69.9,7.05,42.06,9.38,8.0,INDUSTRIAL_INRUSH,11.5,INDUSTRIAL,Activate STATCOM reactive voltage support & engage interruptible tariff shedding.
49.964,-0.0861,0.9931,112.8,106.42,6.38,81.19,30.56,10.86,63.4,6.94,42.86,9.33,8.0,INDUSTRIAL_INRUSH,14.1,INDUSTRIAL,Activate STATCOM reactive voltage support & engage interruptible tariff shedding.
49.949,-0.1433,0.9964,109.43,100.78,8.66,78.27,22.41,13.37,62.1,6.83,30.39,20.02,8.0,DATACENTER_SPIKE,8.5,AI_DATACENTER,AI cluster compute power cap & BESS localized peak shaving.
50.045,0.0782,0.9987,100.27,103.64,-3.37,72.08,28.62,10.01,77.6,7.23,29.94,10.31,8.0,NOMINAL,5.0,NONE,Nominal operating envelope. Spinning reserves active.
49.803,-0.2229,0.9975,103.74,82.84,20.9,74.27,1.66,16.18,44.3,7.17,32.21,10.21,8.0,NOMINAL,5.0,NONE,Nominal operating envelope. Spinning reserves active.
49.693,-0.6878,0.9922,113.32,83.39,29.93,82.0,1.99,16.4,84.1,22.95,29.15,9.84,8.0,EV_SURGE,24.9,EV_PLAZA,Dispatch BESS +18MW & Throttle EV Plaza chargers by 25%. Hospital locked immune.
50.014,0.0871,1.0005,113.22,114.63,-1.41,82.33,33.68,15.95,65.8,19.99,30.49,10.85,8.0,EV_SURGE,10.3,EV_PLAZA,Dispatch BESS +18MW & Throttle EV Plaza chargers by 25%. Hospital locked immune.
50.109,0.1852,1.0021,110.61,118.92,-8.31,78.35,34.76,19.16,78.7,7.02,39.95,10.5,8.0,INDUSTRIAL_INRUSH,5.0,INDUSTRIAL,Activate STATCOM reactive voltage support & engage interruptible tariff shedding.
50.043,0.0834,1.0031,116.82,119.97,-3.16,84.34,34.99,19.98,71.3,6.84,32.24,23.75,8.0,DATACENTER_SPIKE,13.1,AI_DATACENTER,AI cluster compute power cap & BESS localized peak shaving.
50.058,0.1116,1.001,114.41,119.99,-5.59,82.83,35.0,19.99,69.0,7.01,43.65,9.78,8.0,INDUSTRIAL_INRUSH,11.0,INDUSTRIAL,Activate STATCOM reactive voltage support & engage interruptible tariff shedding.
49.842,-0.1837,0.9936,118.98,101.25,17.74,86.41,24.86,11.39,51.6,26.76,30.39,9.52,8.0,EV_SURGE,25.2,EV_PLAZA,Dispatch BESS +18MW & Throttle EV Plaza chargers by 25%. Hospital locked immune.
49.937,-0.0706,1.0019,102.1,96.78,5.32,72.54,12.09,19.7,64.1,6.87,30.64,10.7,8.0,SOLAR_DROP,5.0,SOLAR_FARM,Inject BESS synthetic inertia +15MW & ramp utility interconnect spinning reserve.
49.926,-0.1323,0.9941,114.98,105.49,9.49,83.01,30.02,10.48,62.1,6.79,44.74,9.35,8.0,INDUSTRIAL_INRUSH,17.4,INDUSTRIAL,Activate STATCOM reactive voltage support & engage interruptible tariff shedding.
49.996,-0.0282,0.9952,120.16,119.74,0.41,86.21,34.94,19.8,72.3,28.13,29.53,10.2,8.0,EV_SURGE,18.8,EV_PLAZA,Dispatch BESS +18MW & Throttle EV Plaza chargers by 25%. Hospital locked immune.
49.963,-0.085,0.9985,99.57,91.97,7.6,70.6,17.34,9.62,63.9,6.95,29.03,10.46,8.0,WIND_STALL,5.0,WIND_FARM,Command turbine blade pitch compensation & AGC governor reserve ramp.
49.844,-0.2297,0.9991,99.16,80.73,18.43,69.82,0.43,15.31,51.2,6.58,29.21,9.75,8.0,NOMINAL,5.0,NONE,Nominal operating envelope. Spinning reserves active.
50.017,0.0692,0.9984,101.51,104.09,-2.57,72.66,29.01,10.07,49.6,6.83,30.48,10.03,8.0,NOMINAL,5.0,NONE,Nominal operating envelope. Spinning reserves active.
49.799,-0.4354,0.9896,100.93,75.84,25.09,71.74,2.84,8.0,51.2,7.69,31.19,9.38,8.0,WIND_STALL,13.2,WIND_FARM,Command turbine blade pitch compensation & AGC governor reserve ramp.
49.862,-0.2608,0.994,100.22,82.01,18.21,72.17,1.18,15.84,75.4,7.2,31.06,9.97,8.0,NOMINAL,5.0,NONE,Nominal operating envelope. Spinning reserves active.
49.916,-0.0882,0.9965,97.76,88.94,8.81,69.78,14.5,9.44,64.3,6.46,27.69,10.77,8.0,WIND_STALL,5.0,WIND_FARM,Command turbine blade pitch compensation & AGC governor reserve ramp.
49.848,-0.2285,0.9961,115.55,96.35,19.19,82.93,11.37,19.98,66.3,21.28,31.46,9.84,8.0,EV_SURGE,18.6,EV_PLAZA,Dispatch BESS +18MW & Throttle EV Plaza chargers by 25%. Hospital locked immune.
49.933,-0.1873,0.997,98.35,87.59,10.76,70.96,7.64,14.95,62.1,7.14,29.71,9.94,8.0,SOLAR_DROP,5.0,SOLAR_FARM,Inject BESS synthetic inertia +15MW & ramp utility interconnect spinning reserve.
49.875,-0.1744,0.9964,113.94,98.16,15.78,81.96,13.61,19.55,51.3,7.13,29.55,25.06,8.0,DATACENTER_SPIKE,16.2,AI_DATACENTER,AI cluster compute power cap & BESS localized peak shaving.
49.923,-0.1169,0.9937,110.68,100.89,9.78,79.32,23.25,12.64,80.0,7.45,41.27,9.69,8.0,INDUSTRIAL_INRUSH,12.5,INDUSTRIAL,Activate STATCOM reactive voltage support & engage interruptible tariff shedding.
50.012,0.0269,0.9966,99.54,100.2,-0.67,71.36,17.07,18.13,44.3,7.69,30.83,10.1,8.0,SOLAR_DROP,5.0,SOLAR_FARM,Inject BESS synthetic inertia +15MW & ramp utility interconnect spinning reserve.
50.012,0.0897,1.0025,100.98,102.28,-1.31,73.06,27.08,10.21,43.3,7.53,30.48,10.07,8.0,NOMINAL,5.0,NONE,Nominal operating envelope. Spinning reserves active.
50.13,0.2078,1.0042,99.91,108.88,-8.97,71.34,31.73,12.15,59.8,6.71,29.55,9.2,8.0,NOMINAL,5.0,NONE,Nominal operating envelope. Spinning reserves active.
49.901,-0.2168,0.997,114.35,100.86,13.49,82.03,23.01,12.85,56.6,7.67,44.04,10.5,8.0,INDUSTRIAL_INRUSH,15.0,INDUSTRIAL,Activate STATCOM reactive voltage support & engage interruptible tariff shedding.
50.071,0.1121,1.0025,111.16,117.19,-6.03,79.38,34.35,17.84,54.0,19.16,30.29,9.65,8.0,EV_SURGE,6.1,EV_PLAZA,Dispatch BESS +18MW & Throttle EV Plaza chargers by 25%. Hospital locked immune.
49.921,-0.108,0.9997,111.71,101.39,10.33,80.58,25.3,11.09,78.9,7.42,42.04,9.75,8.0,INDUSTRIAL_INRUSH,10.7,INDUSTRIAL,Activate STATCOM reactive voltage support & engage interruptible tariff shedding.
50.021,0.0301,1.0013,110.13,110.63,-0.5,78.82,32.41,13.22,81.4,6.88,41.32,9.92,8.0,INDUSTRIAL_INRUSH,5.3,INDUSTRIAL,Activate STATCOM reactive voltage support & engage interruptible tariff shedding.
50.02,0.074,1.0012,99.41,102.33,-2.92,70.89,27.14,10.19,50.7,7.41,29.72,9.13,8.0,NOMINAL,5.0,NONE,Nominal operating envelope. Spinning reserves active.
49.663,-0.7132,0.9959,111.22,80.25,30.97,79.21,0.15,15.11,77.9,18.95,30.07,9.98,8.0,EV_SURGE,19.7,EV_PLAZA,Dispatch BESS +18MW & Throttle EV Plaza chargers by 25%. Hospital locked immune.
49.978,-0.0487,0.997,99.47,98.61,0.86,70.36,14.31,19.3,74.9,7.24,30.19,9.74,8.0,NOMINAL,5.0,NONE,Nominal operating envelope. Spinning reserves active.
49.977,-0.0644,0.9996,99.6,95.04,4.56,71.27,10.07,19.97,52.5,6.69,30.74,10.0,8.0,NOMINAL,5.0,NONE,Nominal operating envelope. Spinning reserves active.
49.833,-0.3201,0.9954,99.36,79.52,19.84,71.1,6.77,7.75,59.0,6.76,29.94,10.38,8.0,WIND_STALL,8.4,WIND_FARM,Command turbine blade pitch compensation & AGC governor reserve ramp.
49.959,-0.0168,1.0001,100.11,99.71,0.4,71.3,16.61,18.1,84.9,6.95,28.71,10.27,8.0,NOMINAL,5.0,NONE,Nominal operating envelope. Spinning reserves active.
49.914,-0.187,0.9914,111.89,98.56,13.33,80.02,14.22,19.34,64.3,7.27,29.04,23.03,8.0,DATACENTER_SPIKE,15.3,AI_DATACENTER,AI cluster compute power cap & BESS localized peak shaving.
49.97,-0.0369,1.0012,120.49,118.02,2.47,86.6,34.55,18.47,42.1,27.15,30.32,9.99,8.0,EV_SURGE,17.3,EV_PLAZA,Dispatch BESS +18MW & Throttle EV Plaza chargers by 25%. Hospital locked immune.
50.043,0.0884,1.0019,112.73,116.11,-3.37,81.03,34.07,17.03,73.9,7.16,29.01,23.17,8.0,DATACENTER_SPIKE,8.4,AI_DATACENTER,AI cluster compute power cap & BESS localized peak shaving.
50.102,0.1715,0.9972,111.91,118.15,-6.24,79.79,34.58,18.57,84.2,7.1,29.86,21.56,8.0,DATACENTER_SPIKE,8.5,AI_DATACENTER,AI cluster compute power cap & BESS localized peak shaving.
50.086,0.1443,1.0064,96.71,99.73,-3.02,68.99,16.67,18.06,27.8,6.93,27.3,10.05,8.0,BESS_OUTAGE,25.0,BESS_STATION,Emergency demand-response load curtailment. Fast-trip substation feeder protection armed.
50.141,0.366,1.0068,97.61,111.32,-13.71,69.31,32.65,13.67,51.4,7.03,28.79,10.0,8.0,NOMINAL,5.0,NONE,Nominal operating envelope. Spinning reserves active.
49.988,-0.0375,0.9977,96.88,94.35,2.52,68.64,20.86,8.5,69.7,6.72,29.15,9.83,8.0,WIND_STALL,5.0,WIND_FARM,Command turbine blade pitch compensation & AGC governor reserve ramp.
49.978,-0.0605,0.9983,99.49,98.0,1.49,71.04,27.51,5.49,42.1,6.2,29.36,9.86,8.0,WIND_STALL,5.0,WIND_FARM,Command turbine blade pitch compensation & AGC governor reserve ramp.
50.289,0.5673,1.0046,98.25,119.25,-21.01,69.31,34.83,19.42,66.5,6.39,29.73,9.5,8.0,NOMINAL,5.0,NONE,Nominal operating envelope. Spinning reserves active.
50.246,0.3211,1.0076,101.16,119.88,-18.72,72.54,34.97,19.91,83.8,6.9,29.96,9.57,8.0,NOMINAL,5.0,NONE,Nominal operating envelope. Spinning reserves active.
49.875,-0.1241,0.9936,100.56,88.43,12.13,71.34,11.11,12.32,80.8,7.1,30.82,9.72,8.0,SOLAR_DROP,8.2,SOLAR_FARM,Inject BESS synthetic inertia +15MW & ramp utility interconnect spinning reserve.
49.904,-0.1639,0.9964,97.56,85.44,12.12,68.67,9.74,10.7,62.8,6.66,29.97,9.5,8.0,SOLAR_DROP,5.4,SOLAR_FARM,Inject BESS synthetic inertia +15MW & ramp utility interconnect spinning reserve.
49.886,-0.244,0.9907,99.81,83.6,16.21,71.25,7.69,10.9,71.8,6.75,30.11,9.92,8.0,SOLAR_DROP,9.6,SOLAR_FARM,Inject BESS synthetic inertia +15MW & ramp utility interconnect spinning reserve.
49.97,-0.0514,0.9967,101.46,100.54,0.92,72.69,20.27,15.27,39.4,6.84,31.17,10.26,8.0,BESS_OUTAGE,28.1,BESS_STATION,Emergency demand-response load curtailment. Fast-trip substation feeder protection armed.
49.869,-0.1755,1.0023,99.61,81.52,18.09,71.4,0.45,16.07,56.5,6.76,28.83,10.53,8.0,SOLAR_DROP,5.0,SOLAR_FARM,Inject BESS synthetic inertia +15MW & ramp utility interconnect spinning reserve.
50.091,0.0764,1.002,99.86,101.8,-1.94,71.12,26.25,10.55,82.1,6.79,29.42,9.64,8.0,NOMINAL,5.0,NONE,Nominal operating envelope. Spinning reserves active.
49.972,-0.0707,0.9986,97.51,92.92,4.59,69.89,8.27,19.65,54.5,7.23,29.8,9.88,8.0,NOMINAL,5.0,NONE,Nominal operating envelope. Spinning reserves active.
49.852,-0.214,0.998,121.08,104.74,16.34,87.52,29.51,10.23,50.8,27.69,30.85,9.71,8.0,EV_SURGE,23.7,EV_PLAZA,Dispatch BESS +18MW & Throttle EV Plaza chargers by 25%. Hospital locked immune.
50.056,0.0967,0.9926,100.04,106.27,-6.23,71.97,30.48,10.79,74.9,7.08,30.08,9.82,8.0,NOMINAL,5.0,NONE,Nominal operating envelope. Spinning reserves active.
49.958,-0.1139,0.998,97.57,86.41,11.16,69.46,4.68,16.72,64.1,7.15,27.04,10.87,8.0,SOLAR_DROP,5.0,SOLAR_FARM,Inject BESS synthetic inertia +15MW & ramp utility interconnect spinning reserve.
49.919,-0.1015,0.9954,97.4,87.37,10.03,69.91,4.41,17.95,44.9,6.85,28.97,10.04,8.0,NOMINAL,5.0,NONE,Nominal operating envelope. Spinning reserves active.
50.135,0.1881,1.0061,98.39,110.18,-11.78,71.09,32.24,12.93,66.1,7.13,29.67,9.7,8.0,NOMINAL,5.0,NONE,Nominal operating envelope. Spinning reserves active.
50.259,0.4556,1.0068,98.39,114.95,-16.56,70.26,33.77,16.18,65.5,6.83,29.74,10.17,8.0,NOMINAL,5.0,NONE,Nominal operating envelope. Spinning reserves active.
49.897,-0.2029,1.0026,119.15,105.86,13.29,85.58,30.24,10.62,65.1,24.52,30.36,9.94,8.0,EV_SURGE,18.2,EV_PLAZA,Dispatch BESS +18MW & Throttle EV Plaza chargers by 25%. Hospital locked immune.
50.065,0.0642,0.9992,117.38,118.65,-1.28,83.94,34.7,18.96,82.5,24.77,29.25,9.91,8.0,EV_SURGE,13.0,EV_PLAZA,Dispatch BESS +18MW & Throttle EV Plaza chargers by 25%. Hospital locked immune.
49.987,-0.0695,0.9997,100.66,99.36,1.29,72.41,15.75,18.61,69.3,7.15,30.17,9.98,8.0,NOMINAL,5.0,NONE,Nominal operating envelope. Spinning reserves active.
50.065,0.0922,1.0043,98.74,100.42,-1.68,70.27,19.44,15.98,61.6,6.94,29.46,9.21,8.0,NOMINAL,5.0,NONE,Nominal operating envelope. Spinning reserves active.
49.792,-0.4905,0.9917,101.6,93.88,7.72,71.47,9.05,19.83,30.9,7.28,30.86,9.64,8.0,BESS_OUTAGE,37.1,BESS_STATION,Emergency demand-response load curtailment. Fast-trip substation feeder protection armed.
49.929,-0.1181,0.9881,102.22,92.07,10.15,73.35,20.86,6.21,45.9,6.77,32.13,9.54,8.0,WIND_STALL,9.8,WIND_FARM,Command turbine blade pitch compensation & AGC governor reserve ramp.
50.225,0.4476,1.0032,100.79,116.94,-16.15,71.67,34.29,17.65,71.7,6.99,29.89,10.06,8.0,NOMINAL,5.0,NONE,Nominal operating envelope. Spinning reserves active.
50.093,0.1138,1.0014,98.96,104.45,-5.49,70.93,29.29,10.15,77.1,6.83,29.77,9.64,8.0,NOMINAL,5.0,NONE,Nominal operating envelope. Spinning reserves active.
49.922,-0.1743,0.996,112.64,101.1,11.54,80.96,24.33,11.78,43.9,19.0,30.95,9.9,8.0,EV_SURGE,13.5,EV_PLAZA,Dispatch BESS +18MW & Throttle EV Plaza chargers by 25%. Hospital locked immune.
50.082,0.1141,1.0048,100.5,106.58,-6.08,71.14,30.65,10.93,62.9,6.58,30.34,10.28,8.0,NOMINAL,5.0,NONE,Nominal operating envelope. Spinning reserves active.
49.899,-0.1709,0.9932,115.98,102.13,13.84,83.1,26.84,10.29,82.2,23.75,29.11,9.59,8.0,EV_SURGE,19.0,EV_PLAZA,Dispatch BESS +18MW & Throttle EV Plaza chargers by 25%. Hospital locked immune.
49.974,-0.0614,0.9974,110.05,103.97,6.08,78.99,28.92,10.06,40.2,6.93,42.22,9.63,8.0,INDUSTRIAL_INRUSH,8.1,INDUSTRIAL,Activate STATCOM reactive voltage support & engage interruptible tariff shedding.
49.927,-0.152,0.9944,98.02,87.28,10.74,70.39,8.69,13.59,63.6,6.79,29.14,10.22,8.0,SOLAR_DROP,6.0,SOLAR_FARM,Inject BESS synthetic inertia +15MW & ramp utility interconnect spinning reserve.
49.834,-0.2605,0.9974,110.15,91.48,18.67,79.44,7.18,19.29,52.9,7.01,30.67,20.33,8.0,DATACENTER_SPIKE,13.4,AI_DATACENTER,AI cluster compute power cap & BESS localized peak shaving.
49.645,-0.4473,0.9879,111.4,80.3,31.1,79.48,0.17,15.12,62.6,6.6,29.51,20.68,8.0,DATACENTER_SPIKE,25.6,AI_DATACENTER,AI cluster compute power cap & BESS localized peak shaving.
49.928,-0.0878,1.0015,115.02,113.43,1.59,81.94,33.33,15.1,70.0,7.58,31.77,24.11,8.0,DATACENTER_SPIKE,12.1,AI_DATACENTER,AI cluster compute power cap & BESS localized peak shaving.
49.847,-0.3179,0.9951,101.08,82.38,18.71,72.12,8.38,8.99,44.5,7.26,29.49,9.42,8.0,WIND_STALL,8.2,WIND_FARM,Command turbine blade pitch compensation & AGC governor reserve ramp.
50.046,0.1228,1.0025,113.14,117.82,-4.68,80.88,34.5,18.32,53.4,6.81,43.29,10.3,8.0,INDUSTRIAL_INRUSH,8.2,INDUSTRIAL,Activate STATCOM reactive voltage support & engage interruptible tariff shedding.
49.946,-0.0841,0.997,114.78,108.37,6.41,81.66,31.51,11.86,65.8,20.95,30.07,10.77,8.0,EV_SURGE,13.0,EV_PLAZA,Dispatch BESS +18MW & Throttle EV Plaza chargers by 25%. Hospital locked immune.
49.964,-0.0853,0.999,101.33,99.93,1.4,71.92,17.28,17.66,44.5,7.22,30.33,10.04,8.0,NOMINAL,5.0,NONE,Nominal operating envelope. Spinning reserves active.
50.637,0.8244,1.0171,98.42,118.88,-20.45,70.72,34.75,19.13,34.7,7.03,29.98,9.63,8.0,BESS_OUTAGE,25.0,BESS_STATION,Emergency demand-response load curtailment. Fast-trip substation feeder protection armed.
49.872,-0.2384,0.9922,101.9,87.22,14.68,73.52,10.24,11.98,52.1,7.01,31.89,9.74,8.0,SOLAR_DROP,9.1,SOLAR_FARM,Inject BESS synthetic inertia +15MW & ramp utility interconnect spinning reserve.
49.931,-0.1195,0.9935,109.97,100.43,9.54,79.81,19.52,15.91,69.0,7.17,29.72,18.86,8.0,DATACENTER_SPIKE,13.1,AI_DATACENTER,AI cluster compute power cap & BESS localized peak shaving.
50.105,0.146,1.0056,99.79,109.16,-9.37,71.69,34.75,9.41,43.5,7.09,29.61,10.52,8.0,WIND_STALL,5.0,WIND_FARM,Command turbine blade pitch compensation & AGC governor reserve ramp.
49.91,-0.0896,0.9979,109.31,101.89,7.42,78.43,26.43,10.46,72.0,6.63,39.53,9.16,8.0,INDUSTRIAL_INRUSH,9.1,INDUSTRIAL,Activate STATCOM reactive voltage support & engage interruptible tariff shedding.
50.037,0.0549,0.9985,98.02,100.25,-2.23,70.58,15.88,19.37,48.8,7.14,28.71,10.28,8.0,SOLAR_DROP,5.0,SOLAR_FARM,Inject BESS synthetic inertia +15MW & ramp utility interconnect spinning reserve.
49.994,-0.0506,1.0012,99.71,96.35,3.36,71.51,11.37,19.98,78.2,6.94,30.6,9.9,8.0,NOMINAL,5.0,NONE,Nominal operating envelope. Spinning reserves active.
50.057,0.1441,1.0022,99.85,105.19,-5.34,70.98,29.82,10.37,83.4,6.73,30.27,10.21,8.0,NOMINAL,5.0,NONE,Nominal operating envelope. Spinning reserves active.
49.569,-0.6325,0.983,118.19,84.77,33.42,84.63,2.81,16.96,56.0,24.64,29.34,10.41,8.0,EV_SURGE,38.5,EV_PLAZA,Dispatch BESS +18MW & Throttle EV Plaza chargers by 25%. Hospital locked immune.
49.979,-0.0293,0.9954,99.06,98.38,0.68,71.14,29.21,4.17,41.6,6.31,30.17,9.36,8.0,WIND_STALL,5.0,WIND_FARM,Command turbine blade pitch compensation & AGC governor reserve ramp.
50.037,0.0293,0.9994,100.87,101.61,-0.74,71.49,25.85,10.76,68.8,7.31,30.44,9.91,8.0,NOMINAL,5.0,NONE,Nominal operating envelope. Spinning reserves active.
50.149,0.243,1.0034,108.05,117.6,-9.55,76.55,34.45,18.15,41.0,7.22,28.63,19.81,8.0,DATACENTER_SPIKE,5.0,AI_DATACENTER,AI cluster compute power cap & BESS localized peak shaving.
50.631,0.816,1.0208,99.92,118.84,-18.92,70.84,34.74,19.1,36.9,6.95,29.45,9.93,8.0,BESS_OUTAGE,25.0,BESS_STATION,Emergency demand-response load curtailment. Fast-trip substation feeder protection armed.
49.913,-0.1779,0.9946,114.71,101.05,13.66,83.02,24.09,11.96,70.6,7.23,43.54,10.54,8.0,INDUSTRIAL_INRUSH,17.5,INDUSTRIAL,Activate STATCOM reactive voltage support & engage interruptible tariff shedding.
49.945,-0.0671,1.0026,102.61,98.21,4.4,72.44,13.68,19.53,65.9,7.15,31.9,9.89,8.0,NOMINAL,5.0,NONE,Nominal operating envelope. Spinning reserves active.
49.79,-0.4009,1.0026,99.48,76.37,23.11,71.07,1.99,9.38,48.2,6.87,29.39,9.74,8.0,WIND_STALL,7.0,WIND_FARM,Command turbine blade pitch compensation & AGC governor reserve ramp.
50.127,0.1891,1.0025,99.49,110.21,-10.72,71.51,34.88,10.33,78.5,6.56,30.7,10.09,8.0,WIND_STALL,5.0,WIND_FARM,Command turbine blade pitch compensation & AGC governor reserve ramp.
49.89,-0.1316,0.994,113.44,101.0,12.44,81.21,23.87,12.13,42.2,6.98,29.78,23.34,8.0,DATACENTER_SPIKE,16.1,AI_DATACENTER,AI cluster compute power cap & BESS localized peak shaving.
50.135,0.1859,1.0042,101.86,112.9,-11.04,72.62,33.17,14.73,81.1,7.42,30.19,10.31,8.0,NOMINAL,5.0,NONE,Nominal operating envelope. Spinning reserves active.
49.857,-0.2477,0.9972,99.85,84.15,15.71,71.88,1.1,18.04,69.5,7.09,28.98,9.93,8.0,SOLAR_DROP,6.5,SOLAR_FARM,Inject BESS synthetic inertia +15MW & ramp utility interconnect spinning reserve.
49.905,-0.1519,0.999,118.65,108.84,9.81,86.04,31.72,12.13,70.4,24.25,31.7,10.39,8.0,EV_SURGE,19.2,EV_PLAZA,Dispatch BESS +18MW & Throttle EV Plaza chargers by 25%. Hospital locked immune.
50.013,0.0452,0.9983,99.69,100.59,-0.9,70.33,20.72,14.87,72.5,6.94,29.63,10.16,8.0,NOMINAL,5.0,NONE,Nominal operating envelope. Spinning reserves active.
50.214,0.3179,1.0107,97.91,116.63,-18.72,69.83,34.21,17.42,49.4,6.63,28.74,9.73,8.0,NOMINAL,5.0,NONE,Nominal operating envelope. Spinning reserves active.
50.167,0.3147,1.0032,99.23,111.33,-12.09,70.85,32.66,13.67,62.0,6.88,30.36,9.34,8.0,NOMINAL,5.0,NONE,Nominal operating envelope. Spinning reserves active.
49.958,-0.1571,1.0016,100.44,90.89,9.55,72.58,16.03,9.86,60.1,7.77,29.81,9.72,8.0,WIND_STALL,5.0,WIND_FARM,Command turbine blade pitch compensation & AGC governor reserve ramp.
49.881,-0.2079,0.9973,114.82,100.95,13.87,82.27,23.58,12.37,57.0,23.98,29.4,9.96,8.0,EV_SURGE,15.8,EV_PLAZA,Dispatch BESS +18MW & Throttle EV Plaza chargers by 25%. Hospital locked immune.
50.012,-0.0101,1.0017,100.81,100.64,0.17,72.09,21.16,14.48,78.0,6.54,31.68,9.93,8.0,NOMINAL,5.0,NONE,Nominal operating envelope. Spinning reserves active.
49.548,-0.6878,0.9899,119.48,87.31,32.17,85.64,4.38,17.93,69.0,29.06,29.61,9.7,8.0,EV_SURGE,36.2,EV_PLAZA,Dispatch BESS +18MW & Throttle EV Plaza chargers by 25%. Hospital locked immune.
50.284,0.3105,1.0107,99.76,119.56,-19.81,71.07,34.9,19.66,83.1,6.74,30.19,9.47,8.0,NOMINAL,5.0,NONE,Nominal operating envelope. Spinning reserves active.
49.904,-0.1319,0.9914,112.46,99.69,12.77,80.33,16.54,18.15,46.0,6.45,42.27,10.37,8.0,INDUSTRIAL_INRUSH,16.1,INDUSTRIAL,Activate STATCOM reactive voltage support & engage interruptible tariff shedding.
50.234,0.37,1.009,99.52,119.36,-19.84,71.08,34.86,19.5,50.1,6.73,30.22,9.57,8.0,NOMINAL,5.0,NONE,Nominal operating envelope. Spinning reserves active.
50.244,0.3948,1.0075,101.05,119.97,-18.93,72.15,34.99,19.98,49.4,7.16,29.81,10.23,8.0,NOMINAL,5.0,NONE,Nominal operating envelope. Spinning reserves active.
49.98,-0.0661,1.001,102.49,97.57,4.92,72.82,26.93,5.64,52.9,7.6,30.23,10.14,8.0,WIND_STALL,5.0,WIND_FARM,Command turbine blade pitch compensation & AGC governor reserve ramp.
49.959,-0.05,0.9941,100.89,95.8,5.09,72.45,10.8,20.0,61.1,6.94,29.32,9.81,8.0,NOMINAL,5.0,NONE,Nominal operating envelope. Spinning reserves active.
49.987,-0.0336,0.9979,97.8,97.04,0.76,69.78,12.14,19.9,42.6,6.66,28.74,9.07,8.0,NOMINAL,5.0,NONE,Nominal operating envelope. Spinning reserves active.
50.035,0.0445,0.9927,99.84,100.64,-0.81,71.32,21.21,14.43,67.2,6.85,27.84,10.36,8.0,NOMINAL,5.0,NONE,Nominal operating envelope. Spinning reserves active.
50.035,0.1073,1.0018,97.03,100.89,-3.87,68.33,23.25,12.64,77.7,6.73,29.59,10.15,8.0,NOMINAL,5.0,NONE,Nominal operating envelope. Spinning reserves active.
50.024,0.0783,1.002,98.62,101.63,-3.01,70.64,25.91,10.73,59.9,6.64,30.27,9.98,8.0,NOMINAL,5.0,NONE,Nominal operating envelope. Spinning reserves active.
49.724,-0.5689,0.9914,102.21,74.07,28.14,72.1,1.94,7.13,48.0,7.28,30.47,9.67,8.0,WIND_STALL,14.6,WIND_FARM,Command turbine blade pitch compensation & AGC governor reserve ramp.
49.95,-0.183,1.0021,100.23,89.03,11.2,70.46,10.76,13.27,44.3,6.77,29.87,10.31,8.0,SOLAR_DROP,5.0,SOLAR_FARM,Inject BESS synthetic inertia +15MW & ramp utility interconnect spinning reserve.
49.868,-0.1502,0.9952,115.42,102.57,12.85,82.19,27.47,10.1,73.1,22.41,29.32,10.3,8.0,EV_SURGE,17.5,EV_PLAZA,Dispatch BESS +18MW & Throttle EV Plaza chargers by 25%. Hospital locked immune.
49.82,-0.3745,0.9981,114.44,90.94,23.5,82.58,6.8,19.15,59.5,20.53,31.66,9.03,8.0,EV_SURGE,17.8,EV_PLAZA,Dispatch BESS +18MW & Throttle EV Plaza chargers by 25%. Hospital locked immune.
49.968,-0.05,1.0017,109.5,105.45,4.05,79.2,29.99,10.46,50.8,6.5,29.84,21.08,8.0,DATACENTER_SPIKE,7.0,AI_DATACENTER,AI cluster compute power cap & BESS localized peak shaving.
49.865,-0.1995,0.9973,114.57,97.77,16.8,83.1,13.06,19.71,58.1,6.78,44.14,10.38,8.0,INDUSTRIAL_INRUSH,17.5,INDUSTRIAL,Activate STATCOM reactive voltage support & engage interruptible tariff shedding.
49.897,-0.1471,0.9959,113.43,100.35,13.08,81.32,19.01,16.34,45.6,6.95,43.05,10.3,8.0,INDUSTRIAL_INRUSH,14.8,INDUSTRIAL,Activate STATCOM reactive voltage support & engage interruptible tariff shedding.
50.087,0.1973,1.0004,99.18,107.38,-8.19,71.49,33.38,8.99,71.4,6.69,31.08,9.61,8.0,WIND_STALL,5.0,WIND_FARM,Command turbine blade pitch compensation & AGC governor reserve ramp.
50.007,-0.0002,1.0038,100.08,100.08,0.0,71.23,17.79,17.29,57.7,6.67,30.43,9.89,8.0,NOMINAL,5.0,NONE,Nominal operating envelope. Spinning reserves active.
49.964,-0.09,0.9966,113.41,105.45,7.96,81.58,29.99,10.46,53.7,6.97,30.23,22.88,8.0,DATACENTER_SPIKE,12.5,AI_DATACENTER,AI cluster compute power cap & BESS localized peak shaving.
50.094,0.1257,1.0029,99.39,106.15,-6.76,71.74,30.41,10.74,73.8,7.57,28.91,9.98,8.0,NOMINAL,5.0,NONE,Nominal operating envelope. Spinning reserves active.
50.067,0.0651,1.0038,114.46,116.04,-1.58,82.3,34.06,16.98,68.4,6.7,44.54,10.55,8.0,INDUSTRIAL_INRUSH,10.2,INDUSTRIAL,Activate STATCOM reactive voltage support & engage interruptible tariff shedding.
49.967,-0.0947,0.9981,109.26,107.42,1.85,77.62,31.07,11.34,44.5,7.19,29.11,19.73,8.0,DATACENTER_SPIKE,6.0,AI_DATACENTER,AI cluster compute power cap & BESS localized peak shaving.
50.248,0.4718,1.0118,98.8,119.03,-20.22,70.32,34.78,19.24,76.4,7.37,28.54,10.54,8.0,NOMINAL,5.0,NONE,Nominal operating envelope. Spinning reserves active.
49.914,-0.1541,0.9964,110.35,100.28,10.07,78.47,18.67,16.62,40.4,6.67,40.4,9.98,8.0,INDUSTRIAL_INRUSH,10.0,INDUSTRIAL,Activate STATCOM reactive voltage support & engage interruptible tariff shedding.
50.166,0.2444,1.0066,99.72,112.66,-12.94,71.25,33.09,14.57,61.8,6.74,30.43,9.81,8.0,NOMINAL,5.0,NONE,Nominal operating envelope. Spinning reserves active.
49.913,-0.1282,0.9935,100.51,88.28,12.23,70.87,13.13,10.15,59.1,7.38,29.69,9.37,8.0,SOLAR_DROP,6.9,SOLAR_FARM,Inject BESS synthetic inertia +15MW & ramp utility interconnect spinning reserve.
49.842,-0.2575,0.9983,100.67,81.74,18.93,71.1,1.02,15.72,82.0,7.03,30.62,9.85,8.0,NOMINAL,5.0,NONE,Nominal operating envelope. Spinning reserves active.
49.798,-0.3625,0.9925,111.29,84.8,26.49,79.58,2.83,16.97,53.4,6.46,29.53,23.05,8.0,DATACENTER_SPIKE,17.8,AI_DATACENTER,AI cluster compute power cap & BESS localized peak shaving.
49.999,0.0423,1.0024,100.85,103.17,-2.32,72.03,28.17,10.0,84.6,6.82,31.19,9.69,8.0,NOMINAL,5.0,NONE,Nominal operating envelope. Spinning reserves active.
49.959,-0.0936,1.0006,98.47,89.83,8.64,70.08,6.02,18.8,53.4,7.0,30.42,9.74,8.0,NOMINAL,5.0,NONE,Nominal operating envelope. Spinning reserves active.
49.877,-0.1551,0.9984,115.95,101.23,14.72,83.64,24.8,11.43,54.0,6.3,47.45,9.82,8.0,INDUSTRIAL_INRUSH,17.2,INDUSTRIAL,Activate STATCOM reactive voltage support & engage interruptible tariff shedding.
50.018,0.0693,1.0045,99.7,100.78,-1.09,71.1,22.44,13.34,60.8,7.39,29.29,9.59,8.0,NOMINAL,5.0,NONE,Nominal operating envelope. Spinning reserves active.
49.928,-0.1219,0.9968,112.87,101.01,11.86,81.78,23.92,12.09,51.7,6.84,30.44,23.97,8.0,DATACENTER_SPIKE,13.9,AI_DATACENTER,AI cluster compute power cap & BESS localized peak shaving.
49.941,-0.1286,1.0016,112.67,102.7,9.97,80.56,27.64,10.06,66.6,7.25,42.57,10.18,8.0,INDUSTRIAL_INRUSH,9.8,INDUSTRIAL,Activate STATCOM reactive voltage support & engage interruptible tariff shedding.
49.911,-0.1885,0.9981,100.44,89.03,11.42,72.02,5.49,18.54,42.6,7.0,31.42,9.51,8.0,NOMINAL,5.0,NONE,Nominal operating envelope. Spinning reserves active.
49.984,-0.0543,0.9992,112.42,108.8,3.62,80.44,31.7,12.1,81.9,6.83,30.07,22.76,8.0,DATACENTER_SPIKE,8.6,AI_DATACENTER,AI cluster compute power cap & BESS localized peak shaving.
50.037,0.1071,1.0006,101.0,105.4,-4.4,72.61,29.96,10.44,62.3,6.55,30.41,10.31,8.0,NOMINAL,5.0,NONE,Nominal operating envelope. Spinning reserves active.
49.957,-0.0694,0.9971,100.81,99.57,1.24,72.02,16.25,18.33,61.2,6.97,30.15,9.96,8.0,NOMINAL,5.0,NONE,Nominal operating envelope. Spinning reserves active.
49.937,-0.0541,1.0009,102.98,101.98,1.01,72.99,26.58,10.39,56.3,7.19,30.13,10.94,8.0,NOMINAL,5.0,NONE,Nominal operating envelope. Spinning reserves active.
50.145,0.3175,1.0079,99.52,111.71,-12.19,70.73,32.79,13.92,71.7,7.1,30.39,9.67,8.0,NOMINAL,5.0,NONE,Nominal operating envelope. Spinning reserves active.
49.872,-0.1452,0.9968,113.69,101.24,12.45,81.19,24.85,11.39,53.4,20.91,30.27,10.32,8.0,EV_SURGE,15.0,EV_PLAZA,Dispatch BESS +18MW & Throttle EV Plaza chargers by 25%. Hospital locked immune.
49.958,-0.0731,0.9981,121.96,117.73,4.23,88.18,34.48,18.25,67.2,28.25,29.15,10.46,8.0,EV_SURGE,21.0,EV_PLAZA,Dispatch BESS +18MW & Throttle EV Plaza chargers by 25%. Hospital locked immune.
50.156,0.232,1.0041,106.07,116.04,-9.97,75.35,34.06,16.99,64.3,6.88,30.08,18.11,8.0,DATACENTER_SPIKE,5.0,AI_DATACENTER,AI cluster compute power cap & BESS localized peak shaving.
49.96,-0.0601,1.0024,100.43,95.2,5.23,71.02,24.78,5.42,46.6,6.64,30.42,9.6,8.0,WIND_STALL,5.0,WIND_FARM,Command turbine blade pitch compensation & AGC governor reserve ramp.
50.108,0.182,0.9999,98.89,107.03,-8.14,70.71,30.88,11.15,69.3,6.94,30.56,10.44,8.0,NOMINAL,5.0,NONE,Nominal operating envelope. Spinning reserves active.
50.243,0.4505,1.0069,101.5,118.48,-16.98,71.83,34.66,18.82,70.0,7.26,29.67,9.81,8.0,NOMINAL,5.0,NONE,Nominal operating envelope. Spinning reserves active.
50.268,0.4276,1.0078,99.35,119.04,-19.68,70.25,34.79,19.25,77.5,7.55,29.53,9.54,8.0,NOMINAL,5.0,NONE,Nominal operating envelope. Spinning reserves active.
49.849,-0.2538,0.9898,118.81,100.78,18.04,85.25,22.4,13.37,53.4,24.99,31.12,10.38,8.0,EV_SURGE,25.7,EV_PLAZA,Dispatch BESS +18MW & Throttle EV Plaza chargers by 25%. Hospital locked immune.
49.886,-0.128,0.9997,102.0,88.9,13.1,73.19,7.33,16.57,56.1,6.82,31.24,9.03,8.0,SOLAR_DROP,5.0,SOLAR_FARM,Inject BESS synthetic inertia +15MW & ramp utility interconnect spinning reserve.
49.888,-0.1339,0.9991,98.39,85.97,12.42,70.63,5.56,15.41,60.4,7.05,30.19,9.84,8.0,SOLAR_DROP,5.0,SOLAR_FARM,Inject BESS synthetic inertia +15MW & ramp utility interconnect spinning reserve.
49.819,-0.3958,0.9929,102.2,77.88,24.31,73.26,3.42,9.46,66.3,7.29,31.09,10.12,8.0,WIND_STALL,10.5,WIND_FARM,Command turbine blade pitch compensation & AGC governor reserve ramp.
50.112,0.1079,1.0002,102.16,106.12,-3.96,73.1,32.91,8.21,46.6,7.82,30.18,10.5,8.0,WIND_STALL,5.0,WIND_FARM,Command turbine blade pitch compensation & AGC governor reserve ramp.
49.943,-0.0493,0.9983,100.95,97.59,3.36,72.23,15.48,17.11,81.8,7.4,31.1,9.93,8.0,SOLAR_DROP,5.0,SOLAR_FARM,Inject BESS synthetic inertia +15MW & ramp utility interconnect spinning reserve.
49.747,-0.418,0.9976,99.84,92.06,7.78,71.78,7.62,19.45,35.0,6.7,30.56,10.03,8.0,BESS_OUTAGE,35.0,BESS_STATION,Emergency demand-response load curtailment. Fast-trip substation feeder protection armed.
50.213,0.3263,1.0049,102.24,119.85,-17.61,72.69,34.97,19.88,54.4,6.9,30.71,9.23,8.0,NOMINAL,5.0,NONE,Nominal operating envelope. Spinning reserves active.
50.513,0.7784,1.022,99.38,116.07,-16.69,70.79,34.06,17.0,29.8,6.71,30.47,9.75,8.0,BESS_OUTAGE,25.0,BESS_STATION,Emergency demand-response load curtailment. Fast-trip substation feeder protection armed.
50.043,0.0578,1.0002,111.41,112.35,-0.93,79.94,32.99,14.35,58.4,7.3,31.19,20.34,8.0,DATACENTER_SPIKE,6.9,AI_DATACENTER,AI cluster compute power cap & BESS localized peak shaving.
49.752,-0.4107,0.9948,98.92,92.4,6.52,70.98,7.87,19.53,31.6,6.76,28.85,10.07,8.0,BESS_OUTAGE,36.5,BESS_STATION,Emergency demand-response load curtailment. Fast-trip substation feeder protection armed.
50.036,0.0736,1.0014,99.3,100.69,-1.39,70.52,21.68,14.01,58.0,6.87,28.88,9.56,8.0,NOMINAL,5.0,NONE,Nominal operating envelope. Spinning reserves active.
49.948,-0.0469,0.9987,99.34,95.18,4.17,70.64,11.83,18.35,42.9,7.41,29.12,9.79,8.0,SOLAR_DROP,5.0,SOLAR_FARM,Inject BESS synthetic inertia +15MW & ramp utility interconnect spinning reserve.
49.882,-0.1407,1.0002,98.63,85.51,13.12,70.58,8.29,12.22,50.8,7.31,29.42,10.0,8.0,SOLAR_DROP,5.0,SOLAR_FARM,Inject BESS synthetic inertia +15MW & ramp utility interconnect spinning reserve.
49.921,-0.1487,0.9958,98.83,88.43,10.4,70.43,5.89,17.54,84.4,6.77,30.33,10.33,8.0,SOLAR_DROP,5.3,SOLAR_FARM,Inject BESS synthetic inertia +15MW & ramp utility interconnect spinning reserve.
49.989,-0.0319,1.0007,100.95,100.49,0.46,71.62,19.89,15.6,82.6,6.87,29.5,10.12,8.0,NOMINAL,5.0,NONE,Nominal operating envelope. Spinning reserves active.
49.966,-0.0818,0.9975,117.98,112.07,5.9,84.36,32.91,14.17,81.1,24.96,30.7,10.31,8.0,EV_SURGE,15.8,EV_PLAZA,Dispatch BESS +18MW & Throttle EV Plaza chargers by 25%. Hospital locked immune.
49.873,-0.2678,1.0009,99.76,83.4,16.37,71.57,1.99,16.4,57.2,6.66,30.29,9.86,8.0,NOMINAL,5.0,NONE,Nominal operating envelope. Spinning reserves active.
50.085,0.0605,0.9998,99.0,100.16,-1.16,70.16,18.1,17.05,62.5,7.12,29.15,8.73,8.0,NOMINAL,5.0,NONE,Nominal operating envelope. Spinning reserves active.
49.885,-0.1309,0.996,113.0,102.61,10.39,81.82,27.52,10.09,78.0,7.2,44.19,9.11,8.0,INDUSTRIAL_INRUSH,15.9,INDUSTRIAL,Activate STATCOM reactive voltage support & engage interruptible tariff shedding.
49.845,-0.1975,0.9941,97.83,80.75,17.08,69.9,0.44,15.31,59.4,7.1,27.44,9.62,8.0,NOMINAL,5.0,NONE,Nominal operating envelope. Spinning reserves active.
49.925,-0.1273,0.9949,112.82,100.47,12.34,80.83,19.81,15.66,51.0,19.37,29.01,10.86,8.0,EV_SURGE,13.8,EV_PLAZA,Dispatch BESS +18MW & Throttle EV Plaza chargers by 25%. Hospital locked immune.
49.891,-0.2305,0.986,101.17,86.42,14.75,72.68,2.82,18.59,56.1,6.72,30.91,10.42,8.0,SOLAR_DROP,12.4,SOLAR_FARM,Inject BESS synthetic inertia +15MW & ramp utility interconnect spinning reserve.
49.865,-0.1639,0.9967,119.33,104.76,14.56,85.83,29.53,10.24,50.0,25.9,30.4,10.29,8.0,EV_SURGE,21.7,EV_PLAZA,Dispatch BESS +18MW & Throttle EV Plaza chargers by 25%. Hospital locked immune.
49.968,-0.0683,0.9936,98.29,92.05,6.24,69.78,13.94,13.1,57.6,7.38,29.41,9.77,8.0,SOLAR_DROP,5.0,SOLAR_FARM,Inject BESS synthetic inertia +15MW & ramp utility interconnect spinning reserve.
49.913,-0.206,0.9942,100.31,85.2,15.11,70.2,9.27,10.93,52.1,7.19,29.4,10.09,8.0,SOLAR_DROP,6.6,SOLAR_FARM,Inject BESS synthetic inertia +15MW & ramp utility interconnect spinning reserve.
49.968,-0.0324,1.0048,103.37,100.89,2.48,73.94,23.23,12.66,50.5,7.86,29.45,10.43,8.0,NOMINAL,5.0,NONE,Nominal operating envelope. Spinning reserves active.
49.599,-0.8475,0.9885,114.87,81.61,33.27,82.71,0.94,15.67,82.2,7.17,29.74,25.27,8.0,DATACENTER_SPIKE,31.4,AI_DATACENTER,AI cluster compute power cap & BESS localized peak shaving.
49.976,-0.0676,1.0012,99.53,93.33,6.21,71.89,9.23,19.09,47.2,6.75,30.13,10.47,8.0,SOLAR_DROP,5.0,SOLAR_FARM,Inject BESS synthetic inertia +15MW & ramp utility interconnect spinning reserve.
49.848,-0.2631,0.9881,118.3,101.01,17.3,85.54,23.89,12.12,63.8,25.82,29.6,9.57,8.0,EV_SURGE,27.2,EV_PLAZA,Dispatch BESS +18MW & Throttle EV Plaza chargers by 25%. Hospital locked immune.
50.104,0.2112,1.0026,99.94,103.14,-3.2,70.98,28.13,10.0,28.7,7.06,29.77,10.24,8.0,BESS_OUTAGE,25.0,BESS_STATION,Emergency demand-response load curtailment. Fast-trip substation feeder protection armed.
49.934,-0.0606,0.999,100.07,94.86,5.21,71.31,12.88,16.98,41.8,6.7,30.46,10.6,8.0,SOLAR_DROP,5.0,SOLAR_FARM,Inject BESS synthetic inertia +15MW & ramp utility interconnect spinning reserve.
49.523,-0.532,0.9879,115.13,81.62,33.52,82.74,0.95,15.67,77.2,6.96,43.49,10.95,8.0,INDUSTRIAL_INRUSH,34.3,INDUSTRIAL,Activate STATCOM reactive voltage support & engage interruptible tariff shedding.
50.004,-0.023,0.9957,100.36,99.99,0.38,71.5,17.46,17.53,53.4,6.82,30.22,9.77,8.0,NOMINAL,5.0,NONE,Nominal operating envelope. Spinning reserves active.
49.975,-0.0833,1.0,115.46,108.91,6.55,84.05,31.74,12.16,65.5,7.12,45.1,10.03,8.0,INDUSTRIAL_INRUSH,13.5,INDUSTRIAL,Activate STATCOM reactive voltage support & engage interruptible tariff shedding.
49.955,-0.0709,1.0004,101.03,95.15,5.88,72.95,25.54,4.61,76.9,7.41,29.57,9.69,8.0,WIND_STALL,5.0,WIND_FARM,Command turbine blade pitch compensation & AGC governor reserve ramp.
49.821,-0.2803,0.9911,100.38,74.87,25.51,72.37,1.5,8.37,52.1,6.98,30.21,10.2,8.0,WIND_STALL,11.6,WIND_FARM,Command turbine blade pitch compensation & AGC governor reserve ramp.
50.111,0.1106,1.0052,112.78,114.69,-1.91,81.04,33.69,15.99,55.3,6.85,43.05,9.76,8.0,INDUSTRIAL_INRUSH,8.5,INDUSTRIAL,Activate STATCOM reactive voltage support & engage interruptible tariff shedding.
49.785,-0.3346,0.9935,102.6,95.81,6.79,73.25,10.81,20.0,22.7,6.93,31.08,10.39,8.0,BESS_OUTAGE,36.3,BESS_STATION,Emergency demand-response load curtailment. Fast-trip substation feeder protection armed.
49.88,-0.136,0.9955,102.45,88.88,13.56,72.91,3.93,19.95,55.0,7.41,31.65,10.41,8.0,SOLAR_DROP,6.8,SOLAR_FARM,Inject BESS synthetic inertia +15MW & ramp utility interconnect spinning reserve.
50.018,0.0628,0.9977,100.01,102.37,-2.36,70.92,27.19,10.17,42.8,7.68,30.13,9.26,8.0,NOMINAL,5.0,NONE,Nominal operating envelope. Spinning reserves active.
49.912,-0.1715,0.9971,112.27,100.73,11.54,80.29,22.03,13.7,68.9,20.31,30.32,10.86,8.0,EV_SURGE,12.1,EV_PLAZA,Dispatch BESS +18MW & Throttle EV Plaza chargers by 25%. Hospital locked immune.
49.889,-0.1728,1.0008,112.27,96.57,15.7,80.84,11.6,19.96,47.3,19.81,28.71,10.02,8.0,EV_SURGE,11.9,EV_PLAZA,Dispatch BESS +18MW & Throttle EV Plaza chargers by 25%. Hospital locked immune.
49.89,-0.1227,1.0001,100.93,88.41,12.52,71.98,6.22,17.2,80.9,7.19,28.77,9.7,8.0,SOLAR_DROP,5.0,SOLAR_FARM,Inject BESS synthetic inertia +15MW & ramp utility interconnect spinning reserve.
50.003,-0.0409,0.9965,114.72,114.05,0.67,82.21,33.51,15.54,73.3,6.74,44.9,10.29,8.0,INDUSTRIAL_INRUSH,12.3,INDUSTRIAL,Activate STATCOM reactive voltage support & engage interruptible tariff shedding.
49.947,-0.1258,1.0008,116.06,104.01,12.04,83.28,28.95,10.06,58.2,7.0,30.77,24.29,8.0,DATACENTER_SPIKE,13.4,AI_DATACENTER,AI cluster compute power cap & BESS localized peak shaving.
49.962,-0.115,1.0034,112.34,104.24,8.1,81.24,29.14,10.11,59.2,6.93,43.28,9.86,8.0,INDUSTRIAL_INRUSH,10.0,INDUSTRIAL,Activate STATCOM reactive voltage support & engage interruptible tariff shedding.
49.913,-0.0899,0.9973,112.65,103.58,9.06,81.26,28.57,10.01,76.7,7.1,30.18,21.0,8.0,DATACENTER_SPIKE,13.4,AI_DATACENTER,AI cluster compute power cap & BESS localized peak shaving.
49.921,-0.1066,0.9964,110.29,108.7,1.59,78.96,31.65,12.04,71.4,6.89,40.06,9.73,8.0,INDUSTRIAL_INRUSH,10.4,INDUSTRIAL,Activate STATCOM reactive voltage support & engage interruptible tariff shedding.
49.952,-0.0418,0.9968,100.55,97.01,3.54,72.26,12.11,19.9,57.4,7.08,30.17,9.66,8.0,NOMINAL,5.0,NONE,Nominal operating envelope. Spinning reserves active.
50.033,0.098,0.9945,100.14,103.91,-3.77,71.17,28.86,10.05,80.4,7.43,29.92,9.91,8.0,NOMINAL,5.0,NONE,Nominal operating envelope. Spinning reserves active.
49.926,-0.0689,1.0007,98.41,96.76,1.65,69.8,11.76,19.99,71.7,6.83,28.56,10.35,8.0,SOLAR_DROP,5.0,SOLAR_FARM,Inject BESS synthetic inertia +15MW & ramp utility interconnect spinning reserve.
49.984,0.0533,1.0005,98.61,99.4,-0.78,70.68,15.82,18.57,47.8,7.29,29.58,9.76,8.0,NOMINAL,5.0,NONE,Nominal operating envelope. Spinning reserves active.
49.849,-0.2328,0.9972,118.2,100.25,17.96,85.99,18.5,16.75,72.2,26.36,29.18,9.92,8.0,EV_SURGE,22.1,EV_PLAZA,Dispatch BESS +18MW & Throttle EV Plaza chargers by 25%. Hospital locked immune.
49.505,-1.0797,0.9846,120.46,84.86,35.6,86.31,2.87,16.99,75.6,26.91,30.15,9.92,8.0,EV_SURGE,42.0,EV_PLAZA,Dispatch BESS +18MW & Throttle EV Plaza chargers by 25%. Hospital locked immune.
49.884,-0.1568,0.9981,112.85,101.14,11.7,81.57,24.49,11.65,46.5,7.08,43.71,9.99,8.0,INDUSTRIAL_INRUSH,14.2,INDUSTRIAL,Activate STATCOM reactive voltage support & engage interruptible tariff shedding.
50.078,0.0601,1.0046,100.42,101.95,-1.53,71.72,26.53,10.42,52.5,6.89,29.96,10.44,8.0,NOMINAL,5.0,NONE,Nominal operating envelope. Spinning reserves active.
49.959,-0.0786,1.0009,98.07,93.51,4.56,69.96,8.75,19.76,63.7,7.78,28.71,10.09,8.0,NOMINAL,5.0,NONE,Nominal operating envelope. Spinning reserves active.
50.026,0.0569,0.9986,100.92,102.03,-1.11,71.97,26.68,10.35,84.2,7.31,30.41,10.49,8.0,NOMINAL,5.0,NONE,Nominal operating envelope. Spinning reserves active.
49.863,-0.2528,0.995,102.78,87.56,15.22,73.84,11.27,11.28,75.8,7.11,30.54,10.77,8.0,SOLAR_DROP,7.7,SOLAR_FARM,Inject BESS synthetic inertia +15MW & ramp utility interconnect spinning reserve.
49.881,-0.1679,0.996,116.35,100.09,16.27,83.22,17.82,17.27,70.8,7.02,31.88,24.97,8.0,DATACENTER_SPIKE,18.0,AI_DATACENTER,AI cluster compute power cap & BESS localized peak shaving.
49.923,-0.1385,0.9951,109.76,100.53,9.23,78.91,20.25,15.28,84.1,6.99,29.91,20.1,8.0,DATACENTER_SPIKE,11.1,AI_DATACENTER,AI cluster compute power cap & BESS localized peak shaving.
49.89,-0.2445,0.9943,114.52,100.23,14.28,81.52,18.44,16.79,58.4,20.8,31.94,9.99,8.0,EV_SURGE,16.4,EV_PLAZA,Dispatch BESS +18MW & Throttle EV Plaza chargers by 25%. Hospital locked immune.
49.998,-0.0376,0.9992,101.04,100.49,0.54,71.78,19.95,15.54,75.6,6.86,31.08,10.21,8.0,NOMINAL,5.0,NONE,Nominal operating envelope. Spinning reserves active.
49.985,-0.0706,1.0025,98.62,97.46,1.16,70.54,26.55,5.91,71.1,6.78,29.01,9.65,8.0,WIND_STALL,5.0,WIND_FARM,Command turbine blade pitch compensation & AGC governor reserve ramp.
49.874,-0.2625,1.0001,117.76,100.65,17.11,83.53,21.29,14.36,60.2,7.12,46.4,10.1,8.0,INDUSTRIAL_INRUSH,16.2,INDUSTRIAL,Activate STATCOM reactive voltage support & engage interruptible tariff shedding.
49.918,-0.2259,0.9947,112.74,97.06,15.67,80.51,12.17,19.9,60.6,6.7,42.22,9.92,8.0,INDUSTRIAL_INRUSH,13.7,INDUSTRIAL,Activate STATCOM reactive voltage support & engage interruptible tariff shedding.
50.046,0.0644,1.0033,102.54,105.7,-3.17,72.88,32.95,7.76,66.3,7.7,31.56,10.37,8.0,WIND_STALL,5.0,WIND_FARM,Command turbine blade pitch compensation & AGC governor reserve ramp.
50.094,0.1273,1.0034,112.23,119.58,-7.35,80.77,34.91,19.67,56.5,6.97,42.63,10.03,8.0,INDUSTRIAL_INRUSH,8.1,INDUSTRIAL,Activate STATCOM reactive voltage support & engage interruptible tariff shedding.
50.182,0.4056,1.004,99.16,114.97,-15.81,71.02,33.77,16.2,72.7,6.64,30.21,10.39,8.0,NOMINAL,5.0,NONE,Nominal operating envelope. Spinning reserves active.
50.182,0.3116,1.0025,100.82,114.3,-13.48,72.81,33.59,15.72,48.9,6.95,30.9,9.14,8.0,NOMINAL,5.0,NONE,Nominal operating envelope. Spinning reserves active.
49.947,-0.0836,0.993,99.16,93.28,5.88,71.4,14.24,14.04,58.1,6.59,29.03,10.86,8.0,SOLAR_DROP,6.2,SOLAR_FARM,Inject BESS synthetic inertia +15MW & ramp utility interconnect spinning reserve.
49.954,-0.0689,0.9968,115.24,113.52,1.72,82.96,33.36,15.16,74.8,22.82,30.35,9.68,8.0,EV_SURGE,14.7,EV_PLAZA,Dispatch BESS +18MW & Throttle EV Plaza chargers by 25%. Hospital locked immune.
49.903,-0.1052,0.9983,110.19,100.7,9.48,79.5,21.77,13.93,45.9,7.06,40.02,10.55,8.0,INDUSTRIAL_INRUSH,10.6,INDUSTRIAL,Activate STATCOM reactive voltage support & engage interruptible tariff shedding.
49.945,-0.0332,0.9984,101.2,100.35,0.85,72.99,19.02,16.33,57.2,6.25,30.68,10.22,8.0,NOMINAL,5.0,NONE,Nominal operating envelope. Spinning reserves active.
49.961,-0.04,0.9998,98.57,95.76,2.81,70.44,25.97,4.79,82.9,6.57,29.07,10.35,8.0,WIND_STALL,5.0,WIND_FARM,Command turbine blade pitch compensation & AGC governor reserve ramp.
49.866,-0.2005,0.9964,112.02,96.67,15.36,80.65,11.71,19.95,82.0,7.09,40.43,10.2,8.0,INDUSTRIAL_INRUSH,14.6,INDUSTRIAL,Activate STATCOM reactive voltage support & engage interruptible tariff shedding.
49.928,-0.0913,0.9973,98.69,92.07,6.62,71.22,7.62,19.45,52.9,6.78,28.48,9.81,8.0,NOMINAL,5.0,NONE,Nominal operating envelope. Spinning reserves active.
50.091,0.1203,1.0038,97.99,104.29,-6.3,70.2,29.18,10.12,65.4,7.12,29.11,10.07,8.0,NOMINAL,5.0,NONE,Nominal operating envelope. Spinning reserves active.
50.139,0.2664,1.0098,97.24,107.7,-10.46,68.73,31.21,11.49,71.8,6.35,29.56,10.0,8.0,NOMINAL,5.0,NONE,Nominal operating envelope. Spinning reserves active.
49.885,-0.2028,0.992,115.53,100.51,15.02,82.92,20.09,15.42,78.7,7.33,45.62,9.53,8.0,INDUSTRIAL_INRUSH,19.9,INDUSTRIAL,Activate STATCOM reactive voltage support & engage interruptible tariff shedding.
50.011,0.0096,1.0047,101.6,101.82,-0.22,72.85,26.3,10.52,56.3,7.17,30.27,10.31,8.0,NOMINAL,5.0,NONE,Nominal operating envelope. Spinning reserves active.
49.924,-0.1422,1.0,99.32,88.12,11.2,71.15,14.39,8.73,59.0,6.9,30.41,9.86,8.0,WIND_STALL,5.0,WIND_FARM,Command turbine blade pitch compensation & AGC governor reserve ramp.
50.039,0.1275,0.9981,99.08,100.95,-1.87,70.09,23.57,12.38,71.9,6.81,29.81,10.27,8.0,NOMINAL,5.0,NONE,Nominal operating envelope. Spinning reserves active.
49.916,-0.2254,0.9936,100.46,85.85,14.61,72.72,3.12,17.74,61.9,7.14,29.54,10.24,8.0,SOLAR_DROP,6.8,SOLAR_FARM,Inject BESS synthetic inertia +15MW & ramp utility interconnect spinning reserve.
50.055,0.0734,1.0016,100.5,101.72,-1.23,71.76,26.1,10.62,77.2,7.02,29.24,9.93,8.0,NOMINAL,5.0,NONE,Nominal operating envelope. Spinning reserves active.
49.868,-0.15,1.003,101.45,90.78,10.67,71.92,16.94,8.85,67.9,7.31,30.36,10.38,8.0,WIND_STALL,5.0,WIND_FARM,Command turbine blade pitch compensation & AGC governor reserve ramp.
49.847,-0.221,0.9883,116.34,100.61,15.73,82.82,20.92,14.69,47.8,7.09,47.46,9.66,8.0,INDUSTRIAL_INRUSH,23.3,INDUSTRIAL,Activate STATCOM reactive voltage support & engage interruptible tariff shedding.
50.082,0.1138,0.9974,99.96,104.97,-5.0,71.97,29.67,10.3,54.9,7.2,30.13,10.35,8.0,NOMINAL,5.0,NONE,Nominal operating envelope. Spinning reserves active.
49.908,-0.1714,0.9952,115.16,101.55,13.6,82.06,25.73,10.83,80.8,22.05,30.59,10.95,8.0,EV_SURGE,15.9,EV_PLAZA,Dispatch BESS +18MW & Throttle EV Plaza chargers by 25%. Hospital locked immune.
49.927,-0.1913,1.0014,111.23,100.04,11.19,79.17,17.63,17.41,64.0,7.06,41.46,10.24,8.0,INDUSTRIAL_INRUSH,8.3,INDUSTRIAL,Activate STATCOM reactive voltage support & engage interruptible tariff shedding.
49.886,-0.1318,0.9954,100.5,89.18,11.32,72.47,4.26,19.92,74.2,7.59,29.82,10.32,8.0,SOLAR_DROP,6.7,SOLAR_FARM,Inject BESS synthetic inertia +15MW & ramp utility interconnect spinning reserve.
49.881,-0.2439,0.997,114.92,100.35,14.57,82.43,19.03,16.32,78.0,22.35,29.52,10.09,8.0,EV_SURGE,16.2,EV_PLAZA,Dispatch BESS +18MW & Throttle EV Plaza chargers by 25%. Hospital locked immune.
49.866,-0.1841,0.9954,112.51,97.42,15.09,80.15,12.6,19.82,54.4,7.24,43.09,9.78,8.0,INDUSTRIAL_INRUSH,14.6,INDUSTRIAL,Activate STATCOM reactive voltage support & engage interruptible tariff shedding.
49.791,-0.4504,0.9964,115.09,88.35,26.74,82.74,5.04,18.31,48.4,6.81,45.86,10.6,8.0,INDUSTRIAL_INRUSH,20.0,INDUSTRIAL,Activate STATCOM reactive voltage support & engage interruptible tariff shedding.
49.856,-0.2859,0.9968,99.76,83.45,16.32,71.79,8.41,10.03,48.3,7.15,30.02,10.01,8.0,SOLAR_DROP,6.8,SOLAR_FARM,Inject BESS synthetic inertia +15MW & ramp utility interconnect spinning reserve.
49.866,-0.2971,0.9902,119.55,100.7,18.85,86.03,21.74,13.96,70.4,26.52,30.45,9.81,8.0,EV_SURGE,26.1,EV_PLAZA,Dispatch BESS +18MW & Throttle EV Plaza chargers by 25%. Hospital locked immune.
49.949,-0.076,0.9933,102.28,97.88,4.4,72.99,16.32,16.56,46.2,7.26,31.48,9.86,8.0,SOLAR_DROP,5.9,SOLAR_FARM,Inject BESS synthetic inertia +15MW & ramp utility interconnect spinning reserve.
49.815,-0.3219,0.9929,102.01,82.06,19.96,72.59,1.2,15.85,83.2,6.96,30.0,10.41,8.0,NOMINAL,5.0,NONE,Nominal operating envelope. Spinning reserves active.
49.807,-0.2328,0.994,116.85,99.65,17.21,83.9,16.44,18.21,62.7,7.48,45.97,9.49,8.0,INDUSTRIAL_INRUSH,22.7,INDUSTRIAL,Activate STATCOM reactive voltage support & engage interruptible tariff shedding.
49.881,-0.1306,0.9963,104.37,93.55,10.81,75.21,9.5,19.05,55.5,7.23,32.13,10.26,8.0,SOLAR_DROP,6.6,SOLAR_FARM,Inject BESS synthetic inertia +15MW & ramp utility interconnect spinning reserve.
50.164,0.2908,1.003,99.51,110.49,-10.98,70.68,32.36,13.13,46.3,7.18,30.2,10.02,8.0,NOMINAL,5.0,NONE,Nominal operating envelope. Spinning reserves active.
49.984,-0.0078,1.0042,119.65,119.46,0.19,86.07,34.88,19.58,55.5,27.67,28.2,10.12,8.0,EV_SURGE,16.0,EV_PLAZA,Dispatch BESS +18MW & Throttle EV Plaza chargers by 25%. Hospital locked immune.
49.909,-0.1095,1.0034,111.35,100.66,10.68,79.58,21.4,14.27,70.7,6.77,42.87,9.56,8.0,INDUSTRIAL_INRUSH,9.5,INDUSTRIAL,Activate STATCOM reactive voltage support & engage interruptible tariff shedding.
50.075,0.0821,1.0009,96.7,101.28,-4.58,69.69,24.98,11.3,53.1,6.95,27.96,10.23,8.0,NOMINAL,5.0,NONE,Nominal operating envelope. Spinning reserves active.
49.808,-0.2544,0.9919,119.83,95.53,24.3,86.12,10.53,20.0,67.9,27.41,29.05,10.62,8.0,EV_SURGE,27.0,EV_PLAZA,Dispatch BESS +18MW & Throttle EV Plaza chargers by 25%. Hospital locked immune.
49.843,-0.2616,0.9953,116.61,101.53,15.08,83.94,25.67,10.86,66.0,23.63,29.87,9.97,8.0,EV_SURGE,20.7,EV_PLAZA,Dispatch BESS +18MW & Throttle EV Plaza chargers by 25%. Hospital locked immune.
49.865,-0.2921,0.993,112.38,94.18,18.21,81.33,9.3,19.87,58.4,6.93,40.34,10.75,8.0,INDUSTRIAL_INRUSH,17.7,INDUSTRIAL,Activate STATCOM reactive voltage support & engage interruptible tariff shedding.
50.028,0.0711,0.9992,100.91,103.84,-2.93,71.67,28.81,10.04,44.1,6.71,30.07,10.6,8.0,NOMINAL,5.0,NONE,Nominal operating envelope. Spinning reserves active.
50.097,0.1479,1.0018,99.01,106.54,-7.53,70.6,30.62,10.92,48.5,7.13,29.45,10.21,8.0,NOMINAL,5.0,NONE,Nominal operating envelope. Spinning reserves active.
49.967,-0.0628,0.9974,114.88,113.64,1.24,82.6,33.39,15.25,47.3,22.77,29.01,9.97,8.0,EV_SURGE,13.3,EV_PLAZA,Dispatch BESS +18MW & Throttle EV Plaza chargers by 25%. Hospital locked immune.
50.15,0.2344,1.0016,99.92,110.37,-10.45,72.37,32.32,13.06,78.6,6.9,28.73,10.63,8.0,NOMINAL,5.0,NONE,Nominal operating envelope. Spinning reserves active.
49.902,-0.1641,0.9956,97.01,85.79,11.22,69.41,9.7,11.09,76.9,6.95,28.16,9.79,8.0,SOLAR_DROP,6.0,SOLAR_FARM,Inject BESS synthetic inertia +15MW & ramp utility interconnect spinning reserve.
49.912,-0.1667,1.0012,111.16,100.62,10.54,79.6,20.99,14.63,60.9,7.13,30.15,20.27,8.0,DATACENTER_SPIKE,9.4,AI_DATACENTER,AI cluster compute power cap & BESS localized peak shaving.
49.988,-0.069,0.9956,117.75,112.62,5.13,85.11,33.08,14.54,76.9,23.15,30.26,10.48,8.0,EV_SURGE,17.3,EV_PLAZA,Dispatch BESS +18MW & Throttle EV Plaza chargers by 25%. Hospital locked immune.
49.687,-0.4694,0.9966,110.82,80.77,30.06,79.6,0.45,15.32,47.7,6.61,31.79,19.24,8.0,DATACENTER_SPIKE,19.0,AI_DATACENTER,AI cluster compute power cap & BESS localized peak shaving.
49.819,-0.2552,0.9906,102.7,82.23,20.47,74.25,8.01,9.21,50.5,7.13,31.39,10.36,8.0,WIND_STALL,11.9,WIND_FARM,Command turbine blade pitch compensation & AGC governor reserve ramp.
50.072,0.1068,1.004,99.29,104.45,-5.17,70.49,32.64,6.81,54.6,6.93,29.79,9.83,8.0,WIND_STALL,5.0,WIND_FARM,Command turbine blade pitch compensation & AGC governor reserve ramp.
49.782,-0.2753,0.9951,102.05,75.96,26.09,73.13,3.9,7.06,51.0,7.06,31.08,10.12,8.0,WIND_STALL,10.4,WIND_FARM,Command turbine blade pitch compensation & AGC governor reserve ramp.
49.801,-0.3461,0.9955,112.18,86.03,26.15,81.25,3.58,17.45,45.5,19.85,30.21,9.85,8.0,EV_SURGE,18.2,EV_PLAZA,Dispatch BESS +18MW & Throttle EV Plaza chargers by 25%. Hospital locked immune.
50.06,0.0772,1.0036,100.44,103.67,-3.23,71.59,28.65,10.02,61.7,7.27,30.16,9.93,8.0,NOMINAL,5.0,NONE,Nominal operating envelope. Spinning reserves active.
50.128,0.3005,1.0005,100.52,112.87,-12.35,71.71,33.16,14.71,47.8,6.9,30.05,9.79,8.0,NOMINAL,5.0,NONE,Nominal operating envelope. Spinning reserves active.
49.954,-0.0618,0.9959,101.92,100.5,1.42,71.85,19.98,15.52,51.2,7.0,30.43,10.05,8.0,NOMINAL,5.0,NONE,Nominal operating envelope. Spinning reserves active.
50.08,0.0924,1.0035,116.54,118.01,-1.46,84.45,34.55,18.46,47.0,7.2,46.24,9.92,8.0,INDUSTRIAL_INRUSH,13.2,INDUSTRIAL,Activate STATCOM reactive voltage support & engage interruptible tariff shedding.
49.835,-0.3062,0.9966,116.33,98.74,17.59,83.67,14.53,19.21,79.4,6.85,45.76,10.3,8.0,INDUSTRIAL_INRUSH,19.7,INDUSTRIAL,Activate STATCOM reactive voltage support & engage interruptible tariff shedding.
49.881,-0.166,0.9928,100.4,87.0,13.4,71.79,2.0,20.0,62.2,6.8,29.71,10.78,8.0,SOLAR_DROP,8.5,SOLAR_FARM,Inject BESS synthetic inertia +15MW & ramp utility interconnect spinning reserve.
50.079,0.0969,1.0051,99.09,104.1,-5.01,70.12,29.03,10.08,73.0,7.1,29.84,9.47,8.0,NOMINAL,5.0,NONE,Nominal operating envelope. Spinning reserves active.
50.245,0.3592,1.0045,101.25,117.11,-15.86,72.72,34.33,17.78,53.7,6.85,31.51,10.1,8.0,NOMINAL,5.0,NONE,Nominal operating envelope. Spinning reserves active.
49.784,-0.4786,0.994,118.13,90.95,27.18,85.29,6.8,19.15,49.3,21.99,31.1,10.78,8.0,EV_SURGE,25.4,EV_PLAZA,Dispatch BESS +18MW & Throttle EV Plaza chargers by 25%. Hospital locked immune.
49.927,-0.1533,0.9965,111.44,100.99,10.45,80.01,23.79,12.19,82.3,6.12,45.25,9.38,8.0,INDUSTRIAL_INRUSH,11.6,INDUSTRIAL,Activate STATCOM reactive voltage support & engage interruptible tariff shedding.
49.937,-0.1517,1.0022,100.25,89.49,10.75,72.74,15.42,9.07,50.1,7.11,30.39,10.4,8.0,WIND_STALL,5.0,WIND_FARM,Command turbine blade pitch compensation & AGC governor reserve ramp.
49.827,-0.2098,0.9956,121.13,100.49,20.64,86.49,19.92,15.57,69.8,25.27,31.53,9.32,8.0,EV_SURGE,24.6,EV_PLAZA,Dispatch BESS +18MW & Throttle EV Plaza chargers by 25%. Hospital locked immune.
50.08,0.1275,1.0007,100.79,107.58,-6.79,72.43,31.15,11.43,50.7,7.02,30.47,11.0,8.0,NOMINAL,5.0,NONE,Nominal operating envelope. Spinning reserves active.
49.944,-0.156,0.9943,112.24,100.07,12.18,81.13,17.74,17.33,73.6,6.83,30.48,22.54,8.0,DATACENTER_SPIKE,14.0,AI_DATACENTER,AI cluster compute power cap & BESS localized peak shaving.
49.86,-0.2534,0.9972,99.07,80.42,18.64,70.91,0.25,15.18,63.2,7.04,30.22,9.33,8.0,NOMINAL,5.0,NONE,Nominal operating envelope. Spinning reserves active.
50.058,0.0784,0.9991,102.34,105.89,-3.55,73.12,30.26,10.63,74.4,7.1,32.07,9.77,8.0,NOMINAL,5.0,NONE,Nominal operating envelope. Spinning reserves active.
49.847,-0.1741,0.9989,117.97,100.39,17.59,84.09,19.23,16.16,77.5,7.42,47.27,10.57,8.0,INDUSTRIAL_INRUSH,18.5,INDUSTRIAL,Activate STATCOM reactive voltage support & engage interruptible tariff shedding.
49.908,-0.2087,1.0,115.7,102.73,12.96,83.95,27.68,10.06,66.3,23.31,30.42,10.15,8.0,EV_SURGE,15.6,EV_PLAZA,Dispatch BESS +18MW & Throttle EV Plaza chargers by 25%. Hospital locked immune.
49.923,-0.1545,1.0042,112.97,100.71,12.26,80.71,21.81,13.9,68.2,23.32,27.74,9.74,8.0,EV_SURGE,10.6,EV_PLAZA,Dispatch BESS +18MW & Throttle EV Plaza chargers by 25%. Hospital locked immune.
49.951,-0.1317,0.9975,101.25,93.14,8.11,72.68,9.37,18.77,55.0,6.79,31.11,10.73,8.0,SOLAR_DROP,5.0,SOLAR_FARM,Inject BESS synthetic inertia +15MW & ramp utility interconnect spinning reserve.
49.973,-0.0451,0.9988,121.09,119.98,1.12,87.37,35.0,19.98,60.5,27.59,30.94,9.99,8.0,EV_SURGE,18.9,EV_PLAZA,Dispatch BESS +18MW & Throttle EV Plaza chargers by 25%. Hospital locked immune.
49.817,-0.2745,0.9973,99.42,83.09,16.34,70.88,1.81,16.28,78.3,7.02,29.98,10.39,8.0,NOMINAL,5.0,NONE,Nominal operating envelope. Spinning reserves active.
49.98,-0.0763,0.9942,101.41,95.4,6.01,72.23,10.88,19.52,43.6,7.3,31.64,9.67,8.0,SOLAR_DROP,5.0,SOLAR_FARM,Inject BESS synthetic inertia +15MW & ramp utility interconnect spinning reserve.
49.942,-0.0676,0.9984,96.2,91.05,5.14,67.98,6.88,19.18,42.9,6.83,28.37,9.85,8.0,NOMINAL,5.0,NONE,Nominal operating envelope. Spinning reserves active.
49.97,-0.0212,0.9994,100.2,99.89,0.3,71.53,17.15,17.75,41.0,6.72,30.75,9.3,8.0,NOMINAL,5.0,NONE,Nominal operating envelope. Spinning reserves active.
49.984,-0.0477,1.0036,120.45,119.46,0.99,85.96,34.88,19.58,70.1,27.29,29.82,9.93,8.0,EV_SURGE,15.9,EV_PLAZA,Dispatch BESS +18MW & Throttle EV Plaza chargers by 25%. Hospital locked immune.
49.871,-0.2149,0.9916,100.87,85.51,15.36,72.28,8.97,11.54,58.0,7.18,30.74,9.45,8.0,SOLAR_DROP,9.6,SOLAR_FARM,Inject BESS synthetic inertia +15MW & ramp utility interconnect spinning reserve.
49.95,-0.0926,0.9979,120.24,114.08,6.15,85.6,33.52,15.56,41.8,24.85,30.57,10.18,8.0,EV_SURGE,17.8,EV_PLAZA,Dispatch BESS +18MW & Throttle EV Plaza chargers by 25%. Hospital locked immune.
49.882,-0.2283,0.996,114.31,100.08,14.23,83.56,17.78,17.29,82.4,6.72,43.6,10.4,8.0,INDUSTRIAL_INRUSH,18.4,INDUSTRIAL,Activate STATCOM reactive voltage support & engage interruptible tariff shedding.
49.949,-0.1184,1.0028,98.02,90.64,7.39,70.04,14.06,11.57,56.3,6.71,29.01,10.22,8.0,WIND_STALL,5.0,WIND_FARM,Command turbine blade pitch compensation & AGC governor reserve ramp.
49.975,-0.0809,0.999,98.43,96.56,1.87,70.34,14.54,17.02,41.0,7.22,28.81,9.98,8.0,SOLAR_DROP,5.0,SOLAR_FARM,Inject BESS synthetic inertia +15MW & ramp utility interconnect spinning reserve.
49.996,-0.038,0.9966,99.56,98.94,0.62,71.11,14.89,19.05,83.5,6.57,29.0,9.83,8.0,NOMINAL,5.0,NONE,Nominal operating envelope. Spinning reserves active.
50.463,0.8995,1.0132,101.73,116.3,-14.57,72.54,34.12,17.17,29.6,6.92,30.97,10.49,8.0,BESS_OUTAGE,25.0,BESS_STATION,Emergency demand-response load curtailment. Fast-trip substation feeder protection armed.
50.253,0.4106,1.0053,100.76,119.95,-19.18,71.81,34.99,19.96,69.4,7.74,28.8,10.8,8.0,NOMINAL,5.0,NONE,Nominal operating envelope. Spinning reserves active.
50.05,0.0473,0.9996,97.34,100.36,-3.02,68.7,19.1,16.26,69.0,6.87,27.84,10.05,8.0,NOMINAL,5.0,NONE,Nominal operating envelope. Spinning reserves active.
50.08,0.0928,0.9984,99.73,104.39,-4.66,71.36,32.63,6.76,42.0,6.91,29.82,10.12,8.0,WIND_STALL,5.0,WIND_FARM,Command turbine blade pitch compensation & AGC governor reserve ramp.
49.991,-0.0361,0.9999,101.2,97.8,3.41,71.31,27.43,5.37,81.3,6.99,30.46,9.84,8.0,WIND_STALL,5.0,WIND_FARM,Command turbine blade pitch compensation & AGC governor reserve ramp.
49.856,-0.3063,0.9897,118.3,100.46,17.84,85.1,19.68,15.78,47.2,26.8,29.05,10.22,8.0,EV_SURGE,25.4,EV_PLAZA,Dispatch BESS +18MW & Throttle EV Plaza chargers by 25%. Hospital locked immune.
49.862,-0.2265,0.9928,100.57,83.27,17.3,71.77,6.09,12.17,83.4,6.65,30.56,9.61,8.0,SOLAR_DROP,9.1,SOLAR_FARM,Inject BESS synthetic inertia +15MW & ramp utility interconnect spinning reserve.
49.895,-0.121,0.9948,113.15,101.92,11.22,81.59,26.49,10.44,55.5,6.91,42.22,10.48,8.0,INDUSTRIAL_INRUSH,15.9,INDUSTRIAL,Activate STATCOM reactive voltage support & engage interruptible tariff shedding.
49.922,-0.2071,0.9999,114.59,102.39,12.2,81.69,27.23,10.16,80.8,22.92,29.6,9.7,8.0,EV_SURGE,12.0,EV_PLAZA,Dispatch BESS +18MW & Throttle EV Plaza chargers by 25%. Hospital locked immune.
50.582,0.7179,1.0179,101.18,119.58,-18.4,72.13,34.91,19.68,38.2,7.06,29.85,10.23,8.0,BESS_OUTAGE,25.0,BESS_STATION,Emergency demand-response load curtailment. Fast-trip substation feeder protection armed.
49.862,-0.1376,0.9944,101.13,87.17,13.95,73.39,2.49,19.68,69.0,7.39,30.48,10.13,8.0,SOLAR_DROP,8.1,SOLAR_FARM,Inject BESS synthetic inertia +15MW & ramp utility interconnect spinning reserve.
49.913,-0.1323,0.9921,113.34,100.63,12.71,80.79,21.09,14.54,61.3,21.0,29.53,9.92,8.0,EV_SURGE,15.9,EV_PLAZA,Dispatch BESS +18MW & Throttle EV Plaza chargers by 25%. Hospital locked immune.
49.87,-0.2531,0.9903,117.45,101.0,16.45,84.13,23.86,12.14,52.9,7.5,45.94,10.78,8.0,INDUSTRIAL_INRUSH,23.2,INDUSTRIAL,Activate STATCOM reactive voltage support & engage interruptible tariff shedding.
50.153,0.3036,1.0034,96.35,109.27,-12.93,68.63,34.3,9.97,69.3,6.9,28.31,9.67,8.0,WIND_STALL,5.0,WIND_FARM,Command turbine blade pitch compensation & AGC governor reserve ramp.
49.939,-0.1213,0.9976,116.49,108.91,7.58,84.03,31.74,12.17,43.8,25.61,27.41,10.11,8.0,EV_SURGE,16.1,EV_PLAZA,Dispatch BESS +18MW & Throttle EV Plaza chargers by 25%. Hospital locked immune.
50.058,0.0848,1.002,100.34,104.7,-4.36,72.21,29.48,10.22,70.0,7.18,30.95,9.13,8.0,NOMINAL,5.0,NONE,Nominal operating envelope. Spinning reserves active.
49.681,-0.4588,0.9917,112.56,82.84,29.72,81.12,1.66,16.18,70.7,6.87,30.3,23.28,8.0,DATACENTER_SPIKE,24.4,AI_DATACENTER,AI cluster compute power cap & BESS localized peak shaving.
50.017,-0.0295,0.9959,102.37,100.18,2.19,73.34,18.2,16.98,44.0,7.01,31.61,10.42,8.0,NOMINAL,5.0,NONE,Nominal operating envelope. Spinning reserves active.
49.831,-0.374,0.9913,121.98,99.01,22.97,87.82,15.02,18.99,65.6,28.33,29.06,10.91,8.0,EV_SURGE,29.0,EV_PLAZA,Dispatch BESS +18MW & Throttle EV Plaza chargers by 25%. Hospital locked immune.
50.647,1.221,1.0216,98.65,119.45,-20.8,70.46,34.88,19.57,21.4,7.29,28.82,10.22,8.0,BESS_OUTAGE,25.0,BESS_STATION,Emergency demand-response load curtailment. Fast-trip substation feeder protection armed.
49.835,-0.261,0.994,115.28,96.31,18.97,83.33,11.32,19.99,47.6,7.54,45.83,9.48,8.0,INDUSTRIAL_INRUSH,20.9,INDUSTRIAL,Activate STATCOM reactive voltage support & engage interruptible tariff shedding.
50.074,0.1635,1.0032,101.11,106.95,-5.84,72.05,30.84,11.11,68.1,7.08,30.93,9.97,8.0,NOMINAL,5.0,NONE,Nominal operating envelope. Spinning reserves active.
49.92,-0.1536,0.9957,95.41,86.19,9.22,67.48,3.68,17.51,42.1,6.77,28.65,9.64,8.0,NOMINAL,5.0,NONE,Nominal operating envelope. Spinning reserves active.
49.999,-0.0105,0.9965,101.4,101.14,0.26,72.42,24.47,11.67,60.0,7.12,30.69,9.75,8.0,NOMINAL,5.0,NONE,Nominal operating envelope. Spinning reserves active.
49.906,-0.07,0.9977,99.07,97.74,1.33,70.82,13.01,19.72,72.5,7.14,28.39,9.32,8.0,NOMINAL,5.0,NONE,Nominal operating envelope. Spinning reserves active.
50.034,0.0696,0.9987,99.14,100.56,-1.42,70.49,20.43,15.12,70.1,6.5,30.27,10.44,8.0,NOMINAL,5.0,NONE,Nominal operating envelope. Spinning reserves active.
49.896,-0.1952,0.9965,115.51,101.28,14.23,82.58,24.97,11.31,67.2,7.06,42.7,10.99,8.0,INDUSTRIAL_INRUSH,16.3,INDUSTRIAL,Activate STATCOM reactive voltage support & engage interruptible tariff shedding.
49.965,-0.0571,0.9954,100.99,96.07,4.91,71.53,24.89,6.18,78.9,6.91,30.36,9.76,8.0,WIND_STALL,5.0,WIND_FARM,Command turbine blade pitch compensation & AGC governor reserve ramp.
49.945,-0.1151,1.0006,102.61,95.63,6.98,73.24,10.63,20.0,45.2,7.41,31.41,10.14,8.0,NOMINAL,5.0,NONE,Nominal operating envelope. Spinning reserves active.
50.061,0.1149,0.9999,98.79,100.68,-1.89,69.24,21.54,14.14,47.4,6.46,28.59,10.53,8.0,NOMINAL,5.0,NONE,Nominal operating envelope. Spinning reserves active.
50.016,0.0667,1.0078,96.92,99.74,-2.82,69.11,16.68,18.05,46.3,6.37,28.38,10.13,8.0,NOMINAL,5.0,NONE,Nominal operating envelope. Spinning reserves active.
49.847,-0.2589,0.996,108.39,91.31,17.09,78.21,7.06,19.25,61.8,6.82,38.88,9.69,8.0,INDUSTRIAL_INRUSH,12.1,INDUSTRIAL,Activate STATCOM reactive voltage support & engage interruptible tariff shedding.
50.025,0.0473,1.0,99.88,100.87,-0.99,71.19,23.13,12.75,75.2,7.27,30.76,9.31,8.0,NOMINAL,5.0,NONE,Nominal operating envelope. Spinning reserves active.
50.052,0.1252,1.0004,97.58,104.9,-7.32,69.61,33.02,6.88,50.8,6.1,28.25,9.93,8.0,WIND_STALL,5.0,WIND_FARM,Command turbine blade pitch compensation & AGC governor reserve ramp.
49.927,-0.1157,0.9969,100.59,93.51,7.07,71.65,8.75,19.77,72.2,6.85,30.26,10.18,8.0,NOMINAL,5.0,NONE,Nominal operating envelope. Spinning reserves active.
50.377,0.6084,1.0124,101.1,113.33,-12.23,72.23,33.3,15.03,20.7,6.43,29.99,10.18,8.0,BESS_OUTAGE,25.0,BESS_STATION,Emergency demand-response load curtailment. Fast-trip substation feeder protection armed.
49.855,-0.2163,0.9953,117.19,104.68,12.52,84.41,29.47,10.21,59.1,24.7,31.04,9.25,8.0,EV_SURGE,21.0,EV_PLAZA,Dispatch BESS +18MW & Throttle EV Plaza chargers by 25%. Hospital locked immune.
49.966,-0.0292,0.997,102.76,100.56,2.21,73.25,20.43,15.13,72.3,6.51,32.39,10.71,8.0,NOMINAL,5.0,NONE,Nominal operating envelope. Spinning reserves active.
49.994,0.0647,1.0027,98.52,101.23,-2.71,69.71,24.8,11.42,75.3,6.83,29.08,10.62,8.0,NOMINAL,5.0,NONE,Nominal operating envelope. Spinning reserves active.
50.181,0.3995,1.0075,99.35,114.34,-14.99,70.46,33.59,15.74,83.8,7.31,30.25,9.25,8.0,NOMINAL,5.0,NONE,Nominal operating envelope. Spinning reserves active.
49.83,-0.3485,0.9936,123.1,100.73,22.37,89.25,22.03,13.71,73.8,28.28,30.24,10.02,8.0,EV_SURGE,29.6,EV_PLAZA,Dispatch BESS +18MW & Throttle EV Plaza chargers by 25%. Hospital locked immune.
50.042,0.0267,0.9978,100.06,100.55,-0.49,71.2,20.4,15.15,25.6,6.24,29.09,10.13,8.0,BESS_OUTAGE,26.4,BESS_STATION,Emergency demand-response load curtailment. Fast-trip substation feeder protection armed.
49.904,-0.1066,1.0019,102.44,96.17,6.26,73.33,26.44,4.73,77.3,7.33,31.4,10.9,8.0,WIND_STALL,5.0,WIND_FARM,Command turbine blade pitch compensation & AGC governor reserve ramp.
49.851,-0.2313,0.9952,114.86,98.68,16.18,82.83,14.43,19.25,62.7,7.07,44.85,9.64,8.0,INDUSTRIAL_INRUSH,19.0,INDUSTRIAL,Activate STATCOM reactive voltage support & engage interruptible tariff shedding.
49.935,-0.0771,1.0013,98.73,90.86,7.87,69.97,16.51,9.35,80.3,6.87,30.36,9.57,8.0,WIND_STALL,5.0,WIND_FARM,Command turbine blade pitch compensation & AGC governor reserve ramp.
49.911,-0.1264,0.9994,101.86,89.4,12.46,71.69,11.41,12.99,69.1,7.24,30.15,10.43,8.0,SOLAR_DROP,5.0,SOLAR_FARM,Inject BESS synthetic inertia +15MW & ramp utility interconnect spinning reserve.
49.783,-0.2737,0.9954,111.79,87.36,24.43,80.75,4.41,17.95,47.5,7.15,41.79,10.48,8.0,INDUSTRIAL_INRUSH,18.1,INDUSTRIAL,Activate STATCOM reactive voltage support & engage interruptible tariff shedding.
50.005,-0.0491,1.0008,118.13,117.31,0.82,84.21,34.38,17.93,68.8,25.41,29.32,10.15,8.0,EV_SURGE,12.9,EV_PLAZA,Dispatch BESS +18MW & Throttle EV Plaza chargers by 25%. Hospital locked immune.
49.876,-0.1267,1.0033,102.19,90.32,11.88,74.03,6.36,18.96,46.2,7.51,31.02,10.06,8.0,NOMINAL,5.0,NONE,Nominal operating envelope. Spinning reserves active.
49.412,-0.7947,0.9798,120.48,82.78,37.71,86.85,1.63,16.15,63.5,25.19,30.5,10.53,8.0,EV_SURGE,48.8,EV_PLAZA,Dispatch BESS +18MW & Throttle EV Plaza chargers by 25%. Hospital locked immune.
49.811,-0.3323,0.9937,101.97,81.12,20.85,73.0,0.65,15.47,76.8,7.15,31.8,9.94,8.0,NOMINAL,5.0,NONE,Nominal operating envelope. Spinning reserves active.
50.052,0.1035,1.0048,114.35,118.64,-4.29,82.58,34.69,18.94,42.2,6.6,43.98,10.27,8.0,INDUSTRIAL_INRUSH,10.6,INDUSTRIAL,Activate STATCOM reactive voltage support & engage interruptible tariff shedding.
49.909,-0.0904,0.9906,118.71,109.97,8.73,85.69,32.17,12.81,75.2,26.5,29.44,9.67,8.0,EV_SURGE,23.9,EV_PLAZA,Dispatch BESS +18MW & Throttle EV Plaza chargers by 25%. Hospital locked immune.
49.93,-0.0806,0.9975,111.18,109.79,1.4,78.83,32.1,12.69,79.0,6.66,30.0,22.59,8.0,DATACENTER_SPIKE,9.3,AI_DATACENTER,AI cluster compute power cap & BESS localized peak shaving.
49.942,-0.0973,1.0033,112.09,106.43,5.65,80.77,30.57,10.87,55.4,7.18,40.62,10.07,8.0,INDUSTRIAL_INRUSH,10.0,INDUSTRIAL,Activate STATCOM reactive voltage support & engage interruptible tariff shedding.
49.834,-0.2944,0.9886,100.07,78.01,22.05,71.46,5.16,7.85,46.5,7.08,29.07,10.18,8.0,WIND_STALL,12.7,WIND_FARM,Command turbine blade pitch compensation & AGC governor reserve ramp.
49.899,-0.1998,1.0014,113.02,100.03,12.99,81.51,17.62,17.41,65.4,7.35,30.08,21.75,8.0,DATACENTER_SPIKE,12.5,AI_DATACENTER,AI cluster compute power cap & BESS localized peak shaving.
49.902,-0.0717,0.9957,111.0,103.77,7.23,79.64,28.74,10.03,50.5,6.7,28.89,23.68,8.0,DATACENTER_SPIKE,12.5,AI_DATACENTER,AI cluster compute power cap & BESS localized peak shaving.
49.891,-0.1671,0.9993,111.58,95.96,15.63,81.26,10.96,20.0,45.7,7.15,30.43,20.17,8.0,DATACENTER_SPIKE,12.8,AI_DATACENTER,AI cluster compute power cap & BESS localized peak shaving.
49.962,-0.0371,1.0047,116.49,113.17,3.32,83.79,33.25,14.92,54.7,22.97,30.51,9.95,8.0,EV_SURGE,13.6,EV_PLAZA,Dispatch BESS +18MW & Throttle EV Plaza chargers by 25%. Hospital locked immune.
50.108,0.2131,1.0067,108.53,116.46,-7.94,77.63,34.17,17.3,44.5,6.94,30.59,18.73,8.0,DATACENTER_SPIKE,5.0,AI_DATACENTER,AI cluster compute power cap & BESS localized peak shaving.
50.014,-0.0256,0.9995,103.12,100.82,2.3,74.64,22.78,13.04,48.6,6.54,31.95,10.76,8.0,NOMINAL,5.0,NONE,Nominal operating envelope. Spinning reserves active.
49.813,-0.3701,0.9907,113.51,92.31,21.2,81.3,7.8,19.51,58.5,6.62,30.08,22.1,8.0,DATACENTER_SPIKE,20.9,AI_DATACENTER,AI cluster compute power cap & BESS localized peak shaving.
50.039,0.0315,0.9952,100.22,101.02,-0.8,71.27,23.97,12.05,30.6,6.87,30.59,10.45,8.0,BESS_OUTAGE,28.0,BESS_STATION,Emergency demand-response load curtailment. Fast-trip substation feeder protection armed.
50.01,0.08,0.9999,97.83,99.09,-1.26,69.87,15.21,18.88,67.1,7.58,29.21,9.99,8.0,SOLAR_DROP,5.0,SOLAR_FARM,Inject BESS synthetic inertia +15MW & ramp utility interconnect spinning reserve.
49.857,-0.2913,0.9986,117.38,98.26,19.12,84.72,13.76,19.5,75.0,7.4,45.65,9.82,8.0,INDUSTRIAL_INRUSH,19.3,INDUSTRIAL,Activate STATCOM reactive voltage support & engage interruptible tariff shedding.
49.814,-0.1751,0.9899,120.69,103.39,17.29,86.71,28.39,10.0,62.2,26.32,29.84,10.11,8.0,EV_SURGE,28.9,EV_PLAZA,Dispatch BESS +18MW & Throttle EV Plaza chargers by 25%. Hospital locked immune.
50.06,0.1165,0.9982,112.83,119.64,-6.81,80.7,34.92,19.72,44.9,6.66,31.34,21.54,8.0,DATACENTER_SPIKE,9.1,AI_DATACENTER,AI cluster compute power cap & BESS localized peak shaving.
50.01,-0.0116,1.0009,100.86,100.57,0.29,71.39,20.56,15.01,32.7,6.91,30.27,10.52,8.0,BESS_OUTAGE,25.0,BESS_STATION,Emergency demand-response load curtailment. Fast-trip substation feeder protection armed.
49.85,-0.1801,0.9988,114.8,100.55,14.24,82.52,20.41,15.15,59.1,6.31,44.76,10.87,8.0,INDUSTRIAL_INRUSH,16.3,INDUSTRIAL,Activate STATCOM reactive voltage support & engage interruptible tariff shedding.
50.058,0.0622,1.0042,113.75,116.19,-2.45,82.14,34.1,17.1,47.3,22.84,28.02,9.63,8.0,EV_SURGE,10.0,EV_PLAZA,Dispatch BESS +18MW & Throttle EV Plaza chargers by 25%. Hospital locked immune.
49.893,-0.1808,0.9916,100.34,86.5,13.84,72.38,11.22,10.29,79.8,6.51,30.7,9.57,8.0,SOLAR_DROP,8.8,SOLAR_FARM,Inject BESS synthetic inertia +15MW & ramp utility interconnect spinning reserve.
49.958,-0.1368,0.9936,97.63,89.68,7.95,71.12,6.49,18.19,61.9,6.69,29.8,9.91,8.0,SOLAR_DROP,5.4,SOLAR_FARM,Inject BESS synthetic inertia +15MW & ramp utility interconnect spinning reserve.
49.966,-0.0522,0.9961,101.33,100.48,0.85,72.73,19.85,15.63,58.0,7.2,31.76,9.9,8.0,NOMINAL,5.0,NONE,Nominal operating envelope. Spinning reserves active.
49.988,-0.0302,0.995,111.92,109.84,2.08,79.9,32.12,12.72,65.5,7.02,29.96,20.37,8.0,DATACENTER_SPIKE,10.4,AI_DATACENTER,AI cluster compute power cap & BESS localized peak shaving.
49.789,-0.4121,0.99,120.0,93.98,26.02,86.6,9.13,19.84,65.9,7.25,50.27,10.15,8.0,INDUSTRIAL_INRUSH,29.5,INDUSTRIAL,Activate STATCOM reactive voltage support & engage interruptible tariff shedding.
50.25,0.3586,1.0081,99.71,117.87,-18.15,71.51,34.51,18.35,42.8,7.48,28.45,10.62,8.0,NOMINAL,5.0,NONE,Nominal operating envelope. Spinning reserves active.
49.909,-0.1349,0.9949,99.75,86.89,12.86,71.73,10.72,11.17,77.4,7.35,30.64,9.54,8.0,SOLAR_DROP,6.2,SOLAR_FARM,Inject BESS synthetic inertia +15MW & ramp utility interconnect spinning reserve.
50.007,0.0267,0.9981,99.58,100.25,-0.67,70.71,18.52,16.74,24.8,6.98,30.2,9.16,8.0,BESS_OUTAGE,26.2,BESS_STATION,Emergency demand-response load curtailment. Fast-trip substation feeder protection armed.
49.909,-0.1418,1.0009,102.72,92.36,10.35,74.26,7.84,19.52,78.0,6.85,31.13,9.98,8.0,NOMINAL,5.0,NONE,Nominal operating envelope. Spinning reserves active.
49.879,-0.1089,0.9977,115.63,106.14,9.48,82.41,30.4,10.74,66.9,7.25,30.25,22.97,8.0,DATACENTER_SPIKE,15.9,AI_DATACENTER,AI cluster compute power cap & BESS localized peak shaving.
49.934,-0.0291,1.0011,108.31,107.75,0.56,77.53,31.23,11.52,79.5,7.46,39.79,9.28,8.0,INDUSTRIAL_INRUSH,5.7,INDUSTRIAL,Activate STATCOM reactive voltage support & engage interruptible tariff shedding.
49.984,-0.0684,1.0031,111.97,110.57,1.4,80.23,32.39,13.18,84.6,7.04,31.32,19.93,8.0,DATACENTER_SPIKE,7.9,AI_DATACENTER,AI cluster compute power cap & BESS localized peak shaving.
50.04,0.0353,1.004,100.86,102.89,-2.03,72.24,27.86,10.03,66.5,6.45,30.23,10.27,8.0,NOMINAL,5.0,NONE,Nominal operating envelope. Spinning reserves active.
50.028,0.071,1.0021,99.61,101.0,-1.4,71.21,23.88,12.12,52.7,7.08,31.26,9.8,8.0,NOMINAL,5.0,NONE,Nominal operating envelope. Spinning reserves active.
49.911,-0.1239,1.0051,99.49,90.06,9.44,71.08,6.18,18.88,81.4,6.91,30.25,9.62,8.0,NOMINAL,5.0,NONE,Nominal operating envelope. Spinning reserves active.
49.887,-0.2544,0.9977,99.97,84.02,15.95,71.39,2.36,16.66,68.5,7.25,28.96,10.13,8.0,NOMINAL,5.0,NONE,Nominal operating envelope. Spinning reserves active.
49.943,-0.0712,1.0002,100.99,96.57,4.42,72.32,11.6,19.96,48.2,6.92,30.44,9.79,8.0,NOMINAL,5.0,NONE,Nominal operating envelope. Spinning reserves active.
50.204,0.3252,1.0017,100.25,117.79,-17.55,71.94,34.5,18.3,61.3,7.05,30.61,9.64,8.0,NOMINAL,5.0,NONE,Nominal operating envelope. Spinning reserves active.
50.138,0.3404,1.0043,101.22,114.66,-13.45,73.02,33.69,15.98,40.9,7.11,29.86,9.63,8.0,NOMINAL,5.0,NONE,Nominal operating envelope. Spinning reserves active.
49.401,-1.2756,0.9803,101.59,81.38,20.22,72.25,0.8,15.57,37.9,6.54,31.59,9.6,8.0,BESS_OUTAGE,57.2,BESS_STATION,Emergency demand-response load curtailment. Fast-trip substation feeder protection armed.
50.18,0.2584,1.0044,102.46,117.69,-15.23,73.39,34.47,18.22,82.3,7.37,31.12,10.67,8.0,NOMINAL,5.0,NONE,Nominal operating envelope. Spinning reserves active.
49.928,-0.1117,0.9944,119.78,110.57,9.21,86.1,32.39,13.18,78.1,27.98,28.68,9.97,8.0,EV_SURGE,21.4,EV_PLAZA,Dispatch BESS +18MW & Throttle EV Plaza chargers by 25%. Hospital locked immune.
49.876,-0.2391,0.9915,118.07,102.54,15.52,84.46,27.43,10.11,53.7,26.67,29.37,9.97,8.0,EV_SURGE,22.7,EV_PLAZA,Dispatch BESS +18MW & Throttle EV Plaza chargers by 25%. Hospital locked immune.
49.974,-0.0346,1.0011,101.11,98.2,2.91,72.34,13.67,19.53,80.1,6.79,31.65,9.82,8.0,NOMINAL,5.0,NONE,Nominal operating envelope. Spinning reserves active.
49.875,-0.2013,0.9995,119.64,100.95,18.69,86.4,23.6,12.35,55.6,24.54,30.86,9.26,8.0,EV_SURGE,20.4,EV_PLAZA,Dispatch BESS +18MW & Throttle EV Plaza chargers by 25%. Hospital locked immune.
49.92,-0.0667,1.0049,99.0,94.51,4.49,71.33,9.6,19.92,66.4,7.11,30.28,9.59,8.0,NOMINAL,5.0,NONE,Nominal operating envelope. Spinning reserves active.
49.937,-0.1198,0.9957,98.78,97.03,1.75,70.26,12.13,19.9,66.0,7.05,29.64,10.83,8.0,NOMINAL,5.0,NONE,Nominal operating envelope. Spinning reserves active.
49.941,-0.1776,1.0019,99.65,89.31,10.33,71.0,5.68,18.64,61.3,6.66,29.57,9.42,8.0,NOMINAL,5.0,NONE,Nominal operating envelope. Spinning reserves active.
49.995,-0.044,0.9981,118.87,118.1,0.77,85.67,34.57,18.53,52.2,27.07,28.93,10.42,8.0,EV_SURGE,16.3,EV_PLAZA,Dispatch BESS +18MW & Throttle EV Plaza chargers by 25%. Hospital locked immune.
50.292,0.4551,1.0024,98.39,119.81,-21.41,70.34,34.96,19.85,62.1,6.7,30.15,9.99,8.0,NOMINAL,5.0,NONE,Nominal operating envelope. Spinning reserves active.
49.887,-0.1143,0.9952,116.05,104.5,11.55,83.42,29.34,10.16,81.5,24.35,28.68,9.91,8.0,EV_SURGE,18.6,EV_PLAZA,Dispatch BESS +18MW & Throttle EV Plaza chargers by 25%. Hospital locked immune.
50.267,0.3964,1.0098,100.29,120.0,-19.71,71.8,35.0,20.0,61.7,7.14,29.75,10.49,8.0,NOMINAL,5.0,NONE,Nominal operating envelope. Spinning reserves active.
50.085,0.1255,1.0051,97.44,103.18,-5.74,69.59,28.18,10.0,56.9,7.1,29.38,9.83,8.0,NOMINAL,5.0,NONE,Nominal operating envelope. Spinning reserves active.
49.963,-0.0316,0.9983,99.12,96.07,3.05,71.06,11.08,20.0,52.5,6.98,30.38,9.59,8.0,NOMINAL,5.0,NONE,Nominal operating envelope. Spinning reserves active.
49.921,-0.0997,1.0001,98.04,92.3,5.74,69.87,7.31,19.99,65.8,6.92,29.45,9.96,8.0,SOLAR_DROP,5.0,SOLAR_FARM,Inject BESS synthetic inertia +15MW & ramp utility interconnect spinning reserve.
49.774,-0.2809,0.988,117.36,91.71,25.65,84.11,7.35,19.36,72.7,7.21,47.88,10.14,8.0,INDUSTRIAL_INRUSH,27.8,INDUSTRIAL,Activate STATCOM reactive voltage support & engage interruptible tariff shedding.
50.205,0.281,1.0081,101.64,119.41,-17.77,72.54,34.87,19.54,47.3,6.65,30.85,10.41,8.0,NOMINAL,5.0,NONE,Nominal operating envelope. Spinning reserves active.
49.979,-0.0624,1.0011,100.03,95.33,4.69,71.47,10.47,19.86,70.4,6.62,29.54,10.27,8.0,SOLAR_DROP,5.0,SOLAR_FARM,Inject BESS synthetic inertia +15MW & ramp utility interconnect spinning reserve.
49.899,-0.1016,0.9981,99.4,89.11,10.3,71.11,5.54,18.57,43.2,7.13,29.09,9.86,8.0,NOMINAL,5.0,NONE,Nominal operating envelope. Spinning reserves active.
49.953,-0.1254,1.0003,101.31,93.54,7.77,72.74,19.24,9.3,59.0,6.79,30.42,9.73,8.0,WIND_STALL,5.0,WIND_FARM,Command turbine blade pitch compensation & AGC governor reserve ramp.
50.051,0.1172,1.0045,118.16,119.84,-1.67,84.82,34.96,19.87,78.9,7.2,46.56,10.17,8.0,INDUSTRIAL_INRUSH,13.7,INDUSTRIAL,Activate STATCOM reactive voltage support & engage interruptible tariff shedding.
49.91,-0.177,0.9985,114.51,100.18,14.33,82.31,18.2,16.98,79.5,6.26,45.51,9.79,8.0,INDUSTRIAL_INRUSH,14.2,INDUSTRIAL,Activate STATCOM reactive voltage support & engage interruptible tariff shedding.
49.873,-0.2229,0.9939,115.68,96.74,18.94,83.05,11.79,19.95,67.9,7.37,45.83,10.13,8.0,INDUSTRIAL_INRUSH,19.3,INDUSTRIAL,Activate STATCOM reactive voltage support & engage interruptible tariff shedding.
50.01,0.0388,1.0026,98.66,100.81,-2.15,70.41,22.71,13.1,41.5,7.31,29.85,9.87,8.0,NOMINAL,5.0,NONE,Nominal operating envelope. Spinning reserves active.
50.023,0.0961,1.0054,99.5,101.0,-1.5,70.33,23.85,12.15,64.9,6.89,31.22,9.73,8.0,NOMINAL,5.0,NONE,Nominal operating envelope. Spinning reserves active.
50.272,0.3313,1.0033,97.99,117.75,-19.76,69.37,34.48,18.27,68.0,6.46,29.07,10.27,8.0,NOMINAL,5.0,NONE,Nominal operating envelope. Spinning reserves active.
49.694,-0.4569,0.9937,113.14,83.75,29.39,80.95,2.2,16.55,64.8,7.52,29.78,24.33,8.0,DATACENTER_SPIKE,22.5,AI_DATACENTER,AI cluster compute power cap & BESS localized peak shaving.
49.912,-0.1416,0.9936,99.58,86.39,13.19,71.23,1.58,19.82,68.4,7.09,29.66,9.71,8.0,SOLAR_DROP,6.9,SOLAR_FARM,Inject BESS synthetic inertia +15MW & ramp utility interconnect spinning reserve.
50.032,0.0517,1.0026,102.91,104.97,-2.06,73.82,29.67,10.3,72.6,6.93,32.25,10.09,8.0,NOMINAL,5.0,NONE,Nominal operating envelope. Spinning reserves active.
49.579,-0.6752,0.9872,99.38,86.48,12.9,70.98,3.86,17.62,26.0,7.23,30.63,9.52,8.0,BESS_OUTAGE,47.1,BESS_STATION,Emergency demand-response load curtailment. Fast-trip substation feeder protection armed.
49.999,0.0423,0.9938,115.32,118.03,-2.71,83.54,34.55,18.48,52.6,22.54,29.21,10.44,8.0,EV_SURGE,15.9,EV_PLAZA,Dispatch BESS +18MW & Throttle EV Plaza chargers by 25%. Hospital locked immune.
49.92,-0.1358,1.002,100.64,92.92,7.72,71.51,8.27,19.65,57.4,6.41,32.0,10.04,8.0,NOMINAL,5.0,NONE,Nominal operating envelope. Spinning reserves active.
50.084,0.0892,1.0032,114.46,119.41,-4.95,82.54,34.87,19.54,70.6,6.92,44.68,10.06,8.0,INDUSTRIAL_INRUSH,10.6,INDUSTRIAL,Activate STATCOM reactive voltage support & engage interruptible tariff shedding.
49.859,-0.2048,0.9992,100.94,86.5,14.44,72.72,12.2,9.3,84.0,7.02,31.44,9.98,8.0,WIND_STALL,5.2,WIND_FARM,Command turbine blade pitch compensation & AGC governor reserve ramp.
50.091,0.0978,0.9975,113.75,118.9,-5.15,81.32,34.75,19.14,56.8,6.57,46.53,9.44,8.0,INDUSTRIAL_INRUSH,10.4,INDUSTRIAL,Activate STATCOM reactive voltage support & engage interruptible tariff shedding.
49.916,-0.1777,0.9988,112.0,99.72,12.28,80.05,16.64,18.08,82.1,19.59,29.3,10.29,8.0,EV_SURGE,10.6,EV_PLAZA,Dispatch BESS +18MW & Throttle EV Plaza chargers by 25%. Hospital locked immune.
50.176,0.3167,1.0035,98.34,112.07,-13.73,69.91,32.9,14.16,84.1,6.52,29.8,9.6,8.0,NOMINAL,5.0,NONE,Nominal operating envelope. Spinning reserves active.
49.841,-0.2515,0.992,120.83,102.69,18.14,86.3,27.63,10.07,56.6,28.06,30.02,9.78,8.0,EV_SURGE,26.1,EV_PLAZA,Dispatch BESS +18MW & Throttle EV Plaza chargers by 25%. Hospital locked immune.
49.984,-0.0398,0.9935,101.26,100.6,0.66,71.83,20.82,14.78,65.6,6.81,29.89,9.73,8.0,NOMINAL,5.0,NONE,Nominal operating envelope. Spinning reserves active.
49.981,-0.0429,0.994,99.7,96.82,2.87,70.63,11.89,19.93,61.8,7.35,29.28,10.28,8.0,NOMINAL,5.0,NONE,Nominal operating envelope. Spinning reserves active.
49.829,-0.1873,0.9973,99.65,82.68,16.97,70.92,5.24,12.44,69.3,7.55,30.02,10.05,8.0,SOLAR_DROP,7.4,SOLAR_FARM,Inject BESS synthetic inertia +15MW & ramp utility interconnect spinning reserve.
49.981,-0.0461,1.0009,100.3,99.56,0.74,71.02,16.22,18.34,40.8,6.84,30.11,10.32,8.0,NOMINAL,5.0,NONE,Nominal operating envelope. Spinning reserves active.
49.905,-0.1675,0.9908,101.0,86.56,14.44,72.07,2.21,19.35,43.5,6.95,31.24,10.0,8.0,SOLAR_DROP,8.9,SOLAR_FARM,Inject BESS synthetic inertia +15MW & ramp utility interconnect spinning reserve.
49.914,-0.1416,0.9968,101.17,87.66,13.51,73.17,12.66,10.0,55.1,7.36,31.97,9.38,8.0,SOLAR_DROP,5.0,SOLAR_FARM,Inject BESS synthetic inertia +15MW & ramp utility interconnect spinning reserve.
49.885,-0.2597,0.9932,113.56,97.28,16.28,81.14,12.43,19.85,40.7,22.62,29.73,9.75,8.0,EV_SURGE,16.7,EV_PLAZA,Dispatch BESS +18MW & Throttle EV Plaza chargers by 25%. Hospital locked immune.
49.781,-0.3509,0.9934,110.99,88.72,22.26,78.83,5.29,18.44,54.0,7.03,29.88,21.33,8.0,DATACENTER_SPIKE,16.8,AI_DATACENTER,AI cluster compute power cap & BESS localized peak shaving.
49.433,-1.0864,0.9825,101.33,83.02,18.31,72.62,1.77,16.25,20.7,6.97,31.62,9.84,8.0,BESS_OUTAGE,54.9,BESS_STATION,Emergency demand-response load curtailment. Fast-trip substation feeder protection armed.
49.924,-0.1198,0.9951,100.47,90.88,9.59,71.62,6.76,19.13,76.0,6.77,30.75,9.92,8.0,NOMINAL,5.0,NONE,Nominal operating envelope. Spinning reserves active.
50.111,0.1775,0.9994,98.94,105.72,-6.78,70.86,33.82,6.91,78.1,6.6,28.78,10.39,8.0,WIND_STALL,5.0,WIND_FARM,Command turbine blade pitch compensation & AGC governor reserve ramp.
49.942,-0.0749,0.9986,100.71,95.52,5.19,72.12,10.53,20.0,60.6,7.28,29.44,9.68,8.0,NOMINAL,5.0,NONE,Nominal operating envelope. Spinning reserves active.
49.914,-0.2035,0.9993,113.0,100.82,12.18,81.44,22.74,13.07,64.9,19.87,31.35,10.33,8.0,EV_SURGE,12.3,EV_PLAZA,Dispatch BESS +18MW & Throttle EV Plaza chargers by 25%. Hospital locked immune.
49.87,-0.1144,1.0007,100.12,92.32,7.81,71.31,16.46,10.85,78.3,7.21,29.74,10.04,8.0,WIND_STALL,5.0,WIND_FARM,Command turbine blade pitch compensation & AGC governor reserve ramp.
49.901,-0.187,0.9946,112.32,100.28,12.03,80.69,18.68,16.61,80.4,20.51,29.76,9.9,8.0,EV_SURGE,14.6,EV_PLAZA,Dispatch BESS +18MW & Throttle EV Plaza chargers by 25%. Hospital locked immune.
49.657,-0.8102,0.9872,116.79,84.81,31.98,84.28,2.84,16.97,55.7,6.57,47.32,9.61,8.0,INDUSTRIAL_INRUSH,32.4,INDUSTRIAL,Activate STATCOM reactive voltage support & engage interruptible tariff shedding.
50.228,0.4006,1.0076,99.81,117.66,-17.84,71.89,34.46,18.19,42.2,6.8,29.49,9.76,8.0,NOMINAL,5.0,NONE,Nominal operating envelope. Spinning reserves active.
49.888,-0.2171,0.9958,109.67,93.01,16.67,77.8,8.34,19.67,63.0,7.08,29.07,20.37,8.0,DATACENTER_SPIKE,10.3,AI_DATACENTER,AI cluster compute power cap & BESS localized peak shaving.
49.937,-0.0834,0.9927,100.39,91.85,8.54,71.65,7.45,19.39,46.6,7.0,30.26,9.34,8.0,NOMINAL,5.0,NONE,Nominal operating envelope. Spinning reserves active.
49.298,-1.0931,0.9777,101.81,80.01,21.8,71.94,0.0,15.0,31.2,7.41,30.4,9.95,8.0,BESS_OUTAGE,62.3,BESS_STATION,Emergency demand-response load curtailment. Fast-trip substation feeder protection armed.
49.741,-0.2453,0.9952,99.27,75.57,23.7,70.68,3.17,7.41,40.1,6.83,28.12,10.07,8.0,WIND_STALL,11.6,WIND_FARM,Command turbine blade pitch compensation & AGC governor reserve ramp.
49.842,-0.3127,0.9946,101.21,82.4,18.81,72.95,3.63,13.78,52.5,6.99,31.73,9.64,8.0,SOLAR_DROP,8.6,SOLAR_FARM,Inject BESS synthetic inertia +15MW & ramp utility interconnect spinning reserve.
50.282,0.4575,1.0106,101.45,118.71,-17.26,72.54,34.71,19.0,59.0,6.92,31.62,9.83,8.0,NOMINAL,5.0,NONE,Nominal operating envelope. Spinning reserves active.
50.187,0.2559,1.0135,101.5,113.36,-11.86,73.31,33.31,15.05,68.4,6.82,30.13,9.92,8.0,NOMINAL,5.0,NONE,Nominal operating envelope. Spinning reserves active.
49.919,-0.1404,0.9963,110.52,98.26,12.26,79.52,13.76,19.5,63.1,7.07,41.29,10.03,8.0,INDUSTRIAL_INRUSH,11.3,INDUSTRIAL,Activate STATCOM reactive voltage support & engage interruptible tariff shedding.
49.87,-0.1105,0.9987,110.99,100.82,10.17,79.94,22.74,13.08,68.6,7.16,29.89,21.42,8.0,DATACENTER_SPIKE,12.1,AI_DATACENTER,AI cluster compute power cap & BESS localized peak shaving.
49.852,-0.2894,0.9934,100.65,82.89,17.76,72.35,4.29,13.6,77.5,6.81,28.97,9.93,8.0,SOLAR_DROP,9.0,SOLAR_FARM,Inject BESS synthetic inertia +15MW & ramp utility interconnect spinning reserve.
49.87,-0.2018,1.0008,99.27,83.27,15.99,70.88,1.92,16.35,46.4,6.95,29.83,10.59,8.0,NOMINAL,5.0,NONE,Nominal operating envelope. Spinning reserves active.
49.826,-0.3325,0.9919,98.56,72.96,25.59,70.95,1.37,6.59,43.3,7.0,29.78,10.18,8.0,WIND_STALL,10.8,WIND_FARM,Command turbine blade pitch compensation & AGC governor reserve ramp.
49.886,-0.2148,0.9934,107.67,94.69,12.98,77.09,9.75,19.94,53.3,7.23,29.35,18.75,8.0,DATACENTER_SPIKE,10.9,AI_DATACENTER,AI cluster compute power cap & BESS localized peak shaving.
49.809,-0.2182,0.9948,118.8,97.38,21.42,85.16,12.55,19.83,64.4,24.7,31.39,9.97,8.0,EV_SURGE,23.8,EV_PLAZA,Dispatch BESS +18MW & Throttle EV Plaza chargers by 25%. Hospital locked immune.
49.968,-0.0733,0.9997,100.35,98.88,1.46,71.08,14.78,19.1,41.5,7.28,29.4,10.13,8.0,NOMINAL,5.0,NONE,Nominal operating envelope. Spinning reserves active.
50.268,0.3499,1.0074,97.37,116.77,-19.39,70.17,34.24,17.52,80.8,7.05,29.7,10.06,8.0,NOMINAL,5.0,NONE,Nominal operating envelope. Spinning reserves active.
49.913,-0.1864,0.997,109.6,98.65,10.95,78.18,14.38,19.27,57.4,7.09,29.06,19.97,8.0,DATACENTER_SPIKE,9.3,AI_DATACENTER,AI cluster compute power cap & BESS localized peak shaving.
49.929,-0.0829,0.9914,117.68,112.58,5.1,84.59,33.07,14.51,78.2,24.02,28.9,9.69,8.0,EV_SURGE,21.1,EV_PLAZA,Dispatch BESS +18MW & Throttle EV Plaza chargers by 25%. Hospital locked immune.
49.879,-0.1484,0.9924,116.65,101.96,14.69,84.21,26.55,10.41,40.6,23.81,30.78,9.83,8.0,EV_SURGE,21.7,EV_PLAZA,Dispatch BESS +18MW & Throttle EV Plaza chargers by 25%. Hospital locked immune.
49.931,-0.1791,1.0038,99.96,88.49,11.47,71.34,12.3,11.19,68.7,7.23,28.4,10.7,8.0,SOLAR_DROP,5.0,SOLAR_FARM,Inject BESS synthetic inertia +15MW & ramp utility interconnect spinning reserve.
49.858,-0.1728,0.9991,118.58,103.62,14.95,85.58,28.61,10.01,76.6,22.38,31.85,10.43,8.0,EV_SURGE,20.1,EV_PLAZA,Dispatch BESS +18MW & Throttle EV Plaza chargers by 25%. Hospital locked immune.
50.013,0.0076,0.9978,102.29,102.45,-0.15,72.93,27.3,10.14,57.3,7.31,31.34,10.0,8.0,NOMINAL,5.0,NONE,Nominal operating envelope. Spinning reserves active.
49.96,-0.0639,1.0,100.56,99.33,1.23,71.84,15.68,18.65,74.9,7.33,29.93,10.01,8.0,NOMINAL,5.0,NONE,Nominal operating envelope. Spinning reserves active.
50.041,0.0581,1.0026,100.5,101.33,-0.84,71.28,31.39,4.94,43.7,6.98,30.28,10.09,8.0,WIND_STALL,5.0,WIND_FARM,Command turbine blade pitch compensation & AGC governor reserve ramp.
49.913,-0.1461,0.9956,111.17,97.9,13.26,79.77,13.24,19.66,80.2,7.1,30.79,22.32,8.0,DATACENTER_SPIKE,12.4,AI_DATACENTER,AI cluster compute power cap & BESS localized peak shaving.
49.943,-0.0717,1.0031,112.66,105.62,7.04,80.44,30.1,10.53,59.2,7.02,43.47,9.47,8.0,INDUSTRIAL_INRUSH,9.5,INDUSTRIAL,Activate STATCOM reactive voltage support & engage interruptible tariff shedding.
50.122,0.2138,0.9983,99.58,110.99,-11.41,70.8,32.54,13.45,65.7,6.28,29.73,9.67,8.0,NOMINAL,5.0,NONE,Nominal operating envelope. Spinning reserves active.
50.063,0.1062,1.0014,113.21,118.51,-5.3,80.73,34.66,18.84,73.9,6.87,43.75,9.03,8.0,INDUSTRIAL_INRUSH,8.0,INDUSTRIAL,Activate STATCOM reactive voltage support & engage interruptible tariff shedding.
49.809,-0.2634,0.9895,112.66,90.54,22.12,81.04,6.51,19.03,50.5,6.82,43.24,10.14,8.0,INDUSTRIAL_INRUSH,21.4,INDUSTRIAL,Activate STATCOM reactive voltage support & engage interruptible tariff shedding.
50.243,0.3671,1.0037,100.99,119.08,-18.1,72.03,34.8,19.29,55.1,6.7,30.93,9.66,8.0,NOMINAL,5.0,NONE,Nominal operating envelope. Spinning reserves active.
50.048,0.0749,0.9928,100.61,103.7,-3.09,72.41,32.28,6.42,47.8,7.02,29.06,10.19,8.0,WIND_STALL,5.0,WIND_FARM,Command turbine blade pitch compensation & AGC governor reserve ramp.
49.922,-0.1299,0.9945,108.65,100.91,7.73,77.24,23.38,12.53,44.0,7.26,28.98,20.66,8.0,DATACENTER_SPIKE,9.2,AI_DATACENTER,AI cluster compute power cap & BESS localized peak shaving.
49.889,-0.188,0.9984,117.23,101.59,15.64,83.93,25.81,10.78,68.1,6.66,47.99,9.68,8.0,INDUSTRIAL_INRUSH,17.2,INDUSTRIAL,Activate STATCOM reactive voltage support & engage interruptible tariff shedding.
49.911,-0.1741,0.9934,113.21,100.4,12.81,81.33,19.29,16.11,71.0,19.73,30.41,10.23,8.0,EV_SURGE,16.0,EV_PLAZA,Dispatch BESS +18MW & Throttle EV Plaza chargers by 25%. Hospital locked immune.
49.915,-0.1271,0.9907,102.75,89.64,13.12,73.75,5.9,18.74,48.9,7.2,32.25,10.15,8.0,NOMINAL,5.0,NONE,Nominal operating envelope. Spinning reserves active.
50.055,0.091,0.9987,112.21,116.23,-4.02,80.33,34.11,17.12,56.8,7.37,29.97,19.6,8.0,DATACENTER_SPIKE,8.3,AI_DATACENTER,AI cluster compute power cap & BESS localized peak shaving.
50.006,0.0532,1.0041,114.13,116.16,-2.04,83.08,34.09,17.07,75.9,6.71,44.5,10.24,8.0,INDUSTRIAL_INRUSH,11.3,INDUSTRIAL,Activate STATCOM reactive voltage support & engage interruptible tariff shedding.
50.0,-0.0284,0.9961,101.72,99.41,2.3,72.81,15.86,18.55,72.8,7.24,30.85,10.45,8.0,NOMINAL,5.0,NONE,Nominal operating envelope. Spinning reserves active.
49.949,-0.146,0.9993,119.68,111.19,8.49,85.45,32.61,13.58,84.9,24.27,32.19,9.38,8.0,EV_SURGE,16.7,EV_PLAZA,Dispatch BESS +18MW & Throttle EV Plaza chargers by 25%. Hospital locked immune.
50.042,0.0632,1.0029,115.12,117.54,-2.43,82.69,34.43,18.11,72.0,7.04,44.46,10.05,8.0,INDUSTRIAL_INRUSH,10.8,INDUSTRIAL,Activate STATCOM reactive voltage support & engage interruptible tariff shedding.
49.868,-0.1549,0.9962,115.64,100.66,14.99,83.55,21.32,14.33,60.8,7.38,44.88,10.04,8.0,INDUSTRIAL_INRUSH,18.8,INDUSTRIAL,Activate STATCOM reactive voltage support & engage interruptible tariff shedding.
49.893,-0.1652,0.9916,113.63,97.07,16.56,81.31,12.17,19.89,48.5,7.26,43.97,9.37,8.0,INDUSTRIAL_INRUSH,17.7,INDUSTRIAL,Activate STATCOM reactive voltage support & engage interruptible tariff shedding.
49.69,-0.4401,0.9911,113.66,84.6,29.06,81.33,2.71,16.89,79.1,6.78,43.46,9.59,8.0,INDUSTRIAL_INRUSH,24.7,INDUSTRIAL,Activate STATCOM reactive voltage support & engage interruptible tariff shedding.
49.888,-0.2129,0.993,101.94,87.78,14.16,72.71,11.84,10.95,58.6,7.47,30.97,10.2,8.0,SOLAR_DROP,8.1,SOLAR_FARM,Inject BESS synthetic inertia +15MW & ramp utility interconnect spinning reserve.
49.906,-0.1719,0.9927,99.9,87.22,12.67,70.89,4.32,17.9,74.4,7.19,28.24,10.84,8.0,NOMINAL,5.0,NONE,Nominal operating envelope. Spinning reserves active.
50.258,0.3066,1.0078,101.67,119.09,-17.42,72.55,34.8,19.29,55.8,6.84,30.59,10.2,8.0,NOMINAL,5.0,NONE,Nominal operating envelope. Spinning reserves active.
49.895,-0.1385,0.9961,100.38,86.3,14.08,71.24,2.18,19.12,73.1,7.39,30.06,9.98,8.0,SOLAR_DROP,6.0,SOLAR_FARM,Inject BESS synthetic inertia +15MW & ramp utility interconnect spinning reserve.
50.199,0.4557,1.0108,95.05,113.5,-18.45,67.37,33.35,15.15,59.8,7.2,27.68,9.27,8.0,NOMINAL,5.0,NONE,Nominal operating envelope. Spinning reserves active.
49.802,-0.3621,0.9944,123.83,98.52,25.31,88.5,14.17,19.36,70.6,28.77,30.1,9.71,8.0,EV_SURGE,29.0,EV_PLAZA,Dispatch BESS +18MW & Throttle EV Plaza chargers by 25%. Hospital locked immune.
49.759,-0.343,0.9898,109.64,82.07,27.57,78.41,1.21,15.86,60.8,7.01,28.28,21.8,8.0,DATACENTER_SPIKE,19.2,AI_DATACENTER,AI cluster compute power cap & BESS localized peak shaving.
49.836,-0.3581,0.9956,101.79,80.09,21.7,71.86,0.05,15.04,79.7,7.02,31.4,9.48,8.0,NOMINAL,5.0,NONE,Nominal operating envelope. Spinning reserves active.
50.056,0.0361,1.0008,117.63,119.95,-2.32,86.14,34.99,19.96,57.6,7.02,48.06,10.02,8.0,INDUSTRIAL_INRUSH,15.6,INDUSTRIAL,Activate STATCOM reactive voltage support & engage interruptible tariff shedding.
49.951,-0.0658,0.9988,100.15,96.24,3.91,70.96,24.15,7.09,69.4,7.3,29.55,9.58,8.0,WIND_STALL,5.0,WIND_FARM,Command turbine blade pitch compensation & AGC governor reserve ramp.
49.937,-0.1278,1.0034,99.11,90.91,8.21,71.21,15.04,10.86,46.4,6.97,29.96,9.48,8.0,WIND_STALL,5.0,WIND_FARM,Command turbine blade pitch compensation & AGC governor reserve ramp.
49.529,-0.8742,0.9848,116.4,81.61,34.78,83.49,0.94,15.67,77.1,7.03,45.46,9.74,8.0,INDUSTRIAL_INRUSH,37.1,INDUSTRIAL,Activate STATCOM reactive voltage support & engage interruptible tariff shedding.
49.956,-0.0815,0.9977,108.02,99.75,8.27,77.65,16.71,18.04,83.4,6.86,30.3,18.27,8.0,DATACENTER_SPIKE,6.6,AI_DATACENTER,AI cluster compute power cap & BESS localized peak shaving.
49.878,-0.2792,0.9991,116.48,100.48,16.0,83.67,19.88,15.61,44.7,22.04,30.07,10.46,8.0,EV_SURGE,16.7,EV_PLAZA,Dispatch BESS +18MW & Throttle EV Plaza chargers by 25%. Hospital locked immune.
49.869,-0.2022,0.995,112.43,100.7,11.73,80.24,21.7,14.0,45.2,7.01,41.8,10.03,8.0,INDUSTRIAL_INRUSH,14.8,INDUSTRIAL,Activate STATCOM reactive voltage support & engage interruptible tariff shedding.
50.254,0.5209,1.0105,100.32,120.0,-19.68,72.13,35.0,20.0,62.7,7.09,31.2,10.76,8.0,NOMINAL,5.0,NONE,Nominal operating envelope. Spinning reserves active.
49.972,-0.035,1.0045,114.75,114.21,0.54,82.57,33.56,15.65,46.7,22.4,29.27,9.55,8.0,EV_SURGE,11.5,EV_PLAZA,Dispatch BESS +18MW & Throttle EV Plaza chargers by 25%. Hospital locked immune.
49.919,-0.1674,0.9966,117.86,106.13,11.73,85.18,30.4,10.73,45.1,25.81,28.65,10.58,8.0,EV_SURGE,19.1,EV_PLAZA,Dispatch BESS +18MW & Throttle EV Plaza chargers by 25%. Hospital locked immune.
49.975,-0.0548,1.0009,101.91,97.87,4.04,72.99,13.19,19.68,75.5,7.33,31.13,10.83,8.0,NOMINAL,5.0,NONE,Nominal operating envelope. Spinning reserves active.
50.058,0.1162,1.004,112.0,117.26,-5.25,80.71,34.37,17.89,44.6,6.89,41.84,9.99,8.0,INDUSTRIAL_INRUSH,8.0,INDUSTRIAL,Activate STATCOM reactive voltage support & engage interruptible tariff shedding.
49.965,-0.0592,0.9969,120.98,119.97,1.01,87.43,34.99,19.98,52.4,28.08,29.99,9.91,8.0,EV_SURGE,20.5,EV_PLAZA,Dispatch BESS +18MW & Throttle EV Plaza chargers by 25%. Hospital locked immune.
49.62,-0.404,0.9884,112.55,82.63,29.92,81.64,1.54,16.09,50.3,6.38,28.86,23.62,8.0,DATACENTER_SPIKE,29.2,AI_DATACENTER,AI cluster compute power cap & BESS localized peak shaving.
49.922,-0.1745,0.9952,99.19,87.78,11.4,71.17,4.68,18.11,43.7,7.01,29.03,10.51,8.0,NOMINAL,5.0,NONE,Nominal operating envelope. Spinning reserves active.
49.775,-0.3758,0.9918,111.01,84.11,26.9,79.68,2.42,16.69,56.4,7.0,30.34,21.51,8.0,DATACENTER_SPIKE,19.2,AI_DATACENTER,AI cluster compute power cap & BESS localized peak shaving.
49.831,-0.2124,0.9979,117.41,99.36,18.05,84.36,15.74,18.62,81.5,25.16,29.11,10.26,8.0,EV_SURGE,20.0,EV_PLAZA,Dispatch BESS +18MW & Throttle EV Plaza chargers by 25%. Hospital locked immune.
50.198,0.3122,1.0065,101.09,117.6,-16.51,72.36,34.45,18.16,58.1,7.43,29.71,10.34,8.0,NOMINAL,5.0,NONE,Nominal operating envelope. Spinning reserves active.
49.997,0.0008,1.0015,101.82,101.84,-0.01,71.69,26.33,10.51,42.7,7.73,30.34,10.7,8.0,NOMINAL,5.0,NONE,Nominal operating envelope. Spinning reserves active.
49.94,-0.0823,0.9945,99.83,98.25,1.59,70.98,13.73,19.51,41.3,7.13,30.04,9.99,8.0,NOMINAL,5.0,NONE,Nominal operating envelope. Spinning reserves active.
49.842,-0.302,0.9972,101.24,82.77,18.47,71.35,5.66,12.11,83.9,7.12,29.97,10.55,8.0,SOLAR_DROP,7.0,SOLAR_FARM,Inject BESS synthetic inertia +15MW & ramp utility interconnect spinning reserve.
49.525,-0.6465,0.9835,100.24,85.09,15.15,71.42,3.01,17.09,32.9,7.49,29.78,9.78,8.0,BESS_OUTAGE,51.1,BESS_STATION,Emergency demand-response load curtailment. Fast-trip substation feeder protection armed.
49.873,-0.1966,0.9953,110.1,93.67,16.44,78.52,8.87,19.79,79.9,7.43,28.26,22.64,8.0,DATACENTER_SPIKE,12.1,AI_DATACENTER,AI cluster compute power cap & BESS localized peak shaving.
49.895,-0.1919,0.9981,112.14,100.25,11.89,81.51,18.53,16.72,63.4,20.68,29.01,10.0,8.0,EV_SURGE,13.8,EV_PLAZA,Dispatch BESS +18MW & Throttle EV Plaza chargers by 25%. Hospital locked immune.
50.047,0.0565,0.9947,98.63,100.9,-2.27,70.06,23.29,12.61,72.1,6.89,29.9,9.65,8.0,NOMINAL,5.0,NONE,Nominal operating envelope. Spinning reserves active.
49.879,-0.2283,0.9973,120.73,107.45,13.27,86.97,31.09,11.36,82.6,28.4,29.77,10.63,8.0,EV_SURGE,22.5,EV_PLAZA,Dispatch BESS +18MW & Throttle EV Plaza chargers by 25%. Hospital locked immune.
49.908,-0.1425,0.9964,99.94,89.33,10.61,71.49,16.19,8.14,45.0,6.83,29.71,9.97,8.0,WIND_STALL,5.3,WIND_FARM,Command turbine blade pitch compensation & AGC governor reserve ramp.
50.233,0.3227,1.0106,100.53,118.95,-18.42,70.6,34.77,19.18,42.3,6.67,30.55,9.78,8.0,NOMINAL,5.0,NONE,Nominal operating envelope. Spinning reserves active.
50.059,0.0817,1.0015,98.95,100.84,-1.9,70.69,22.92,12.92,85.0,7.21,28.83,10.43,8.0,NOMINAL,5.0,NONE,Nominal operating envelope. Spinning reserves active.
50.253,0.419,1.0101,99.91,119.96,-20.05,71.03,34.99,19.97,68.4,6.76,30.88,9.82,8.0,NOMINAL,5.0,NONE,Nominal operating envelope. Spinning reserves active.
49.829,-0.3196,0.9974,116.18,95.41,20.76,83.34,10.42,19.99,71.4,7.15,45.69,9.51,8.0,INDUSTRIAL_INRUSH,19.0,INDUSTRIAL,Activate STATCOM reactive voltage support & engage interruptible tariff shedding.
50.211,0.3772,1.0054,99.38,113.3,-13.92,70.24,33.29,15.01,60.9,7.09,30.6,9.7,8.0,NOMINAL,5.0,NONE,Nominal operating envelope. Spinning reserves active.
49.962,-0.0382,0.9973,102.75,100.2,2.55,73.37,18.27,16.93,58.7,7.41,31.74,10.05,8.0,NOMINAL,5.0,NONE,Nominal operating envelope. Spinning reserves active.
49.8,-0.309,0.9967,124.58,104.38,20.2,90.27,29.24,10.13,55.8,28.89,31.65,10.18,8.0,EV_SURGE,30.1,EV_PLAZA,Dispatch BESS +18MW & Throttle EV Plaza chargers by 25%. Hospital locked immune.
49.637,-0.7443,0.9884,115.89,85.02,30.87,83.05,2.97,17.06,65.7,7.28,45.52,9.93,8.0,INDUSTRIAL_INRUSH,30.6,INDUSTRIAL,Activate STATCOM reactive voltage support & engage interruptible tariff shedding.
49.836,-0.2881,0.9907,110.74,88.6,22.14,80.25,5.2,18.39,66.0,6.72,42.05,10.25,8.0,INDUSTRIAL_INRUSH,18.6,INDUSTRIAL,Activate STATCOM reactive voltage support & engage interruptible tariff shedding.
49.793,-0.3941,0.9994,99.31,72.27,27.04,70.88,0.59,6.68,56.1,7.08,29.3,9.73,8.0,WIND_STALL,7.3,WIND_FARM,Command turbine blade pitch compensation & AGC governor reserve ramp.
50.087,0.0934,1.0046,113.62,119.54,-5.92,81.81,34.9,19.64,61.2,6.8,41.69,10.48,8.0,INDUSTRIAL_INRUSH,9.5,INDUSTRIAL,Activate STATCOM reactive voltage support & engage interruptible tariff shedding.
49.91,-0.0801,0.9973,116.4,109.74,6.66,83.49,32.08,12.66,80.1,6.97,47.06,9.91,8.0,INDUSTRIAL_INRUSH,16.6,INDUSTRIAL,Activate STATCOM reactive voltage support & engage interruptible tariff shedding.
49.92,-0.1253,0.9935,100.6,91.9,8.7,72.15,9.36,17.55,42.3,7.15,29.17,10.55,8.0,SOLAR_DROP,6.7,SOLAR_FARM,Inject BESS synthetic inertia +15MW & ramp utility interconnect spinning reserve.
50.114,0.1576,1.0024,98.66,108.17,-9.52,70.06,34.92,8.26,76.1,6.65,29.0,10.06,8.0,WIND_STALL,5.0,WIND_FARM,Command turbine blade pitch compensation & AGC governor reserve ramp.
49.972,-0.071,0.9944,106.96,101.13,5.83,76.56,24.45,11.68,81.5,6.76,28.94,19.88,8.0,DATACENTER_SPIKE,6.7,AI_DATACENTER,AI cluster compute power cap & BESS localized peak shaving.
50.023,0.0591,1.0017,98.37,101.7,-3.33,70.07,26.05,10.65,74.5,7.5,28.51,10.28,8.0,NOMINAL,5.0,NONE,Nominal operating envelope. Spinning reserves active.
50.261,0.4544,1.0084,98.61,119.33,-20.72,70.39,34.85,19.48,64.8,7.28,29.9,9.07,8.0,NOMINAL,5.0,NONE,Nominal operating envelope. Spinning reserves active.
49.995,0.0172,1.0042,101.23,101.54,-0.31,72.02,25.69,10.85,43.7,7.23,29.02,10.66,8.0,NOMINAL,5.0,NONE,Nominal operating envelope. Spinning reserves active.
50.027,0.0509,0.999,100.64,101.52,-0.88,71.93,16.8,19.72,70.6,6.79,30.34,10.37,8.0,SOLAR_DROP,5.0,SOLAR_FARM,Inject BESS synthetic inertia +15MW & ramp utility interconnect spinning reserve.
50.256,0.3224,1.0057,98.5,118.64,-20.14,69.09,34.69,18.94,57.6,7.3,28.76,10.07,8.0,NOMINAL,5.0,NONE,Nominal operating envelope. Spinning reserves active.
49.563,-0.7017,0.9917,121.42,86.74,34.68,88.56,4.02,17.72,81.1,27.04,29.66,10.29,8.0,EV_SURGE,38.7,EV_PLAZA,Dispatch BESS +18MW & Throttle EV Plaza chargers by 25%. Hospital locked immune.
49.849,-0.2959,0.9982,99.84,82.64,17.2,71.43,0.53,17.11,63.0,7.2,30.29,9.65,8.0,SOLAR_DROP,6.1,SOLAR_FARM,Inject BESS synthetic inertia +15MW & ramp utility interconnect spinning reserve.
50.046,0.1037,1.0036,110.69,116.52,-5.83,79.68,34.18,17.34,44.1,7.5,29.78,19.62,8.0,DATACENTER_SPIKE,6.6,AI_DATACENTER,AI cluster compute power cap & BESS localized peak shaving.
49.92,-0.147,0.9982,99.86,87.77,12.09,71.75,11.32,11.45,61.2,7.16,28.89,10.41,8.0,WIND_STALL,5.0,WIND_FARM,Command turbine blade pitch compensation & AGC governor reserve ramp.
49.871,-0.2084,0.9943,98.53,82.88,15.65,70.21,1.69,16.19,63.3,7.25,30.01,9.88,8.0,NOMINAL,5.0,NONE,Nominal operating envelope. Spinning reserves active.
49.836,-0.1771,1.001,114.71,98.87,15.84,82.31,14.75,19.11,50.6,21.94,29.67,10.52,8.0,EV_SURGE,15.7,EV_PLAZA,Dispatch BESS +18MW & Throttle EV Plaza chargers by 25%. Hospital locked immune.
50.022,0.027,0.9972,100.53,101.03,-0.5,72.54,24.01,12.02,43.0,7.45,28.99,9.58,8.0,NOMINAL,5.0,NONE,Nominal operating envelope. Spinning reserves active.
50.035,0.0532,1.0016,117.99,120.0,-2.01,84.99,35.0,20.0,64.3,27.53,28.31,9.63,8.0,EV_SURGE,14.0,EV_PLAZA,Dispatch BESS +18MW & Throttle EV Plaza chargers by 25%. Hospital locked immune.
50.062,0.121,1.0026,111.57,113.31,-1.74,80.59,33.29,15.01,68.7,6.83,29.64,22.26,8.0,DATACENTER_SPIKE,7.8,AI_DATACENTER,AI cluster compute power cap & BESS localized peak shaving.
49.883,-0.198,1.003,99.75,86.25,13.5,71.94,8.77,12.48,56.7,7.03,29.27,9.6,8.0,SOLAR_DROP,5.0,SOLAR_FARM,Inject BESS synthetic inertia +15MW & ramp utility interconnect spinning reserve.
49.827,-0.3501,0.9963,120.56,98.27,22.28,86.52,13.78,19.5,54.3,26.22,31.32,10.87,8.0,EV_SURGE,24.2,EV_PLAZA,Dispatch BESS +18MW & Throttle EV Plaza chargers by 25%. Hospital locked immune.
49.87,-0.2454,0.9935,101.38,84.02,17.36,72.09,6.89,12.13,84.5,7.88,31.12,9.62,8.0,SOLAR_DROP,8.4,SOLAR_FARM,Inject BESS synthetic inertia +15MW & ramp utility interconnect spinning reserve.
49.887,-0.1631,0.9951,100.73,85.86,14.87,71.34,2.15,18.71,42.6,6.95,31.84,9.79,8.0,SOLAR_DROP,6.8,SOLAR_FARM,Inject BESS synthetic inertia +15MW & ramp utility interconnect spinning reserve.
49.928,-0.1053,0.9967,110.25,100.57,9.68,79.32,20.57,15.01,44.1,7.13,40.72,10.22,8.0,INDUSTRIAL_INRUSH,10.5,INDUSTRIAL,Activate STATCOM reactive voltage support & engage interruptible tariff shedding.
50.026,0.0287,1.0005,119.12,119.55,-0.43,85.43,34.9,19.65,40.0,7.63,47.25,9.92,8.0,INDUSTRIAL_INRUSH,14.6,INDUSTRIAL,Activate STATCOM reactive voltage support & engage interruptible tariff shedding.
49.934,-0.1714,1.0004,118.48,108.36,10.12,85.31,31.51,11.85,83.7,26.31,29.61,9.86,8.0,EV_SURGE,16.6,EV_PLAZA,Dispatch BESS +18MW & Throttle EV Plaza chargers by 25%. Hospital locked immune.
49.809,-0.2833,0.9957,99.96,82.3,17.66,71.16,1.34,15.95,66.5,7.04,29.46,9.99,8.0,NOMINAL,5.0,NONE,Nominal operating envelope. Spinning reserves active.
49.923,-0.1887,0.9973,99.52,87.6,11.92,71.06,3.13,19.47,52.2,6.63,28.4,10.11,8.0,SOLAR_DROP,5.0,SOLAR_FARM,Inject BESS synthetic inertia +15MW & ramp utility interconnect spinning reserve.
50.087,0.0862,1.0014,115.5,119.61,-4.11,82.33,34.91,19.7,79.3,25.27,27.93,9.3,8.0,EV_SURGE,10.3,EV_PLAZA,Dispatch BESS +18MW & Throttle EV Plaza chargers by 25%. Hospital locked immune.
50.056,0.0805,1.0008,98.67,103.65,-4.98,70.23,28.63,10.02,76.7,6.8,28.92,10.14,8.0,NOMINAL,5.0,NONE,Nominal operating envelope. Spinning reserves active.
50.054,0.0686,1.004,117.24,118.36,-1.12,84.3,34.63,18.73,49.3,22.75,30.52,9.69,8.0,EV_SURGE,13.0,EV_PLAZA,Dispatch BESS +18MW & Throttle EV Plaza chargers by 25%. Hospital locked immune.
49.939,-0.0522,1.0,99.86,94.92,4.94,71.8,9.96,19.96,51.0,7.46,30.75,10.35,8.0,NOMINAL,5.0,NONE,Nominal operating envelope. Spinning reserves active.
50.106,0.1848,1.0026,111.91,119.47,-7.56,80.83,34.88,19.59,60.1,7.28,41.89,9.53,8.0,INDUSTRIAL_INRUSH,8.2,INDUSTRIAL,Activate STATCOM reactive voltage support & engage interruptible tariff shedding.
49.908,-0.1186,0.9971,100.22,88.44,11.78,71.89,5.61,17.84,46.2,7.27,30.29,9.98,8.0,SOLAR_DROP,5.0,SOLAR_FARM,Inject BESS synthetic inertia +15MW & ramp utility interconnect spinning reserve.
49.703,-0.6475,0.9927,111.74,82.07,29.67,80.17,1.21,15.86,55.0,7.02,41.51,10.23,8.0,INDUSTRIAL_INRUSH,21.7,INDUSTRIAL,Activate STATCOM reactive voltage support & engage interruptible tariff shedding.
49.952,-0.1002,0.9974,102.51,100.81,1.7,73.22,22.7,13.12,24.3,7.28,32.13,10.57,8.0,BESS_OUTAGE,28.2,BESS_STATION,Emergency demand-response load curtailment. Fast-trip substation feeder protection armed.
50.067,0.1449,1.0074,102.25,107.75,-5.5,73.3,31.23,11.52,72.6,6.85,30.74,10.49,8.0,NOMINAL,5.0,NONE,Nominal operating envelope. Spinning reserves active.
49.987,0.0554,0.9992,109.78,112.02,-2.24,79.25,32.89,14.13,71.0,7.54,38.79,10.48,8.0,INDUSTRIAL_INRUSH,6.8,INDUSTRIAL,Activate STATCOM reactive voltage support & engage interruptible tariff shedding.
50.163,0.2652,1.006,101.36,115.02,-13.66,72.62,33.78,16.23,55.3,7.47,29.83,10.49,8.0,NOMINAL,5.0,NONE,Nominal operating envelope. Spinning reserves active.
49.946,-0.0854,0.997,99.14,90.53,8.61,70.33,8.8,16.74,65.3,6.97,29.68,9.6,8.0,SOLAR_DROP,5.0,SOLAR_FARM,Inject BESS synthetic inertia +15MW & ramp utility interconnect spinning reserve.
49.882,-0.1999,0.9936,116.53,99.56,16.98,83.91,16.2,18.35,46.9,25.91,28.85,9.72,8.0,EV_SURGE,20.4,EV_PLAZA,Dispatch BESS +18MW & Throttle EV Plaza chargers by 25%. Hospital locked immune.
49.967,-0.049,1.0023,121.01,119.94,1.07,87.21,34.99,19.95,71.0,26.78,29.26,10.2,8.0,EV_SURGE,18.2,EV_PLAZA,Dispatch BESS +18MW & Throttle EV Plaza chargers by 25%. Hospital locked immune.
50.188,0.2374,1.0021,98.98,111.85,-12.87,70.17,32.83,14.02,73.6,7.9,29.46,10.07,8.0,NOMINAL,5.0,NONE,Nominal operating envelope. Spinning reserves active.
49.901,-0.1683,1.003,98.16,86.4,11.76,69.68,3.81,17.59,78.7,6.76,28.2,10.07,8.0,NOMINAL,5.0,NONE,Nominal operating envelope. Spinning reserves active.
49.846,-0.2153,0.9916,118.52,100.55,17.96,85.5,20.41,15.14,42.1,28.19,29.33,10.2,8.0,EV_SURGE,25.1,EV_PLAZA,Dispatch BESS +18MW & Throttle EV Plaza chargers by 25%. Hospital locked immune.
49.899,-0.2231,0.9969,120.36,106.88,13.48,87.11,30.8,11.07,76.4,7.12,47.79,10.19,8.0,INDUSTRIAL_INRUSH,22.3,INDUSTRIAL,Activate STATCOM reactive voltage support & engage interruptible tariff shedding.
50.046,0.1471,1.0017,101.15,106.78,-5.63,72.76,30.75,11.03,45.0,7.15,31.48,9.69,8.0,NOMINAL,5.0,NONE,Nominal operating envelope. Spinning reserves active.
50.177,0.2284,1.0077,101.09,114.85,-13.76,72.14,33.74,16.11,59.4,7.06,31.21,9.99,8.0,NOMINAL,5.0,NONE,Nominal operating envelope. Spinning reserves active.
50.181,0.2604,1.0037,98.67,111.49,-12.82,70.2,32.71,13.78,56.4,6.8,30.35,9.12,8.0,NOMINAL,5.0,NONE,Nominal operating envelope. Spinning reserves active.
49.81,-0.3418,0.9969,119.33,99.73,19.6,86.21,16.66,18.07,42.5,28.4,28.48,9.6,8.0,EV_SURGE,24.0,EV_PLAZA,Dispatch BESS +18MW & Throttle EV Plaza chargers by 25%. Hospital locked immune.
50.265,0.4982,1.0085,99.49,107.49,-8.01,70.58,31.11,11.38,24.3,6.63,29.38,10.12,8.0,BESS_OUTAGE,25.0,BESS_STATION,Emergency demand-response load curtailment. Fast-trip substation feeder protection armed.
49.855,-0.1374,0.9923,114.98,100.81,14.18,82.69,22.65,13.16,59.3,7.13,42.84,10.46,8.0,INDUSTRIAL_INRUSH,20.4,INDUSTRIAL,Activate STATCOM reactive voltage support & engage interruptible tariff shedding.
50.052,0.0835,1.0006,99.36,103.99,-4.63,70.54,32.43,6.56,41.5,7.44,28.34,10.75,8.0,WIND_STALL,5.0,WIND_FARM,Command turbine blade pitch compensation & AGC governor reserve ramp.
49.966,-0.0997,1.0,112.93,105.84,7.09,80.74,30.23,10.61,66.3,22.54,28.37,9.96,8.0,EV_SURGE,9.2,EV_PLAZA,Dispatch BESS +18MW & Throttle EV Plaza chargers by 25%. Hospital locked immune.
49.889,-0.1357,1.0023,98.0,88.4,9.6,70.27,8.58,14.83,75.0,6.04,29.1,9.89,8.0,SOLAR_DROP,5.0,SOLAR_FARM,Inject BESS synthetic inertia +15MW & ramp utility interconnect spinning reserve.
50.055,0.1193,1.0067,98.71,103.45,-4.75,70.43,31.48,6.97,52.8,7.23,30.06,9.7,8.0,WIND_STALL,5.0,WIND_FARM,Command turbine blade pitch compensation & AGC governor reserve ramp.
49.885,-0.254,0.9986,101.31,86.72,14.6,71.5,4.0,17.71,48.7,7.16,29.97,10.36,8.0,NOMINAL,5.0,NONE,Nominal operating envelope. Spinning reserves active.
49.984,-0.1195,0.9987,97.71,90.33,7.38,70.89,14.8,10.53,68.6,7.03,29.21,10.31,8.0,WIND_STALL,5.0,WIND_FARM,Command turbine blade pitch compensation & AGC governor reserve ramp.
49.928,-0.1202,0.9971,109.05,99.77,9.28,77.97,16.77,18.0,84.0,7.81,30.89,17.97,8.0,DATACENTER_SPIKE,8.4,AI_DATACENTER,AI cluster compute power cap & BESS localized peak shaving.
50.107,0.1247,0.9997,99.59,106.17,-6.58,70.21,32.98,8.19,71.6,7.19,29.1,10.5,8.0,WIND_STALL,5.0,WIND_FARM,Command turbine blade pitch compensation & AGC governor reserve ramp.
49.905,-0.1601,0.9987,100.75,88.37,12.38,71.54,3.44,19.93,56.1,6.71,30.97,9.52,8.0,SOLAR_DROP,5.0,SOLAR_FARM,Inject BESS synthetic inertia +15MW & ramp utility interconnect spinning reserve.
49.938,-0.0536,1.0024,97.84,96.48,1.36,69.65,11.51,19.97,35.1,6.9,28.61,10.21,8.0,BESS_OUTAGE,27.1,BESS_STATION,Emergency demand-response load curtailment. Fast-trip substation feeder protection armed.
49.774,-0.4158,0.9897,115.15,88.57,26.58,83.43,5.19,18.38,51.2,7.16,44.67,9.4,8.0,INDUSTRIAL_INRUSH,25.8,INDUSTRIAL,Activate STATCOM reactive voltage support & engage interruptible tariff shedding.
50.61,0.8412,1.0233,100.07,118.74,-18.67,72.07,34.72,19.02,22.2,6.97,29.73,10.29,8.0,BESS_OUTAGE,25.0,BESS_STATION,Emergency demand-response load curtailment. Fast-trip substation feeder protection armed.
49.912,-0.0887,1.0035,115.53,108.49,7.04,83.5,31.56,11.92,81.3,22.1,30.47,10.3,8.0,EV_SURGE,14.8,EV_PLAZA,Dispatch BESS +18MW & Throttle EV Plaza chargers by 25%. Hospital locked immune.
50.1,0.2032,1.0041,102.26,109.93,-7.66,74.03,32.15,12.78,81.2,6.68,30.87,10.68,8.0,NOMINAL,5.0,NONE,Nominal operating envelope. Spinning reserves active.
49.945,-0.1766,1.0004,117.28,106.61,10.66,84.37,30.66,10.95,46.4,7.25,44.72,10.44,8.0,INDUSTRIAL_INRUSH,15.0,INDUSTRIAL,Activate STATCOM reactive voltage support & engage interruptible tariff shedding.
50.205,0.3713,1.0066,101.23,118.64,-17.42,72.04,34.69,18.95,74.0,6.99,31.03,10.43,8.0,NOMINAL,5.0,NONE,Nominal operating envelope. Spinning reserves active.
49.875,-0.2485,0.9935,98.65,80.64,18.01,70.36,0.13,15.51,77.6,7.13,28.29,10.09,8.0,SOLAR_DROP,8.2,SOLAR_FARM,Inject BESS synthetic inertia +15MW & ramp utility interconnect spinning reserve.
49.869,-0.1883,0.9944,113.85,96.01,17.84,82.24,11.02,20.0,80.1,6.7,43.28,10.17,8.0,INDUSTRIAL_INRUSH,18.0,INDUSTRIAL,Activate STATCOM reactive voltage support & engage interruptible tariff shedding.
49.879,-0.2449,0.9946,114.61,100.41,14.21,81.94,19.35,16.05,50.7,7.08,46.37,9.71,8.0,INDUSTRIAL_INRUSH,17.1,INDUSTRIAL,Activate STATCOM reactive voltage support & engage interruptible tariff shedding.
49.822,-0.2986,1.0018,112.19,87.37,24.82,79.74,4.41,17.96,41.1,6.96,30.49,21.85,8.0,DATACENTER_SPIKE,12.6,AI_DATACENTER,AI cluster compute power cap & BESS localized peak shaving.
50.069,0.0565,0.9971,101.86,104.18,-2.32,72.15,29.09,10.09,58.3,7.41,31.22,10.61,8.0,NOMINAL,5.0,NONE,Nominal operating envelope. Spinning reserves active.
50.194,0.2793,1.0029,100.28,114.01,-13.73,72.13,33.5,15.51,83.6,6.7,29.08,10.43,8.0,NOMINAL,5.0,NONE,Nominal operating envelope. Spinning reserves active.
49.867,-0.1868,0.9951,116.96,100.67,16.29,83.99,21.42,14.25,84.6,24.12,30.44,10.29,8.0,EV_SURGE,20.1,EV_PLAZA,Dispatch BESS +18MW & Throttle EV Plaza chargers by 25%. Hospital locked immune.
49.482,-0.7051,0.9874,121.9,85.49,36.41,87.79,3.25,17.24,55.4,27.27,32.15,9.86,8.0,EV_SURGE,43.0,EV_PLAZA,Dispatch BESS +18MW & Throttle EV Plaza chargers by 25%. Hospital locked immune.
49.922,-0.1088,0.9964,98.44,91.41,7.02,70.48,6.41,20.0,69.8,6.85,29.6,9.73,8.0,SOLAR_DROP,5.0,SOLAR_FARM,Inject BESS synthetic inertia +15MW & ramp utility interconnect spinning reserve.
49.88,-0.2175,1.0001,116.32,102.99,13.33,83.86,27.97,10.02,41.7,21.38,30.83,9.93,8.0,EV_SURGE,16.4,EV_PLAZA,Dispatch BESS +18MW & Throttle EV Plaza chargers by 25%. Hospital locked immune.
49.939,-0.0877,0.9991,113.16,107.3,5.87,81.82,31.02,11.28,69.2,7.01,43.55,10.31,8.0,INDUSTRIAL_INRUSH,12.2,INDUSTRIAL,Activate STATCOM reactive voltage support & engage interruptible tariff shedding.
49.859,-0.2066,0.996,116.42,99.0,17.42,83.67,15.01,19.0,48.7,23.14,30.59,9.69,8.0,EV_SURGE,19.4,EV_PLAZA,Dispatch BESS +18MW & Throttle EV Plaza chargers by 25%. Hospital locked immune.
50.031,0.1001,1.0033,97.39,101.14,-3.75,69.92,24.46,11.67,51.8,7.06,27.09,9.85,8.0,NOMINAL,5.0,NONE,Nominal operating envelope. Spinning reserves active.
49.905,-0.0996,0.9972,115.23,105.28,9.95,82.73,29.88,10.4,69.3,6.78,44.98,9.97,8.0,INDUSTRIAL_INRUSH,15.7,INDUSTRIAL,Activate STATCOM reactive voltage support & engage interruptible tariff shedding.
49.842,-0.2512,0.9979,100.16,83.03,17.13,71.22,1.78,16.26,47.7,6.95,30.05,10.35,8.0,NOMINAL,5.0,NONE,Nominal operating envelope. Spinning reserves active.
50.463,0.831,1.0148,99.81,113.67,-13.86,72.37,33.4,15.27,20.9,7.23,29.97,10.07,8.0,BESS_OUTAGE,25.0,BESS_STATION,Emergency demand-response load curtailment. Fast-trip substation feeder protection armed.
49.934,-0.0752,0.9962,116.43,111.88,4.55,83.0,32.84,14.04,73.8,22.88,29.05,10.66,8.0,EV_SURGE,15.8,EV_PLAZA,Dispatch BESS +18MW & Throttle EV Plaza chargers by 25%. Hospital locked immune.
49.934,-0.162,0.9976,110.17,100.7,9.47,78.8,21.71,13.99,69.2,7.51,40.57,9.93,8.0,INDUSTRIAL_INRUSH,9.1,INDUSTRIAL,Activate STATCOM reactive voltage support & engage interruptible tariff shedding.
50.075,0.0949,1.0047,99.2,101.13,-1.93,69.48,24.44,11.69,52.4,7.02,29.68,10.49,8.0,NOMINAL,5.0,NONE,Nominal operating envelope. Spinning reserves active.
49.94,-0.1091,0.9942,122.01,113.41,8.6,88.07,33.32,15.09,57.2,29.06,29.45,10.31,8.0,EV_SURGE,23.9,EV_PLAZA,Dispatch BESS +18MW & Throttle EV Plaza chargers by 25%. Hospital locked immune.
49.759,-0.4904,0.9919,101.43,94.25,7.18,73.19,9.37,19.88,23.7,6.59,30.24,10.83,8.0,BESS_OUTAGE,38.1,BESS_STATION,Emergency demand-response load curtailment. Fast-trip substation feeder protection armed.
49.895,-0.1834,1.0014,112.38,100.03,12.35,79.59,17.62,17.42,76.5,19.95,30.2,9.89,8.0,EV_SURGE,9.9,EV_PLAZA,Dispatch BESS +18MW & Throttle EV Plaza chargers by 25%. Hospital locked immune.
49.886,-0.2313,0.9968,119.37,106.04,13.33,86.2,30.35,10.7,56.1,26.31,30.65,10.77,8.0,EV_SURGE,21.5,EV_PLAZA,Dispatch BESS +18MW & Throttle EV Plaza chargers by 25%. Hospital locked immune.
49.786,-0.298,0.9947,122.17,99.31,22.87,88.76,15.62,18.68,41.9,28.61,30.3,10.37,8.0,EV_SURGE,29.7,EV_PLAZA,Dispatch BESS +18MW & Throttle EV Plaza chargers by 25%. Hospital locked immune.
50.094,0.1453,1.0005,99.13,107.81,-8.68,70.28,34.43,8.38,81.6,6.87,30.68,9.41,8.0,WIND_STALL,5.0,WIND_FARM,Command turbine blade pitch compensation & AGC governor reserve ramp.
49.959,-0.0349,0.9987,99.8,98.96,0.85,70.54,14.92,19.04,45.3,7.08,28.88,10.11,8.0,NOMINAL,5.0,NONE,Nominal operating envelope. Spinning reserves active.
50.127,0.1955,1.0033,97.85,105.56,-7.71,70.0,30.06,10.5,83.3,7.19,28.7,10.56,8.0,NOMINAL,5.0,NONE,Nominal operating envelope. Spinning reserves active.
50.135,0.133,1.0018,100.52,107.25,-6.73,71.72,30.99,11.26,84.8,7.15,30.11,10.66,8.0,NOMINAL,5.0,NONE,Nominal operating envelope. Spinning reserves active.
49.917,-0.0934,0.9956,113.07,103.75,9.32,81.33,28.72,10.03,40.1,6.98,43.29,9.99,8.0,INDUSTRIAL_INRUSH,14.4,INDUSTRIAL,Activate STATCOM reactive voltage support & engage interruptible tariff shedding.
50.126,0.2535,1.0081,100.77,112.17,-11.4,72.37,32.94,14.23,53.2,7.05,30.85,9.61,8.0,NOMINAL,5.0,NONE,Nominal operating envelope. Spinning reserves active.
50.046,0.1567,0.9985,98.91,105.11,-6.2,70.65,29.77,10.34,41.1,6.54,30.41,9.65,8.0,NOMINAL,5.0,NONE,Nominal operating envelope. Spinning reserves active.
49.935,-0.1221,1.0009,101.81,94.04,7.77,73.4,10.96,18.07,71.0,7.32,30.17,10.15,8.0,SOLAR_DROP,5.0,SOLAR_FARM,Inject BESS synthetic inertia +15MW & ramp utility interconnect spinning reserve.
50.021,0.025,0.9984,99.37,99.82,-0.45,71.06,16.92,17.9,62.1,6.84,29.95,9.48,8.0,NOMINAL,5.0,NONE,Nominal operating envelope. Spinning reserves active.
50.11,0.1828,1.0026,98.62,107.62,-9.0,69.63,31.17,11.45,52.4,6.65,29.1,9.55,8.0,NOMINAL,5.0,NONE,Nominal operating envelope. Spinning reserves active.
49.891,-0.1802,0.9981,115.49,101.89,13.6,82.97,26.44,10.46,73.2,24.48,29.02,10.01,8.0,EV_SURGE,16.0,EV_PLAZA,Dispatch BESS +18MW & Throttle EV Plaza chargers by 25%. Hospital locked immune.
49.746,-0.3489,0.9883,113.26,86.18,27.08,81.51,3.67,17.51,62.5,6.89,43.63,9.97,8.0,INDUSTRIAL_INRUSH,24.9,INDUSTRIAL,Activate STATCOM reactive voltage support & engage interruptible tariff shedding.
49.972,-0.0669,1.001,100.14,94.86,5.28,71.39,15.64,14.22,50.1,6.72,29.82,10.21,8.0,SOLAR_DROP,5.0,SOLAR_FARM,Inject BESS synthetic inertia +15MW & ramp utility interconnect spinning reserve.
49.888,-0.14,0.995,112.69,101.64,11.05,80.43,25.93,10.71,77.3,7.08,41.74,9.42,8.0,INDUSTRIAL_INRUSH,14.4,INDUSTRIAL,Activate STATCOM reactive voltage support & engage interruptible tariff shedding.
50.035,0.0697,1.005,98.55,100.34,-1.79,70.75,18.98,16.36,84.5,7.21,29.85,9.66,8.0,NOMINAL,5.0,NONE,Nominal operating envelope. Spinning reserves active.
49.85,-0.3217,0.9966,107.27,87.56,19.7,76.96,4.54,18.03,80.7,6.81,27.94,20.43,8.0,DATACENTER_SPIKE,9.9,AI_DATACENTER,AI cluster compute power cap & BESS localized peak shaving.
50.52,0.7165,1.0114,100.48,116.97,-16.48,72.32,34.29,17.67,21.6,6.96,29.43,10.44,8.0,BESS_OUTAGE,25.0,BESS_STATION,Emergency demand-response load curtailment. Fast-trip substation feeder protection armed.
50.007,0.0288,0.9971,99.64,100.17,-0.53,71.09,18.17,17.0,84.8,7.11,29.24,9.66,8.0,NOMINAL,5.0,NONE,Nominal operating envelope. Spinning reserves active.
50.059,0.0966,1.0059,98.6,100.13,-1.52,70.35,15.41,19.72,65.3,6.67,30.29,10.48,8.0,SOLAR_DROP,5.0,SOLAR_FARM,Inject BESS synthetic inertia +15MW & ramp utility interconnect spinning reserve.
50.002,-0.0067,1.0013,100.72,100.61,0.1,71.61,20.94,14.67,40.5,7.5,29.41,10.62,8.0,NOMINAL,5.0,NONE,Nominal operating envelope. Spinning reserves active.
49.878,-0.1513,0.9979,101.85,86.93,14.92,72.86,2.68,19.26,40.1,7.05,29.83,10.89,8.0,SOLAR_DROP,5.4,SOLAR_FARM,Inject BESS synthetic inertia +15MW & ramp utility interconnect spinning reserve.
49.835,-0.1768,0.9892,99.97,82.17,17.8,71.52,1.27,15.9,43.2,6.99,30.01,9.66,8.0,NOMINAL,5.0,NONE,Nominal operating envelope. Spinning reserves active.
49.847,-0.2182,0.9954,118.46,98.98,19.47,84.69,14.97,19.02,43.8,22.98,32.07,10.21,8.0,EV_SURGE,21.5,EV_PLAZA,Dispatch BESS +18MW & Throttle EV Plaza chargers by 25%. Hospital locked immune.
49.791,-0.27,0.9897,110.49,84.4,26.09,79.05,2.59,16.81,71.0,6.88,42.06,9.61,8.0,INDUSTRIAL_INRUSH,19.1,INDUSTRIAL,Activate STATCOM reactive voltage support & engage interruptible tariff shedding.
50.05,0.0629,1.005,100.88,102.22,-1.34,72.6,26.98,10.24,55.0,7.65,29.51,10.0,8.0,NOMINAL,5.0,NONE,Nominal operating envelope. Spinning reserves active.
50.079,0.1093,1.0044,117.5,119.37,-1.87,84.84,34.86,19.51,81.5,6.7,47.2,10.44,8.0,INDUSTRIAL_INRUSH,13.8,INDUSTRIAL,Activate STATCOM reactive voltage support & engage interruptible tariff shedding.
50.08,0.1297,1.0019,109.68,115.05,-5.37,79.03,33.79,16.26,47.8,6.7,29.88,20.42,8.0,DATACENTER_SPIKE,5.6,AI_DATACENTER,AI cluster compute power cap & BESS localized peak shaving.
50.087,0.1125,0.9975,99.62,104.26,-4.64,71.31,33.17,6.09,59.2,6.92,28.77,9.46,8.0,WIND_STALL,5.0,WIND_FARM,Command turbine blade pitch compensation & AGC governor reserve ramp.
49.971,-0.0381,0.9963,99.91,99.14,0.77,71.29,15.27,18.87,68.3,6.91,29.75,9.55,8.0,NOMINAL,5.0,NONE,Nominal operating envelope. Spinning reserves active.
49.938,-0.1527,0.9994,114.66,105.48,9.18,82.19,30.01,10.47,68.0,20.58,31.6,9.66,8.0,EV_SURGE,12.5,EV_PLAZA,Dispatch BESS +18MW & Throttle EV Plaza chargers by 25%. Hospital locked immune.
49.938,-0.1523,0.9985,110.5,100.64,9.86,79.0,21.17,14.47,42.0,6.8,39.49,9.89,8.0,INDUSTRIAL_INRUSH,8.6,INDUSTRIAL,Activate STATCOM reactive voltage support & engage interruptible tariff shedding.
49.97,-0.0792,1.0004,108.33,101.49,6.84,77.55,25.58,10.92,80.3,7.18,30.75,17.57,8.0,DATACENTER_SPIKE,5.0,AI_DATACENTER,AI cluster compute power cap & BESS localized peak shaving.
50.132,0.2188,1.0078,100.37,111.12,-10.76,71.16,32.59,13.54,43.8,7.12,30.73,9.66,8.0,NOMINAL,5.0,NONE,Nominal operating envelope. Spinning reserves active.
49.876,-0.1493,0.9975,117.97,106.44,11.53,84.88,30.57,10.87,51.0,25.19,30.1,10.04,8.0,EV_SURGE,19.5,EV_PLAZA,Dispatch BESS +18MW & Throttle EV Plaza chargers by 25%. Hospital locked immune.
49.673,-0.6081,0.9927,100.11,89.66,10.45,70.48,5.91,18.75,25.5,6.89,30.36,9.77,8.0,BESS_OUTAGE,40.5,BESS_STATION,Emergency demand-response load curtailment. Fast-trip substation feeder protection armed.
49.959,-0.0435,1.0034,101.75,100.75,1.0,72.93,22.19,13.56,80.0,6.77,30.85,10.24,8.0,NOMINAL,5.0,NONE,Nominal operating envelope. Spinning reserves active.
50.054,0.0989,1.0037,110.72,112.54,-1.83,79.46,33.06,14.49,51.9,6.56,41.03,10.43,8.0,INDUSTRIAL_INRUSH,6.2,INDUSTRIAL,Activate STATCOM reactive voltage support & engage interruptible tariff shedding.
49.874,-0.3377,0.9915,121.63,101.31,20.32,87.32,25.06,11.24,43.9,27.39,30.33,10.17,8.0,EV_SURGE,26.7,EV_PLAZA,Dispatch BESS +18MW & Throttle EV Plaza chargers by 25%. Hospital locked immune.
49.886,-0.1818,0.9934,101.53,86.0,15.52,72.94,6.61,14.39,60.3,7.03,30.11,10.27,8.0,SOLAR_DROP,8.0,SOLAR_FARM,Inject BESS synthetic inertia +15MW & ramp utility interconnect spinning reserve.
49.966,-0.027,0.9976,99.81,99.41,0.4,71.83,15.84,18.56,76.8,6.97,29.69,9.3,8.0,NOMINAL,5.0,NONE,Nominal operating envelope. Spinning reserves active.
49.918,-0.1626,0.9993,100.67,91.01,9.66,70.96,18.87,7.14,68.9,6.8,31.98,9.57,8.0,WIND_STALL,5.0,WIND_FARM,Command turbine blade pitch compensation & AGC governor reserve ramp.
50.204,0.3372,1.0045,100.07,105.42,-5.35,71.89,29.97,10.45,35.9,6.62,29.22,10.17,8.0,BESS_OUTAGE,25.0,BESS_STATION,Emergency demand-response load curtailment. Fast-trip substation feeder protection armed.
50.05,0.0194,1.0002,101.71,102.09,-0.39,72.41,26.78,10.31,46.0,7.5,31.53,9.92,8.0,NOMINAL,5.0,NONE,Nominal operating envelope. Spinning reserves active.
49.809,-0.3713,0.9934,118.11,96.75,21.35,84.83,11.81,19.94,50.4,24.35,30.51,10.15,8.0,EV_SURGE,24.3,EV_PLAZA,Dispatch BESS +18MW & Throttle EV Plaza chargers by 25%. Hospital locked immune.
50.02,0.1086,1.0045,97.84,101.92,-4.08,69.56,31.1,5.81,75.4,6.96,29.26,10.07,8.0,WIND_STALL,5.0,WIND_FARM,Command turbine blade pitch compensation & AGC governor reserve ramp.
50.093,0.2027,1.0018,99.15,106.72,-7.56,71.45,30.72,11.0,82.6,6.72,27.94,10.02,8.0,NOMINAL,5.0,NONE,Nominal operating envelope. Spinning reserves active.
50.083,0.1783,1.0058,112.67,119.95,-7.28,81.16,34.99,19.96,77.3,6.76,42.66,9.64,8.0,INDUSTRIAL_INRUSH,8.6,INDUSTRIAL,Activate STATCOM reactive voltage support & engage interruptible tariff shedding.
49.867,-0.2359,0.9988,100.84,85.78,15.06,72.73,9.93,10.85,67.6,7.07,30.43,9.56,8.0,WIND_STALL,5.2,WIND_FARM,Command turbine blade pitch compensation & AGC governor reserve ramp.
49.874,-0.2937,0.9962,119.39,100.49,18.9,85.34,19.93,15.56,47.2,28.2,29.37,9.6,8.0,EV_SURGE,21.0,EV_PLAZA,Dispatch BESS +18MW & Throttle EV Plaza chargers by 25%. Hospital locked immune.
49.91,-0.1479,0.9987,100.3,90.34,9.96,71.48,17.5,7.84,56.4,7.23,28.93,11.22,8.0,WIND_STALL,5.0,WIND_FARM,Command turbine blade pitch compensation & AGC governor reserve ramp.
49.711,-0.4814,0.9954,112.98,85.24,27.75,80.09,3.1,17.14,44.6,19.47,30.68,9.63,8.0,EV_SURGE,19.6,EV_PLAZA,Dispatch BESS +18MW & Throttle EV Plaza chargers by 25%. Hospital locked immune.
49.872,-0.1136,1.0012,119.42,108.47,10.95,87.09,31.56,11.91,61.4,27.99,29.7,9.21,8.0,EV_SURGE,21.2,EV_PLAZA,Dispatch BESS +18MW & Throttle EV Plaza chargers by 25%. Hospital locked immune.
49.944,-0.1073,0.9967,112.64,102.01,10.63,81.01,26.64,10.37,83.9,6.87,30.48,22.85,8.0,DATACENTER_SPIKE,12.3,AI_DATACENTER,AI cluster compute power cap & BESS localized peak shaving.
49.702,-0.6131,0.9908,110.24,80.29,29.94,79.29,0.17,15.12,42.9,6.96,39.71,10.24,8.0,INDUSTRIAL_INRUSH,21.7,INDUSTRIAL,Activate STATCOM reactive voltage support & engage interruptible tariff shedding.
50.163,0.2672,1.0034,98.9,114.35,-15.45,70.35,33.6,15.75,51.5,7.6,29.57,9.68,8.0,NOMINAL,5.0,NONE,Nominal operating envelope. Spinning reserves active.
49.978,-0.0953,0.9984,102.45,100.73,1.73,73.13,22.01,13.72,80.6,7.33,31.9,10.77,8.0,NOMINAL,5.0,NONE,Nominal operating envelope. Spinning reserves active.
50.239,0.3279,1.0086,98.73,117.01,-18.28,71.49,34.3,17.71,48.4,7.02,29.13,10.07,8.0,NOMINAL,5.0,NONE,Nominal operating envelope. Spinning reserves active.
50.147,0.2895,1.0051,99.86,111.58,-11.72,72.92,32.74,13.84,60.5,6.72,30.31,10.0,8.0,NOMINAL,5.0,NONE,Nominal operating envelope. Spinning reserves active.
49.987,-0.0289,0.9969,99.79,99.13,0.66,71.29,29.06,5.07,71.3,7.34,29.51,9.85,8.0,WIND_STALL,5.0,WIND_FARM,Command turbine blade pitch compensation & AGC governor reserve ramp.
49.98,-0.0467,0.9996,98.52,95.16,3.36,70.15,10.18,19.98,68.0,7.07,29.21,10.1,8.0,NOMINAL,5.0,NONE,Nominal operating envelope. Spinning reserves active.
49.82,-0.2594,0.998,100.7,82.42,18.28,71.88,1.42,16.0,69.2,6.65,29.97,10.34,8.0,NOMINAL,5.0,NONE,Nominal operating envelope. Spinning reserves active.
50.043,0.0486,0.9979,104.4,106.63,-2.23,74.65,33.48,8.15,71.4,7.29,32.04,10.17,8.0,WIND_STALL,5.0,WIND_FARM,Command turbine blade pitch compensation & AGC governor reserve ramp.
50.263,0.5307,1.0043,99.79,119.87,-20.09,70.95,34.97,19.9,68.1,7.0,29.69,10.19,8.0,NOMINAL,5.0,NONE,Nominal operating envelope. Spinning reserves active.
50.078,0.2175,1.0037,110.92,119.23,-8.31,80.01,34.83,19.4,71.2,7.13,40.86,9.92,8.0,INDUSTRIAL_INRUSH,7.0,INDUSTRIAL,Activate STATCOM reactive voltage support & engage interruptible tariff shedding.
49.986,-0.0428,1.0022,113.24,109.68,3.56,81.42,32.06,12.63,84.6,7.2,29.74,22.63,8.0,DATACENTER_SPIKE,9.4,AI_DATACENTER,AI cluster compute power cap & BESS localized peak shaving.
49.879,-0.1497,0.9961,98.93,84.23,14.7,70.44,1.63,17.6,66.1,7.16,29.45,9.81,8.0,SOLAR_DROP,6.5,SOLAR_FARM,Inject BESS synthetic inertia +15MW & ramp utility interconnect spinning reserve.
50.178,0.2333,1.009,99.55,111.26,-11.7,71.59,32.63,13.62,56.1,6.68,29.31,9.85,8.0,NOMINAL,5.0,NONE,Nominal operating envelope. Spinning reserves active.
49.856,-0.194,0.9938,117.38,98.89,18.48,85.1,14.8,19.09,47.0,26.32,29.65,9.45,8.0,EV_SURGE,22.8,EV_PLAZA,Dispatch BESS +18MW & Throttle EV Plaza chargers by 25%. Hospital locked immune.
49.921,-0.1368,0.994,101.31,91.02,10.29,72.47,19.38,6.64,64.2,7.0,31.7,10.11,8.0,WIND_STALL,6.4,WIND_FARM,Command turbine blade pitch compensation & AGC governor reserve ramp.
49.89,-0.1284,0.9962,120.29,107.61,12.68,86.59,31.17,11.44,81.5,25.71,31.29,9.89,8.0,EV_SURGE,22.2,EV_PLAZA,Dispatch BESS +18MW & Throttle EV Plaza chargers by 25%. Hospital locked immune.
50.038,0.0697,0.9989,100.34,102.12,-1.78,70.97,26.82,10.3,23.1,7.4,29.84,9.97,8.0,BESS_OUTAGE,25.7,BESS_STATION,Emergency demand-response load curtailment. Fast-trip substation feeder protection armed.
49.871,-0.197,0.9976,112.81,94.2,18.61,80.92,9.32,19.88,82.7,6.89,30.26,23.81,8.0,DATACENTER_SPIKE,14.1,AI_DATACENTER,AI cluster compute power cap & BESS localized peak shaving.
50.197,0.4138,1.0065,98.66,115.5,-16.84,70.82,33.91,16.58,48.5,7.62,28.93,10.04,8.0,NOMINAL,5.0,NONE,Nominal operating envelope. Spinning reserves active.
49.936,-0.0868,1.0035,100.35,94.37,5.98,72.04,9.47,19.9,56.5,7.24,30.37,10.4,8.0,NOMINAL,5.0,NONE,Nominal operating envelope. Spinning reserves active.
49.518,-0.8212,0.9843,117.09,81.95,35.14,84.22,1.14,15.81,41.5,7.07,46.85,9.57,8.0,INDUSTRIAL_INRUSH,38.8,INDUSTRIAL,Activate STATCOM reactive voltage support & engage interruptible tariff shedding.
49.888,-0.2515,0.9958,112.69,98.32,14.37,81.12,13.84,19.48,82.8,6.69,30.63,22.39,8.0,DATACENTER_SPIKE,14.9,AI_DATACENTER,AI cluster compute power cap & BESS localized peak shaving.
50.126,0.1674,1.0022,98.06,101.07,-3.0,69.42,24.17,11.89,36.9,7.06,28.34,10.23,8.0,BESS_OUTAGE,25.0,BESS_STATION,Emergency demand-response load curtailment. Fast-trip substation feeder protection armed.
50.019,0.003,1.0001,100.15,100.22,-0.07,71.97,18.38,16.84,35.9,6.66,30.57,9.11,8.0,BESS_OUTAGE,25.0,BESS_STATION,Emergency demand-response load curtailment. Fast-trip substation feeder protection armed.
49.965,-0.0869,0.995,123.16,118.2,4.96,88.46,34.59,18.61,72.4,27.96,31.53,9.9,8.0,EV_SURGE,23.1,EV_PLAZA,Dispatch BESS +18MW & Throttle EV Plaza chargers by 25%. Hospital locked immune.
49.883,-0.2946,0.9963,118.15,100.55,17.6,84.69,20.39,15.16,54.3,23.0,30.99,10.0,8.0,EV_SURGE,19.8,EV_PLAZA,Dispatch BESS +18MW & Throttle EV Plaza chargers by 25%. Hospital locked immune.
49.965,-0.0988,0.9963,109.81,103.78,6.03,79.39,28.75,10.03,58.1,7.43,30.4,19.07,8.0,DATACENTER_SPIKE,9.6,AI_DATACENTER,AI cluster compute power cap & BESS localized peak shaving.
50.552,0.799,1.0193,102.8,119.22,-16.42,73.43,34.83,19.39,25.2,6.43,31.27,10.59,8.0,BESS_OUTAGE,25.0,BESS_STATION,Emergency demand-response load curtailment. Fast-trip substation feeder protection armed.
50.269,0.5028,1.0113,98.87,118.61,-19.74,70.82,34.69,18.92,46.4,7.36,29.68,9.46,8.0,NOMINAL,5.0,NONE,Nominal operating envelope. Spinning reserves active.
50.056,0.0755,1.0037,102.68,106.76,-4.08,73.33,30.74,11.02,69.7,7.62,31.35,9.93,8.0,NOMINAL,5.0,NONE,Nominal operating envelope. Spinning reserves active.
49.854,-0.2586,0.9992,100.0,84.29,15.71,72.23,8.15,11.14,41.4,7.09,29.0,10.09,8.0,SOLAR_DROP,5.4,SOLAR_FARM,Inject BESS synthetic inertia +15MW & ramp utility interconnect spinning reserve.
49.977,-0.064,1.0044,100.69,96.23,4.46,72.4,25.05,6.18,69.5,6.99,29.53,10.27,8.0,WIND_STALL,5.0,WIND_FARM,Command turbine blade pitch compensation & AGC governor reserve ramp.
49.896,-0.2935,0.9896,102.12,84.72,17.4,72.56,1.97,17.75,49.8,7.07,30.34,10.1,8.0,SOLAR_DROP,9.9,SOLAR_FARM,Inject BESS synthetic inertia +15MW & ramp utility interconnect spinning reserve.
50.01,0.0597,1.0002,102.07,105.47,-3.4,73.39,30.0,10.47,57.9,6.94,31.41,10.24,8.0,NOMINAL,5.0,NONE,Nominal operating envelope. Spinning reserves active.
49.972,-0.0645,0.999,116.56,111.38,5.18,84.38,32.68,13.71,62.2,6.94,30.96,24.85,8.0,DATACENTER_SPIKE,14.7,AI_DATACENTER,AI cluster compute power cap & BESS localized peak shaving.
50.065,0.0907,1.0021,99.83,101.15,-1.32,71.15,24.5,11.65,70.5,6.7,28.98,10.13,8.0,NOMINAL,5.0,NONE,Nominal operating envelope. Spinning reserves active.
50.638,1.0113,1.0176,98.32,118.37,-20.06,69.63,34.63,18.74,28.7,6.93,30.27,9.66,8.0,BESS_OUTAGE,25.0,BESS_STATION,Emergency demand-response load curtailment. Fast-trip substation feeder protection armed.
49.852,-0.1551,0.9932,115.7,100.08,15.62,83.27,17.8,17.28,57.8,7.36,43.99,9.94,8.0,INDUSTRIAL_INRUSH,20.7,INDUSTRIAL,Activate STATCOM reactive voltage support & engage interruptible tariff shedding.
49.897,-0.0988,0.9946,99.02,88.98,10.04,70.83,4.63,19.35,77.2,6.79,28.92,9.2,8.0,SOLAR_DROP,6.8,SOLAR_FARM,Inject BESS synthetic inertia +15MW & ramp utility interconnect spinning reserve.
49.931,-0.1144,0.9961,114.72,112.78,1.94,82.67,33.13,14.65,42.8,6.68,44.36,10.55,8.0,INDUSTRIAL_INRUSH,15.5,INDUSTRIAL,Activate STATCOM reactive voltage support & engage interruptible tariff shedding.
49.951,-0.1758,1.0012,99.3,89.14,10.15,70.46,4.61,19.53,71.5,6.9,29.89,10.47,8.0,SOLAR_DROP,5.0,SOLAR_FARM,Inject BESS synthetic inertia +15MW & ramp utility interconnect spinning reserve.
50.265,0.4094,1.0057,100.43,119.42,-18.99,71.25,34.87,19.55,40.4,7.21,30.69,10.48,8.0,NOMINAL,5.0,NONE,Nominal operating envelope. Spinning reserves active.
49.67,-0.4721,0.9951,113.74,82.35,31.39,83.07,1.37,15.97,82.7,21.12,29.54,10.32,8.0,EV_SURGE,25.4,EV_PLAZA,Dispatch BESS +18MW & Throttle EV Plaza chargers by 25%. Hospital locked immune.
49.91,-0.0837,1.0006,98.93,91.1,7.83,70.15,8.87,17.24,64.1,7.0,28.98,10.21,8.0,SOLAR_DROP,5.0,SOLAR_FARM,Inject BESS synthetic inertia +15MW & ramp utility interconnect spinning reserve.
50.01,0.0233,1.0051,99.86,100.25,-0.4,71.71,18.53,16.72,51.7,7.41,30.17,9.84,8.0,NOMINAL,5.0,NONE,Nominal operating envelope. Spinning reserves active.
50.045,0.0455,1.0019,101.29,103.8,-2.5,72.57,32.75,6.05,48.8,7.01,29.42,10.54,8.0,WIND_STALL,5.0,WIND_FARM,Command turbine blade pitch compensation & AGC governor reserve ramp.
49.871,-0.1791,0.994,115.97,99.43,16.54,82.85,15.89,18.53,68.2,22.29,31.19,9.73,8.0,EV_SURGE,19.1,EV_PLAZA,Dispatch BESS +18MW & Throttle EV Plaza chargers by 25%. Hospital locked immune.
49.966,-0.033,0.9966,97.49,94.18,3.31,70.32,24.3,4.88,52.1,6.76,28.91,9.46,8.0,WIND_STALL,5.0,WIND_FARM,Command turbine blade pitch compensation & AGC governor reserve ramp.
49.84,-0.2653,0.9953,109.99,92.46,17.53,78.53,7.92,19.55,75.0,7.39,29.63,19.44,8.0,DATACENTER_SPIKE,13.2,AI_DATACENTER,AI cluster compute power cap & BESS localized peak shaving.
50.348,0.5523,1.01,100.76,111.57,-10.8,72.13,32.74,13.83,22.9,6.86,30.77,10.54,8.0,BESS_OUTAGE,25.0,BESS_STATION,Emergency demand-response load curtailment. Fast-trip substation feeder protection armed.
50.005,-0.0043,0.9988,100.43,100.33,0.1,72.23,18.9,16.43,40.2,7.1,31.36,9.88,8.0,NOMINAL,5.0,NONE,Nominal operating envelope. Spinning reserves active.
49.837,-0.2592,0.997,121.4,100.44,20.96,86.65,19.59,15.85,51.3,28.93,30.81,9.42,8.0,EV_SURGE,23.6,EV_PLAZA,Dispatch BESS +18MW & Throttle EV Plaza chargers by 25%. Hospital locked immune.
49.899,-0.2898,0.9967,121.35,102.26,19.08,88.32,27.04,10.22,56.3,26.55,30.64,10.22,8.0,EV_SURGE,24.1,EV_PLAZA,Dispatch BESS +18MW & Throttle EV Plaza chargers by 25%. Hospital locked immune.
50.084,0.1514,0.9985,113.67,119.27,-5.6,81.95,34.84,19.43,81.0,20.0,31.26,9.9,8.0,EV_SURGE,10.7,EV_PLAZA,Dispatch BESS +18MW & Throttle EV Plaza chargers by 25%. Hospital locked immune.
50.215,0.3294,1.0061,101.71,118.11,-16.4,72.56,34.57,18.54,63.0,7.08,30.62,11.05,8.0,NOMINAL,5.0,NONE,Nominal operating envelope. Spinning reserves active.
50.693,1.0306,1.0226,96.65,119.77,-23.12,68.98,34.95,19.82,39.5,6.72,27.42,10.06,8.0,BESS_OUTAGE,25.0,BESS_STATION,Emergency demand-response load curtailment. Fast-trip substation feeder protection armed.
49.876,-0.167,0.9938,99.86,87.58,12.27,70.74,12.31,10.28,42.1,7.11,29.39,9.99,8.0,SOLAR_DROP,8.0,SOLAR_FARM,Inject BESS synthetic inertia +15MW & ramp utility interconnect spinning reserve.
50.072,0.1753,1.0031,110.41,118.23,-7.82,78.37,34.6,18.63,66.3,20.21,28.82,9.96,8.0,EV_SURGE,5.0,EV_PLAZA,Dispatch BESS +18MW & Throttle EV Plaza chargers by 25%. Hospital locked immune.
49.858,-0.2645,0.9942,121.6,102.61,18.98,87.25,27.53,10.09,43.4,28.61,30.03,10.14,8.0,EV_SURGE,25.5,EV_PLAZA,Dispatch BESS +18MW & Throttle EV Plaza chargers by 25%. Hospital locked immune.
49.865,-0.2242,0.9927,116.19,97.88,18.31,83.12,13.2,19.67,67.6,7.1,44.42,10.28,8.0,INDUSTRIAL_INRUSH,20.4,INDUSTRIAL,Activate STATCOM reactive voltage support & engage interruptible tariff shedding.
49.852,-0.1388,1.0034,99.01,84.58,14.43,71.11,2.7,16.88,53.5,6.97,28.04,9.65,8.0,NOMINAL,5.0,NONE,Nominal operating envelope. Spinning reserves active.
49.925,-0.1103,0.998,100.27,98.63,1.64,71.47,14.34,19.29,50.2,6.73,29.78,9.95,8.0,NOMINAL,5.0,NONE,Nominal operating envelope. Spinning reserves active.
50.106,0.1723,1.0004,112.07,119.54,-7.47,80.47,34.9,19.65,82.3,7.26,42.6,9.55,8.0,INDUSTRIAL_INRUSH,7.7,INDUSTRIAL,Activate STATCOM reactive voltage support & engage interruptible tariff shedding.
49.96,-0.0014,0.9994,117.22,117.2,0.02,84.89,34.35,17.85,40.9,21.31,31.59,10.02,8.0,EV_SURGE,15.5,EV_PLAZA,Dispatch BESS +18MW & Throttle EV Plaza chargers by 25%. Hospital locked immune.
49.835,-0.2017,0.996,120.81,100.65,20.16,87.67,21.26,14.39,55.3,27.45,30.0,9.95,8.0,EV_SURGE,25.7,EV_PLAZA,Dispatch BESS +18MW & Throttle EV Plaza chargers by 25%. Hospital locked immune.
49.904,-0.2024,0.9968,112.45,100.65,11.81,80.13,21.23,14.41,75.9,6.49,43.55,9.92,8.0,INDUSTRIAL_INRUSH,12.4,INDUSTRIAL,Activate STATCOM reactive voltage support & engage interruptible tariff shedding.
49.737,-0.3474,0.9942,113.97,85.66,28.31,82.59,3.35,17.31,44.3,19.84,30.54,10.37,8.0,EV_SURGE,23.0,EV_PLAZA,Dispatch BESS +18MW & Throttle EV Plaza chargers by 25%. Hospital locked immune.
50.055,0.1336,0.9932,102.83,108.33,-5.5,73.33,31.5,11.83,61.3,7.48,31.03,9.83,8.0,NOMINAL,5.0,NONE,Nominal operating envelope. Spinning reserves active.
49.925,-0.1371,0.9913,100.48,92.63,7.85,71.5,13.24,14.39,76.2,6.93,30.47,9.84,8.0,SOLAR_DROP,7.9,SOLAR_FARM,Inject BESS synthetic inertia +15MW & ramp utility interconnect spinning reserve.
49.973,-0.0557,1.0049,115.14,111.3,3.84,82.92,32.65,13.65,51.7,7.11,44.77,9.27,8.0,INDUSTRIAL_INRUSH,12.0,INDUSTRIAL,Activate STATCOM reactive voltage support & engage interruptible tariff shedding.
50.197,0.3126,1.0078,100.55,116.65,-16.09,71.79,34.21,17.44,56.0,6.71,29.82,10.38,8.0,NOMINAL,5.0,NONE,Nominal operating envelope. Spinning reserves active.
49.891,-0.1943,0.9969,118.35,101.5,16.85,85.27,25.59,10.91,41.2,25.03,29.26,10.01,8.0,EV_SURGE,19.9,EV_PLAZA,Dispatch BESS +18MW & Throttle EV Plaza chargers by 25%. Hospital locked immune.
49.813,-0.3663,0.9955,108.84,85.62,23.22,77.37,3.33,17.29,59.7,6.77,39.8,9.24,8.0,INDUSTRIAL_INRUSH,12.4,INDUSTRIAL,Activate STATCOM reactive voltage support & engage interruptible tariff shedding.
49.935,-0.1634,0.9913,114.54,100.89,13.65,83.03,23.21,12.68,56.5,7.14,29.64,24.19,8.0,DATACENTER_SPIKE,18.9,AI_DATACENTER,AI cluster compute power cap & BESS localized peak shaving.
49.99,-0.0629,0.9955,118.19,117.2,0.99,84.79,34.35,17.85,40.5,21.63,30.48,9.76,8.0,EV_SURGE,16.9,EV_PLAZA,Dispatch BESS +18MW & Throttle EV Plaza chargers by 25%. Hospital locked immune.
49.841,-0.2218,0.9853,100.71,80.76,19.95,71.81,5.22,10.54,60.6,7.3,31.66,9.65,8.0,SOLAR_DROP,14.5,SOLAR_FARM,Inject BESS synthetic inertia +15MW & ramp utility interconnect spinning reserve.
49.836,-0.1837,0.9955,97.55,80.96,16.59,70.57,5.44,10.52,60.5,7.16,27.32,9.71,8.0,WIND_STALL,8.2,WIND_FARM,Command turbine blade pitch compensation & AGC governor reserve ramp.
49.969,-0.065,1.0034,109.47,104.64,4.82,78.67,29.44,10.2,66.2,6.5,40.27,10.19,8.0,INDUSTRIAL_INRUSH,6.2,INDUSTRIAL,Activate STATCOM reactive voltage support & engage interruptible tariff shedding.
50.235,0.3673,1.0047,101.01,116.95,-15.94,71.72,34.29,17.66,42.1,7.07,30.07,9.9,8.0,NOMINAL,5.0,NONE,Nominal operating envelope. Spinning reserves active.
49.999,-0.0687,0.9997,99.8,98.56,1.24,71.18,14.23,19.33,54.2,7.04,29.73,10.23,8.0,NOMINAL,5.0,NONE,Nominal operating envelope. Spinning reserves active.
49.999,0.045,1.0053,100.21,102.69,-2.49,71.5,27.62,10.07,59.3,6.82,29.13,10.14,8.0,NOMINAL,5.0,NONE,Nominal operating envelope. Spinning reserves active.
49.938,-0.0769,0.9995,99.7,92.99,6.71,71.2,8.33,19.66,66.5,7.27,29.77,10.15,8.0,NOMINAL,5.0,NONE,Nominal operating envelope. Spinning reserves active.
49.829,-0.1907,0.991,116.19,98.45,17.74,83.58,14.05,19.4,63.8,6.81,47.69,9.97,8.0,INDUSTRIAL_INRUSH,23.3,INDUSTRIAL,Activate STATCOM reactive voltage support & engage interruptible tariff shedding.
49.923,-0.0873,1.0041,98.51,97.0,1.52,70.27,12.09,19.91,78.8,7.22,28.14,10.29,8.0,NOMINAL,5.0,NONE,Nominal operating envelope. Spinning reserves active.
49.932,-0.2112,0.9958,114.15,101.13,13.02,82.44,24.43,11.7,49.4,7.2,42.33,10.14,8.0,INDUSTRIAL_INRUSH,15.3,INDUSTRIAL,Activate STATCOM reactive voltage support & engage interruptible tariff shedding.
50.57,1.0772,1.0234,98.93,116.48,-17.55,71.35,34.17,17.31,36.3,6.65,28.91,10.12,8.0,BESS_OUTAGE,25.0,BESS_STATION,Emergency demand-response load curtailment. Fast-trip substation feeder protection armed.
49.944,-0.1418,0.9957,100.47,91.56,8.91,71.06,7.24,19.32,80.8,6.98,29.31,10.86,8.0,NOMINAL,5.0,NONE,Nominal operating envelope. Spinning reserves active.
50.006,0.0577,1.0017,99.24,100.07,-0.83,70.96,30.66,4.41,52.1,6.86,29.78,10.21,8.0,WIND_STALL,5.0,WIND_FARM,Command turbine blade pitch compensation & AGC governor reserve ramp.
49.931,-0.1555,1.0004,101.54,91.48,10.06,73.08,7.18,19.29,57.5,7.12,30.36,10.92,8.0,NOMINAL,5.0,NONE,Nominal operating envelope. Spinning reserves active.
49.999,-0.0899,0.9991,101.58,96.0,5.58,72.5,11.0,20.0,71.4,7.12,30.42,10.04,8.0,NOMINAL,5.0,NONE,Nominal operating envelope. Spinning reserves active.
49.885,-0.1269,0.9978,113.18,99.98,13.21,80.94,17.42,17.56,63.6,6.84,29.4,22.85,8.0,DATACENTER_SPIKE,13.5,AI_DATACENTER,AI cluster compute power cap & BESS localized peak shaving.
49.957,-0.0452,0.9977,116.04,113.23,2.82,84.32,33.27,14.96,42.0,6.9,46.44,10.01,8.0,INDUSTRIAL_INRUSH,15.9,INDUSTRIAL,Activate STATCOM reactive voltage support & engage interruptible tariff shedding.
49.86,-0.1611,0.9971,98.31,82.49,15.82,70.29,6.27,11.23,50.9,6.52,31.16,9.58,8.0,SOLAR_DROP,6.5,SOLAR_FARM,Inject BESS synthetic inertia +15MW & ramp utility interconnect spinning reserve.
50.244,0.521,1.0033,99.18,119.33,-20.14,71.26,34.85,19.47,84.9,7.34,29.71,9.96,8.0,NOMINAL,5.0,NONE,Nominal operating envelope. Spinning reserves active.
49.965,-0.0679,1.0028,99.55,95.13,4.43,70.65,22.3,7.83,42.7,6.65,29.78,9.3,8.0,WIND_STALL,5.0,WIND_FARM,Command turbine blade pitch compensation & AGC governor reserve ramp.
50.191,0.2681,1.0039,97.81,111.04,-13.23,70.53,34.98,11.06,61.8,6.94,28.45,9.78,8.0,WIND_STALL,5.0,WIND_FARM,Command turbine blade pitch compensation & AGC governor reserve ramp.
49.853,-0.2971,0.9983,117.88,98.33,19.55,84.61,13.86,19.47,63.6,24.02,30.4,10.01,8.0,EV_SURGE,19.4,EV_PLAZA,Dispatch BESS +18MW & Throttle EV Plaza chargers by 25%. Hospital locked immune.
49.803,-0.4404,0.9919,119.76,94.45,25.31,85.52,9.54,19.91,51.6,27.96,28.47,10.17,8.0,EV_SURGE,26.3,EV_PLAZA,Dispatch BESS +18MW & Throttle EV Plaza chargers by 25%. Hospital locked immune.
49.783,-0.4471,0.9913,100.82,93.46,7.36,71.54,8.71,19.76,35.5,6.69,30.17,9.99,8.0,BESS_OUTAGE,37.7,BESS_STATION,Emergency demand-response load curtailment. Fast-trip substation feeder protection armed.
50.041,0.0713,1.0069,99.49,100.57,-1.07,70.85,20.53,15.04,61.1,7.25,29.9,10.54,8.0,NOMINAL,5.0,NONE,Nominal operating envelope. Spinning reserves active.
49.895,-0.1315,0.9968,100.46,89.45,11.0,71.07,5.77,18.68,78.7,7.42,29.42,10.02,8.0,NOMINAL,5.0,NONE,Nominal operating envelope. Spinning reserves active.
49.94,-0.1074,0.9976,98.81,90.46,8.35,70.43,16.68,8.78,81.3,6.91,29.49,9.84,8.0,WIND_STALL,5.0,WIND_FARM,Command turbine blade pitch compensation & AGC governor reserve ramp.
50.031,0.0876,1.0,99.34,100.68,-1.34,70.58,21.57,14.12,55.2,6.73,29.68,9.73,8.0,NOMINAL,5.0,NONE,Nominal operating envelope. Spinning reserves active.
49.854,-0.3264,0.9981,100.88,96.01,4.87,71.86,11.01,20.0,20.8,7.13,30.85,10.2,8.0,BESS_OUTAGE,31.1,BESS_STATION,Emergency demand-response load curtailment. Fast-trip substation feeder protection armed.
50.065,0.0651,1.0054,99.25,100.48,-1.23,70.59,19.82,15.65,65.7,7.03,28.7,9.53,8.0,NOMINAL,5.0,NONE,Nominal operating envelope. Spinning reserves active.
49.987,-0.0578,1.0012,112.78,108.94,3.83,80.44,31.76,12.18,53.1,6.66,29.85,21.25,8.0,DATACENTER_SPIKE,8.1,AI_DATACENTER,AI cluster compute power cap & BESS localized peak shaving.
50.084,0.2313,0.9991,101.07,110.37,-9.29,73.25,32.31,13.05,72.0,7.11,31.49,9.22,8.0,NOMINAL,5.0,NONE,Nominal operating envelope. Spinning reserves active.
49.967,-0.1146,0.9972,102.68,95.06,7.62,74.62,25.04,5.03,48.8,7.39,31.87,10.1,8.0,WIND_STALL,5.0,WIND_FARM,Command turbine blade pitch compensation & AGC governor reserve ramp.
49.988,0.0662,0.9978,100.1,101.07,-0.97,70.9,24.17,11.9,50.1,6.79,30.33,10.11,8.0,NOMINAL,5.0,NONE,Nominal operating envelope. Spinning reserves active.
50.222,0.3507,1.0063,101.1,118.29,-17.2,71.97,34.61,18.68,58.9,6.55,30.72,10.21,8.0,NOMINAL,5.0,NONE,Nominal operating envelope. Spinning reserves active.
49.91,-0.1935,0.9974,113.76,100.67,13.09,81.6,21.48,14.2,51.2,6.93,44.5,10.47,8.0,INDUSTRIAL_INRUSH,13.9,INDUSTRIAL,Activate STATCOM reactive voltage support & engage interruptible tariff shedding.
50.01,-0.0352,1.0035,100.81,98.52,2.29,72.55,13.66,19.86,69.6,6.87,30.76,10.18,8.0,SOLAR_DROP,5.0,SOLAR_FARM,Inject BESS synthetic inertia +15MW & ramp utility interconnect spinning reserve.
49.969,-0.0637,0.9954,114.53,109.37,5.15,82.13,31.93,12.44,43.3,7.36,30.18,24.39,8.0,DATACENTER_SPIKE,13.9,AI_DATACENTER,AI cluster compute power cap & BESS localized peak shaving.
49.966,-0.0596,0.996,101.42,100.54,0.88,73.46,20.32,15.22,78.1,6.87,31.74,10.43,8.0,NOMINAL,5.0,NONE,Nominal operating envelope. Spinning reserves active.
50.008,0.0273,1.0038,100.08,100.64,-0.56,72.34,21.14,14.5,40.5,7.33,29.22,10.94,8.0,NOMINAL,5.0,NONE,Nominal operating envelope. Spinning reserves active.
49.873,-0.1867,0.9992,100.43,84.11,16.32,71.55,1.59,17.52,62.7,6.96,30.58,9.24,8.0,SOLAR_DROP,5.0,SOLAR_FARM,Inject BESS synthetic inertia +15MW & ramp utility interconnect spinning reserve.
50.036,0.0578,1.0019,99.65,100.87,-1.22,71.73,23.09,12.77,82.2,7.23,29.48,9.96,8.0,NOMINAL,5.0,NONE,Nominal operating envelope. Spinning reserves active.
50.157,0.3506,1.002,98.04,111.19,-13.14,70.06,32.61,13.58,78.4,7.09,28.05,10.41,8.0,NOMINAL,5.0,NONE,Nominal operating envelope. Spinning reserves active.
49.401,-1.0768,0.9788,121.34,82.22,39.13,87.35,1.3,15.92,48.0,26.56,31.24,9.97,8.0,EV_SURGE,50.5,EV_PLAZA,Dispatch BESS +18MW & Throttle EV Plaza chargers by 25%. Hospital locked immune.
49.938,-0.1965,0.9947,110.71,98.76,11.94,79.93,14.57,19.19,66.8,7.14,40.76,9.67,8.0,INDUSTRIAL_INRUSH,12.3,INDUSTRIAL,Activate STATCOM reactive voltage support & engage interruptible tariff shedding.
49.783,-0.3675,0.9939,114.15,89.01,25.15,82.36,5.47,18.53,60.7,6.84,45.1,9.68,8.0,INDUSTRIAL_INRUSH,21.3,INDUSTRIAL,Activate STATCOM reactive voltage support & engage interruptible tariff shedding.
50.016,0.0418,1.0014,99.99,100.89,-0.91,70.6,23.27,12.63,49.4,6.9,31.05,10.2,8.0,NOMINAL,5.0,NONE,Nominal operating envelope. Spinning reserves active.
49.442,-1.1626,0.9787,100.62,82.66,17.96,71.29,1.56,16.1,31.0,7.23,31.99,9.18,8.0,BESS_OUTAGE,56.9,BESS_STATION,Emergency demand-response load curtailment. Fast-trip substation feeder protection armed.
50.118,0.1801,1.0019,95.87,104.64,-8.77,67.86,29.44,10.2,40.3,6.27,27.93,9.54,8.0,NOMINAL,5.0,NONE,Nominal operating envelope. Spinning reserves active.
50.118,0.1902,1.0047,99.91,109.07,-9.17,71.1,34.04,10.03,61.2,7.42,29.91,10.16,8.0,WIND_STALL,5.0,WIND_FARM,Command turbine blade pitch compensation & AGC governor reserve ramp.
50.2,0.2953,1.0106,100.26,115.94,-15.68,71.93,34.03,16.91,50.7,6.93,30.09,10.27,8.0,NOMINAL,5.0,NONE,Nominal operating envelope. Spinning reserves active.
49.9,-0.2171,0.9941,112.68,99.71,12.97,80.41,16.61,18.1,66.4,6.74,30.05,22.68,8.0,DATACENTER_SPIKE,14.6,AI_DATACENTER,AI cluster compute power cap & BESS localized peak shaving.
49.859,-0.2475,1.0011,116.93,100.39,16.54,83.82,19.26,16.13,74.8,21.19,29.63,10.86,8.0,EV_SURGE,17.0,EV_PLAZA,Dispatch BESS +18MW & Throttle EV Plaza chargers by 25%. Hospital locked immune.
50.004,-0.0067,1.0006,100.84,100.7,0.13,72.92,21.76,13.94,44.5,6.9,31.72,9.3,8.0,NOMINAL,5.0,NONE,Nominal operating envelope. Spinning reserves active.
50.104,0.1599,1.0073,99.15,106.78,-7.63,70.14,30.75,11.03,52.1,7.05,29.92,9.66,8.0,NOMINAL,5.0,NONE,Nominal operating envelope. Spinning reserves active.
49.933,-0.0938,1.0059,100.43,98.9,1.52,71.61,14.82,19.08,32.2,6.68,29.85,10.24,8.0,BESS_OUTAGE,27.2,BESS_STATION,Emergency demand-response load curtailment. Fast-trip substation feeder protection armed.
50.164,0.18,1.0064,109.09,118.42,-9.33,79.2,34.64,18.78,41.9,7.03,29.84,19.96,8.0,DATACENTER_SPIKE,5.9,AI_DATACENTER,AI cluster compute power cap & BESS localized peak shaving.
49.947,-0.0467,0.9943,115.01,110.64,4.37,83.31,32.41,13.22,84.8,25.25,28.57,9.54,8.0,EV_SURGE,16.9,EV_PLAZA,Dispatch BESS +18MW & Throttle EV Plaza chargers by 25%. Hospital locked immune.
49.935,-0.0481,1.0014,111.46,108.7,2.76,80.03,31.66,12.04,51.8,6.91,29.53,22.33,8.0,DATACENTER_SPIKE,9.2,AI_DATACENTER,AI cluster compute power cap & BESS localized peak shaving.
49.914,-0.1201,0.9974,99.74,89.3,10.43,71.94,13.78,10.53,70.9,6.71,30.2,9.97,8.0,WIND_STALL,5.0,WIND_FARM,Command turbine blade pitch compensation & AGC governor reserve ramp.
50.11,0.1316,1.0026,97.12,103.69,-6.57,67.8,32.2,6.49,45.8,7.24,29.3,10.46,8.0,WIND_STALL,5.0,WIND_FARM,Command turbine blade pitch compensation & AGC governor reserve ramp.
49.815,-0.4492,0.994,98.86,73.05,25.81,71.24,0.21,7.83,76.6,7.2,29.34,10.38,8.0,WIND_STALL,9.9,WIND_FARM,Command turbine blade pitch compensation & AGC governor reserve ramp.
49.953,-0.1291,1.0001,97.56,89.72,7.84,69.45,5.95,18.77,52.3,6.74,30.35,9.81,8.0,NOMINAL,5.0,NONE,Nominal operating envelope. Spinning reserves active.
49.676,-0.5764,0.9925,100.88,90.32,10.57,71.1,6.36,18.96,31.8,7.69,29.64,10.52,8.0,BESS_OUTAGE,40.5,BESS_STATION,Emergency demand-response load curtailment. Fast-trip substation feeder protection armed.
49.926,-0.1065,1.0019,119.79,118.07,1.72,86.33,34.56,18.51,80.7,28.62,29.74,9.69,8.0,EV_SURGE,18.3,EV_PLAZA,Dispatch BESS +18MW & Throttle EV Plaza chargers by 25%. Hospital locked immune.
49.861,-0.174,0.994,102.81,89.01,13.8,72.95,9.25,14.76,63.4,6.9,31.73,10.75,8.0,SOLAR_DROP,8.3,SOLAR_FARM,Inject BESS synthetic inertia +15MW & ramp utility interconnect spinning reserve.
50.012,0.0455,1.0001,99.51,100.2,-0.7,70.53,18.29,16.91,61.1,7.02,28.71,9.98,8.0,NOMINAL,5.0,NONE,Nominal operating envelope. Spinning reserves active.
49.846,-0.2923,0.9985,100.19,83.25,16.94,71.69,1.9,16.34,74.3,6.85,30.4,9.51,8.0,NOMINAL,5.0,NONE,Nominal operating envelope. Spinning reserves active.
50.007,-0.0467,1.0007,101.0,100.32,0.67,72.96,18.87,16.45,77.9,6.52,30.81,9.72,8.0,NOMINAL,5.0,NONE,Nominal operating envelope. Spinning reserves active.
49.975,-0.0554,0.998,98.24,94.01,4.22,70.76,23.47,5.55,50.9,6.41,28.85,9.45,8.0,WIND_STALL,5.0,WIND_FARM,Command turbine blade pitch compensation & AGC governor reserve ramp.
49.969,-0.0578,1.0062,100.89,97.57,3.32,72.78,27.75,4.82,53.2,6.54,30.01,9.76,8.0,WIND_STALL,5.0,WIND_FARM,Command turbine blade pitch compensation & AGC governor reserve ramp.
49.974,-0.0277,0.9983,100.76,98.45,2.31,71.96,14.05,19.4,59.9,7.58,29.76,10.37,8.0,NOMINAL,5.0,NONE,Nominal operating envelope. Spinning reserves active.
49.956,-0.0552,1.0019,115.36,111.62,3.75,82.42,32.76,13.86,75.1,6.62,46.09,10.08,8.0,INDUSTRIAL_INRUSH,11.9,INDUSTRIAL,Activate STATCOM reactive voltage support & engage interruptible tariff shedding.
50.018,0.0451,1.0029,100.12,101.18,-1.06,71.83,24.62,11.56,61.1,7.48,29.4,10.04,8.0,NOMINAL,5.0,NONE,Nominal operating envelope. Spinning reserves active.
49.951,-0.1352,0.9974,96.05,86.54,9.51,68.96,3.9,17.65,63.2,6.23,28.79,9.79,8.0,NOMINAL,5.0,NONE,Nominal operating envelope. Spinning reserves active.
50.124,0.1522,1.0013,111.75,118.61,-6.86,79.71,34.69,18.92,67.5,7.55,29.84,21.47,8.0,DATACENTER_SPIKE,6.6,AI_DATACENTER,AI cluster compute power cap & BESS localized peak shaving.
49.884,-0.2579,0.9951,113.44,97.85,15.59,81.59,13.17,19.68,72.4,7.32,44.43,9.62,8.0,INDUSTRIAL_INRUSH,16.2,INDUSTRIAL,Activate STATCOM reactive voltage support & engage interruptible tariff shedding.
49.874,-0.243,0.9952,100.28,83.14,17.14,71.51,1.84,16.3,49.6,7.22,30.03,10.36,8.0,NOMINAL,5.0,NONE,Nominal operating envelope. Spinning reserves active.
49.973,-0.0372,0.9982,100.82,99.96,0.85,72.14,17.37,17.59,74.3,6.98,30.45,9.68,8.0,NOMINAL,5.0,NONE,Nominal operating envelope. Spinning reserves active.
49.893,-0.1361,0.9967,101.55,93.09,8.45,71.84,8.34,19.75,55.9,6.96,31.71,9.67,8.0,SOLAR_DROP,5.6,SOLAR_FARM,Inject BESS synthetic inertia +15MW & ramp utility interconnect spinning reserve.
50.076,0.0809,1.0027,100.23,103.63,-3.39,71.4,28.61,10.01,71.1,7.04,30.3,10.7,8.0,NOMINAL,5.0,NONE,Nominal operating envelope. Spinning reserves active.
50.059,0.0759,1.0013,98.69,100.47,-1.77,70.18,19.77,15.7,62.0,6.97,29.14,10.1,8.0,NOMINAL,5.0,NONE,Nominal operating envelope. Spinning reserves active.
49.835,-0.1883,0.9924,114.12,94.93,19.19,81.31,9.97,19.96,40.9,7.1,44.95,8.71,8.0,INDUSTRIAL_INRUSH,19.1,INDUSTRIAL,Activate STATCOM reactive voltage support & engage interruptible tariff shedding.
49.801,-0.3248,0.9974,110.94,84.95,25.99,80.15,2.92,17.03,77.3,7.15,40.74,10.3,8.0,INDUSTRIAL_INRUSH,15.5,INDUSTRIAL,Activate STATCOM reactive voltage support & engage interruptible tariff shedding.
49.917,-0.1293,0.997,99.45,88.19,11.26,70.77,10.11,13.08,79.2,6.75,29.63,10.1,8.0,SOLAR_DROP,5.0,SOLAR_FARM,Inject BESS synthetic inertia +15MW & ramp utility interconnect spinning reserve.
49.954,-0.0391,0.9999,102.09,99.68,2.41,73.43,16.52,18.16,79.1,6.85,29.86,10.92,8.0,NOMINAL,5.0,NONE,Nominal operating envelope. Spinning reserves active.
49.94,-0.0553,0.9969,101.29,99.86,1.43,72.45,17.04,17.82,27.0,6.94,31.7,10.03,8.0,BESS_OUTAGE,28.9,BESS_STATION,Emergency demand-response load curtailment. Fast-trip substation feeder protection armed.
49.954,-0.0597,1.0028,100.45,95.06,5.39,70.75,25.07,4.99,41.9,7.36,29.62,9.68,8.0,WIND_STALL,5.0,WIND_FARM,Command turbine blade pitch compensation & AGC governor reserve ramp.
50.117,0.2324,1.0044,97.01,107.24,-10.23,70.03,34.08,8.16,78.6,7.0,29.38,9.65,8.0,WIND_STALL,5.0,WIND_FARM,Command turbine blade pitch compensation & AGC governor reserve ramp.
49.775,-0.3359,0.9944,120.35,95.85,24.5,86.46,10.85,20.0,57.3,26.93,29.55,10.22,8.0,EV_SURGE,27.0,EV_PLAZA,Dispatch BESS +18MW & Throttle EV Plaza chargers by 25%. Hospital locked immune.
50.103,0.1459,0.9966,99.2,105.17,-5.97,71.05,32.69,7.47,84.1,7.12,28.8,9.93,8.0,WIND_STALL,5.0,WIND_FARM,Command turbine blade pitch compensation & AGC governor reserve ramp.
50.105,0.1336,1.0046,97.42,104.38,-6.96,69.8,29.24,10.13,69.2,7.4,29.16,9.54,8.0,NOMINAL,5.0,NONE,Nominal operating envelope. Spinning reserves active.
50.09,0.1475,0.9996,98.73,101.09,-2.37,70.38,24.29,11.8,29.4,6.95,30.35,9.19,8.0,BESS_OUTAGE,25.2,BESS_STATION,Emergency demand-response load curtailment. Fast-trip substation feeder protection armed.
49.823,-0.237,0.9958,121.32,102.55,18.78,88.41,27.44,10.11,44.0,25.84,31.42,9.66,8.0,EV_SURGE,27.3,EV_PLAZA,Dispatch BESS +18MW & Throttle EV Plaza chargers by 25%. Hospital locked immune.
49.901,-0.1314,0.9963,99.18,88.99,10.19,71.1,9.27,14.72,67.8,6.57,30.42,9.01,8.0,SOLAR_DROP,5.6,SOLAR_FARM,Inject BESS synthetic inertia +15MW & ramp utility interconnect spinning reserve.
49.914,-0.1311,0.9938,113.71,101.04,12.67,81.75,24.05,11.99,44.3,21.22,29.92,10.52,8.0,EV_SURGE,16.2,EV_PLAZA,Dispatch BESS +18MW & Throttle EV Plaza chargers by 25%. Hospital locked immune.
49.882,-0.1187,0.9951,98.66,87.79,10.87,70.89,4.68,18.11,76.3,6.8,29.43,10.6,8.0,NOMINAL,5.0,NONE,Nominal operating envelope. Spinning reserves active.
49.972,-0.0723,0.9951,111.53,106.82,4.71,79.92,30.77,11.05,77.9,19.57,29.73,10.46,8.0,EV_SURGE,10.9,EV_PLAZA,Dispatch BESS +18MW & Throttle EV Plaza chargers by 25%. Hospital locked immune.
49.698,-0.3852,0.9964,98.07,89.79,8.28,70.03,6.0,18.79,32.4,7.15,28.54,10.18,8.0,BESS_OUTAGE,37.3,BESS_STATION,Emergency demand-response load curtailment. Fast-trip substation feeder protection armed.
50.07,0.1116,1.005,99.24,104.03,-4.79,71.69,28.96,10.06,77.6,6.78,30.86,9.37,8.0,NOMINAL,5.0,NONE,Nominal operating envelope. Spinning reserves active.
49.891,-0.1673,0.9946,99.11,82.48,16.62,70.04,7.42,10.06,66.3,7.49,29.01,10.16,8.0,SOLAR_DROP,7.0,SOLAR_FARM,Inject BESS synthetic inertia +15MW & ramp utility interconnect spinning reserve.
49.836,-0.2809,0.9938,98.02,74.81,23.21,68.85,0.75,9.06,79.9,6.9,29.33,9.22,8.0,WIND_STALL,9.4,WIND_FARM,Command turbine blade pitch compensation & AGC governor reserve ramp.
49.98,-0.0917,1.002,118.45,116.69,1.76,84.38,34.22,17.46,80.8,24.97,29.86,10.43,8.0,EV_SURGE,13.8,EV_PLAZA,Dispatch BESS +18MW & Throttle EV Plaza chargers by 25%. Hospital locked immune.
49.954,-0.0637,1.0043,114.41,110.18,4.23,81.99,32.25,12.94,67.3,21.57,30.0,10.43,8.0,EV_SURGE,11.3,EV_PLAZA,Dispatch BESS +18MW & Throttle EV Plaza chargers by 25%. Hospital locked immune.
49.895,-0.109,1.0007,99.57,89.47,10.1,71.66,13.34,11.13,84.2,7.02,28.59,9.94,8.0,SOLAR_DROP,5.0,SOLAR_FARM,Inject BESS synthetic inertia +15MW & ramp utility interconnect spinning reserve.
50.232,0.3753,1.0042,102.66,118.15,-15.48,74.14,34.58,18.57,54.8,7.38,30.7,9.94,8.0,NOMINAL,5.0,NONE,Nominal operating envelope. Spinning reserves active.
49.903,-0.2343,0.9989,101.79,87.08,14.71,72.41,2.39,19.69,45.9,7.03,29.98,9.96,8.0,SOLAR_DROP,5.0,SOLAR_FARM,Inject BESS synthetic inertia +15MW & ramp utility interconnect spinning reserve.
50.073,0.1372,1.0052,100.54,106.44,-5.89,71.63,30.57,10.87,46.6,6.45,31.14,10.06,8.0,NOMINAL,5.0,NONE,Nominal operating envelope. Spinning reserves active.
50.079,0.149,1.0057,97.82,104.91,-7.09,70.57,29.63,10.28,43.9,6.88,29.67,9.91,8.0,NOMINAL,5.0,NONE,Nominal operating envelope. Spinning reserves active.
50.069,0.1092,1.0045,111.72,117.96,-6.24,79.55,34.53,18.42,74.3,7.15,42.05,10.01,8.0,INDUSTRIAL_INRUSH,6.4,INDUSTRIAL,Activate STATCOM reactive voltage support & engage interruptible tariff shedding.
50.089,0.1315,0.9997,100.63,106.92,-6.3,72.21,30.83,11.1,75.1,6.94,29.49,9.42,8.0,NOMINAL,5.0,NONE,Nominal operating envelope. Spinning reserves active.
49.947,-0.0555,1.0006,109.13,103.88,5.24,79.02,28.84,10.04,50.1,6.7,39.88,10.39,8.0,INDUSTRIAL_INRUSH,7.4,INDUSTRIAL,Activate STATCOM reactive voltage support & engage interruptible tariff shedding.
49.96,-0.0617,1.0034,101.25,97.66,3.59,72.12,12.91,19.75,61.4,7.09,30.7,10.46,8.0,NOMINAL,5.0,NONE,Nominal operating envelope. Spinning reserves active.
49.961,-0.0376,1.0071,99.97,99.38,0.59,71.94,15.8,18.59,76.0,7.31,29.15,9.71,8.0,NOMINAL,5.0,NONE,Nominal operating envelope. Spinning reserves active.
50.226,0.409,1.0078,99.77,118.5,-18.73,71.2,34.66,18.84,56.6,7.15,30.01,9.82,8.0,NOMINAL,5.0,NONE,Nominal operating envelope. Spinning reserves active.
49.811,-0.2534,0.9956,119.97,97.07,22.9,86.6,12.18,19.89,79.0,26.02,31.68,9.94,8.0,EV_SURGE,25.3,EV_PLAZA,Dispatch BESS +18MW & Throttle EV Plaza chargers by 25%. Hospital locked immune.
50.156,0.3726,1.001,99.09,104.39,-5.3,71.17,29.25,10.14,33.4,7.11,28.13,10.16,8.0,BESS_OUTAGE,25.0,BESS_STATION,Emergency demand-response load curtailment. Fast-trip substation feeder protection armed.
50.035,0.0458,1.0025,100.34,103.0,-2.67,72.37,32.49,5.51,53.5,6.86,30.36,9.99,8.0,WIND_STALL,5.0,WIND_FARM,Command turbine blade pitch compensation & AGC governor reserve ramp.
49.957,-0.1706,0.9954,99.88,89.13,10.75,70.59,4.17,19.96,84.9,6.97,30.42,9.98,8.0,SOLAR_DROP,5.0,SOLAR_FARM,Inject BESS synthetic inertia +15MW & ramp utility interconnect spinning reserve.
50.123,0.131,1.0027,109.37,117.73,-8.36,77.52,34.48,18.25,48.5,7.23,30.68,19.3,8.0,DATACENTER_SPIKE,5.0,AI_DATACENTER,AI cluster compute power cap & BESS localized peak shaving.
49.938,-0.1572,1.0007,111.58,101.41,10.17,80.22,25.36,11.05,48.6,19.45,28.81,9.58,8.0,EV_SURGE,9.4,EV_PLAZA,Dispatch BESS +18MW & Throttle EV Plaza chargers by 25%. Hospital locked immune.
49.869,-0.1937,0.994,118.17,100.48,17.69,85.79,19.84,15.64,55.3,7.03,47.07,10.3,8.0,INDUSTRIAL_INRUSH,23.2,INDUSTRIAL,Activate STATCOM reactive voltage support & engage interruptible tariff shedding.
49.605,-0.4992,0.9893,101.27,89.69,11.58,72.04,5.93,18.76,21.1,7.1,31.29,9.51,8.0,BESS_OUTAGE,44.9,BESS_STATION,Emergency demand-response load curtailment. Fast-trip substation feeder protection armed.
49.926,-0.1107,0.9995,109.93,100.14,9.78,79.35,18.04,17.1,63.6,7.09,42.29,10.41,8.0,INDUSTRIAL_INRUSH,8.8,INDUSTRIAL,Activate STATCOM reactive voltage support & engage interruptible tariff shedding.
49.908,-0.1235,0.9978,111.98,101.01,10.98,80.06,23.89,12.11,64.1,7.15,28.92,22.51,8.0,DATACENTER_SPIKE,11.5,AI_DATACENTER,AI cluster compute power cap & BESS localized peak shaving.
49.956,-0.0667,0.9979,101.88,100.63,1.25,72.82,21.1,14.53,21.9,6.96,31.54,10.52,8.0,BESS_OUTAGE,27.7,BESS_STATION,Emergency demand-response load curtailment. Fast-trip substation feeder protection armed.
49.949,-0.0668,1.0015,100.25,99.0,1.25,71.13,29.8,4.2,45.0,7.53,30.73,9.94,8.0,WIND_STALL,5.0,WIND_FARM,Command turbine blade pitch compensation & AGC governor reserve ramp.
49.935,-0.1216,0.994,109.33,100.77,8.56,78.76,22.35,13.42,76.6,6.8,40.13,8.97,8.0,INDUSTRIAL_INRUSH,11.2,INDUSTRIAL,Activate STATCOM reactive voltage support & engage interruptible tariff shedding.
49.945,-0.1045,0.9996,97.71,88.56,9.15,69.71,4.3,19.26,40.5,6.35,30.0,10.31,8.0,SOLAR_DROP,5.0,SOLAR_FARM,Inject BESS synthetic inertia +15MW & ramp utility interconnect spinning reserve.
49.917,-0.1685,0.9982,114.84,100.96,13.88,82.14,23.63,12.33,81.0,21.79,30.51,9.11,8.0,EV_SURGE,13.9,EV_PLAZA,Dispatch BESS +18MW & Throttle EV Plaza chargers by 25%. Hospital locked immune.
50.002,0.055,1.0,100.82,103.37,-2.55,72.57,32.73,5.65,52.6,7.26,30.03,9.36,8.0,WIND_STALL,5.0,WIND_FARM,Command turbine blade pitch compensation & AGC governor reserve ramp.
49.881,-0.2348,0.9946,113.6,100.17,13.43,81.53,18.14,17.03,62.0,20.37,30.8,10.49,8.0,EV_SURGE,16.5,EV_PLAZA,Dispatch BESS +18MW & Throttle EV Plaza chargers by 25%. Hospital locked immune.
49.833,-0.205,0.9975,119.2,101.35,17.85,85.96,25.18,11.17,80.7,25.67,30.46,10.23,8.0,EV_SURGE,22.4,EV_PLAZA,Dispatch BESS +18MW & Throttle EV Plaza chargers by 25%. Hospital locked immune.
50.05,0.0978,1.002,115.36,119.73,-4.36,83.26,34.94,19.79,40.2,6.89,44.82,9.8,8.0,INDUSTRIAL_INRUSH,11.6,INDUSTRIAL,Activate STATCOM reactive voltage support & engage interruptible tariff shedding.
49.973,-0.0523,0.9971,97.32,93.27,4.04,69.77,22.88,5.4,49.5,6.83,30.87,9.72,8.0,WIND_STALL,5.0,WIND_FARM,Command turbine blade pitch compensation & AGC governor reserve ramp.
49.577,-0.7875,0.9877,115.63,82.48,33.16,82.54,1.45,16.03,40.3,6.62,32.07,24.21,8.0,DATACENTER_SPIKE,32.3,AI_DATACENTER,AI cluster compute power cap & BESS localized peak shaving.
49.942,-0.0922,1.0011,113.49,107.16,6.33,81.77,30.95,11.21,70.0,7.21,42.84,9.77,8.0,INDUSTRIAL_INRUSH,11.4,INDUSTRIAL,Activate STATCOM reactive voltage support & engage interruptible tariff shedding.
50.087,0.1851,1.0009,100.23,109.97,-9.74,70.94,32.17,12.8,41.8,7.03,31.29,10.09,8.0,NOMINAL,5.0,NONE,Nominal operating envelope. Spinning reserves active.
50.046,0.0614,1.004,115.21,119.18,-3.97,82.13,34.82,19.36,63.1,25.05,29.42,9.85,8.0,EV_SURGE,10.0,EV_PLAZA,Dispatch BESS +18MW & Throttle EV Plaza chargers by 25%. Hospital locked immune.
49.985,-0.0412,0.9961,97.51,94.23,3.28,69.57,23.79,5.44,72.4,7.48,27.99,10.11,8.0,WIND_STALL,5.0,WIND_FARM,Command turbine blade pitch compensation & AGC governor reserve ramp.
49.857,-0.1779,0.9984,101.82,84.28,17.54,72.21,2.52,16.76,68.6,7.13,31.45,10.81,8.0,NOMINAL,5.0,NONE,Nominal operating envelope. Spinning reserves active.
49.931,-0.1264,0.9977,100.12,92.81,7.31,72.16,19.66,8.15,70.9,6.78,31.73,9.29,8.0,WIND_STALL,5.0,WIND_FARM,Command turbine blade pitch compensation & AGC governor reserve ramp.
49.921,-0.1088,1.0026,110.16,101.65,8.5,78.93,25.95,10.7,58.6,6.59,42.66,9.49,8.0,INDUSTRIAL_INRUSH,8.1,INDUSTRIAL,Activate STATCOM reactive voltage support & engage interruptible tariff shedding.
49.864,-0.1656,0.9995,101.75,84.71,17.04,72.55,1.52,18.2,52.2,7.52,30.99,10.02,8.0,SOLAR_DROP,5.0,SOLAR_FARM,Inject BESS synthetic inertia +15MW & ramp utility interconnect spinning reserve.
49.956,-0.0451,0.994,99.81,98.74,1.07,71.36,14.53,19.21,24.7,7.63,29.68,10.47,8.0,BESS_OUTAGE,30.2,BESS_STATION,Emergency demand-response load curtailment. Fast-trip substation feeder protection armed.
50.232,0.3122,1.0069,100.71,119.89,-19.17,71.3,34.98,19.91,67.0,7.26,30.51,10.23,8.0,NOMINAL,5.0,NONE,Nominal operating envelope. Spinning reserves active.
49.814,-0.2725,0.9961,98.71,77.6,21.11,70.34,4.29,8.31,83.9,6.58,29.97,9.85,8.0,WIND_STALL,8.6,WIND_FARM,Command turbine blade pitch compensation & AGC governor reserve ramp.
49.892,-0.1283,0.9964,117.95,106.57,11.38,84.59,30.64,10.93,52.7,27.13,28.83,9.61,8.0,EV_SURGE,19.3,EV_PLAZA,Dispatch BESS +18MW & Throttle EV Plaza chargers by 25%. Hospital locked immune.
50.222,0.3979,1.0044,100.8,118.71,-17.91,71.82,34.71,19.0,70.8,6.62,30.36,9.62,8.0,NOMINAL,5.0,NONE,Nominal operating envelope. Spinning reserves active.
49.796,-0.2949,0.9953,114.86,89.48,25.37,83.59,5.79,18.69,49.0,22.82,30.16,10.1,8.0,EV_SURGE,21.7,EV_PLAZA,Dispatch BESS +18MW & Throttle EV Plaza chargers by 25%. Hospital locked immune.
49.917,-0.1015,1.0017,97.69,87.38,10.3,70.18,2.5,19.88,65.9,6.89,27.94,9.53,8.0,SOLAR_DROP,5.0,SOLAR_FARM,Inject BESS synthetic inertia +15MW & ramp utility interconnect spinning reserve.
49.941,-0.1878,0.9981,117.46,106.26,11.2,84.37,30.47,10.79,68.7,6.66,45.31,9.91,8.0,INDUSTRIAL_INRUSH,16.3,INDUSTRIAL,Activate STATCOM reactive voltage support & engage interruptible tariff shedding.
49.949,-0.0935,1.0016,110.58,100.84,9.73,78.64,22.9,12.94,41.6,6.95,29.96,20.02,8.0,DATACENTER_SPIKE,6.8,AI_DATACENTER,AI cluster compute power cap & BESS localized peak shaving.
49.831,-0.2259,0.9943,120.38,101.45,18.92,86.54,25.47,10.98,83.7,28.15,30.24,10.15,8.0,EV_SURGE,25.4,EV_PLAZA,Dispatch BESS +18MW & Throttle EV Plaza chargers by 25%. Hospital locked immune.
49.895,-0.196,0.9928,114.43,100.1,14.33,82.91,17.86,17.23,57.3,6.93,44.91,10.14,8.0,INDUSTRIAL_INRUSH,19.1,INDUSTRIAL,Activate STATCOM reactive voltage support & engage interruptible tariff shedding.
50.057,0.1072,1.0032,96.29,100.98,-4.69,68.38,23.77,12.21,40.1,7.12,28.21,9.55,8.0,NOMINAL,5.0,NONE,Nominal operating envelope. Spinning reserves active.
49.879,-0.1803,0.997,114.61,98.32,16.29,82.52,13.85,19.47,48.0,6.9,29.84,24.42,8.0,DATACENTER_SPIKE,16.4,AI_DATACENTER,AI cluster compute power cap & BESS localized peak shaving.
49.967,-0.0756,1.0042,109.18,104.65,4.52,77.95,29.45,10.2,63.5,6.86,30.3,20.36,8.0,DATACENTER_SPIKE,5.2,AI_DATACENTER,AI cluster compute power cap & BESS localized peak shaving.
49.85,-0.2394,0.9964,117.17,99.63,17.54,83.52,16.4,18.23,65.9,6.75,47.66,9.82,8.0,INDUSTRIAL_INRUSH,19.2,INDUSTRIAL,Activate STATCOM reactive voltage support & engage interruptible tariff shedding.
50.072,0.0493,1.0015,98.66,99.79,-1.13,70.6,16.82,17.97,79.7,7.41,29.56,9.31,8.0,NOMINAL,5.0,NONE,Nominal operating envelope. Spinning reserves active.
49.984,-0.0464,0.9953,109.16,106.25,2.91,78.57,30.46,10.78,78.4,7.26,28.61,19.77,8.0,DATACENTER_SPIKE,8.5,AI_DATACENTER,AI cluster compute power cap & BESS localized peak shaving.
49.573,-0.8308,0.9921,115.55,81.73,33.81,83.01,1.01,15.72,71.7,6.97,45.02,9.79,8.0,INDUSTRIAL_INRUSH,30.4,INDUSTRIAL,Activate STATCOM reactive voltage support & engage interruptible tariff shedding.
49.67,-0.3828,0.9908,99.55,89.93,9.62,71.34,6.09,18.84,28.4,6.91,29.54,9.68,8.0,BESS_OUTAGE,41.8,BESS_STATION,Emergency demand-response load curtailment. Fast-trip substation feeder protection armed.
49.891,-0.1701,0.9972,98.02,85.13,12.89,70.17,5.94,14.19,57.1,7.07,29.65,9.75,8.0,SOLAR_DROP,5.4,SOLAR_FARM,Inject BESS synthetic inertia +15MW & ramp utility interconnect spinning reserve.
49.899,-0.1542,0.9968,111.86,101.45,10.41,80.29,25.47,10.98,69.5,7.05,29.26,20.6,8.0,DATACENTER_SPIKE,12.7,AI_DATACENTER,AI cluster compute power cap & BESS localized peak shaving.
49.995,-0.0341,0.9964,98.09,96.04,2.05,70.63,16.2,14.84,75.0,7.33,30.82,9.7,8.0,SOLAR_DROP,5.0,SOLAR_FARM,Inject BESS synthetic inertia +15MW & ramp utility interconnect spinning reserve.
49.577,-0.8877,0.9917,115.71,82.52,33.19,83.74,1.47,16.05,85.0,6.73,45.13,10.74,8.0,INDUSTRIAL_INRUSH,31.5,INDUSTRIAL,Activate STATCOM reactive voltage support & engage interruptible tariff shedding.
49.894,-0.1469,0.999,101.92,90.24,11.68,72.92,5.39,19.84,76.5,6.91,30.96,9.87,8.0,SOLAR_DROP,5.0,SOLAR_FARM,Inject BESS synthetic inertia +15MW & ramp utility interconnect spinning reserve.
50.204,0.4371,1.0044,99.72,116.11,-16.38,72.19,34.08,17.03,79.8,7.52,29.28,10.3,8.0,NOMINAL,5.0,NONE,Nominal operating envelope. Spinning reserves active.
49.861,-0.1545,0.9985,112.53,100.72,11.8,80.87,21.94,13.79,64.1,7.04,42.76,9.46,8.0,INDUSTRIAL_INRUSH,13.8,INDUSTRIAL,Activate STATCOM reactive voltage support & engage interruptible tariff shedding.
49.912,-0.1473,0.9998,111.96,101.56,10.4,81.34,25.74,10.82,63.8,6.53,41.33,10.56,8.0,INDUSTRIAL_INRUSH,12.0,INDUSTRIAL,Activate STATCOM reactive voltage support & engage interruptible tariff shedding.
49.9,-0.1522,0.9996,98.62,86.78,11.84,70.29,4.05,17.74,73.3,6.93,30.27,9.74,8.0,NOMINAL,5.0,NONE,Nominal operating envelope. Spinning reserves active.
50.053,0.181,1.0041,112.9,119.34,-6.44,80.84,34.85,19.49,48.2,21.07,29.68,9.46,8.0,EV_SURGE,8.2,EV_PLAZA,Dispatch BESS +18MW & Throttle EV Plaza chargers by 25%. Hospital locked immune.
49.873,-0.1881,1.0016,100.84,87.96,12.88,72.45,4.79,18.17,75.6,7.41,31.59,9.85,8.0,NOMINAL,5.0,NONE,Nominal operating envelope. Spinning reserves active.
49.895,-0.269,0.9994,119.08,102.34,16.74,85.8,27.16,10.18,55.7,27.26,30.07,10.45,8.0,EV_SURGE,19.0,EV_PLAZA,Dispatch BESS +18MW & Throttle EV Plaza chargers by 25%. Hospital locked immune.
50.046,0.1179,0.998,99.26,101.1,-1.84,71.23,24.31,11.79,40.8,6.6,31.25,9.7,8.0,NOMINAL,5.0,NONE,Nominal operating envelope. Spinning reserves active.
49.995,-0.0168,0.9946,100.83,100.56,0.26,71.26,20.51,15.06,64.3,7.09,31.08,10.04,8.0,NOMINAL,5.0,NONE,Nominal operating envelope. Spinning reserves active.
50.163,0.2658,1.0032,105.65,118.61,-12.96,75.77,34.69,18.92,44.1,6.77,26.58,17.93,8.0,DATACENTER_SPIKE,5.0,AI_DATACENTER,AI cluster compute power cap & BESS localized peak shaving.
49.704,-0.633,0.9801,110.46,80.94,29.52,79.53,0.55,15.39,49.5,6.85,29.99,19.29,8.0,DATACENTER_SPIKE,28.7,AI_DATACENTER,AI cluster compute power cap & BESS localized peak shaving.
49.86,-0.2456,0.9953,98.57,82.96,15.61,70.71,1.73,16.23,48.6,7.33,28.66,10.77,8.0,NOMINAL,5.0,NONE,Nominal operating envelope. Spinning reserves active.
49.769,-0.2118,0.9979,99.5,77.95,21.55,71.34,2.97,9.98,40.3,6.69,29.14,10.38,8.0,WIND_STALL,9.0,WIND_FARM,Command turbine blade pitch compensation & AGC governor reserve ramp.
49.889,-0.1722,0.9957,98.85,86.92,11.93,70.63,7.73,14.19,59.5,7.3,29.55,9.26,8.0,SOLAR_DROP,6.4,SOLAR_FARM,Inject BESS synthetic inertia +15MW & ramp utility interconnect spinning reserve.
49.761,-0.3145,0.991,120.76,93.62,27.14,87.42,8.84,19.78,67.8,27.03,29.85,10.0,8.0,EV_SURGE,31.0,EV_PLAZA,Dispatch BESS +18MW & Throttle EV Plaza chargers by 25%. Hospital locked immune.
50.143,0.2357,1.0029,102.62,112.57,-9.95,73.78,33.07,14.5,43.5,7.06,30.74,9.61,8.0,NOMINAL,5.0,NONE,Nominal operating envelope. Spinning reserves active.
49.936,-0.105,0.9977,98.99,90.01,8.97,71.09,11.23,13.78,77.7,6.88,29.28,9.69,8.0,SOLAR_DROP,5.0,SOLAR_FARM,Inject BESS synthetic inertia +15MW & ramp utility interconnect spinning reserve.
50.038,0.0669,1.0005,100.6,101.95,-1.34,71.91,26.53,10.42,37.6,6.83,30.66,9.93,8.0,BESS_OUTAGE,25.0,BESS_STATION,Emergency demand-response load curtailment. Fast-trip substation feeder protection armed.
49.914,-0.1378,0.9999,112.97,104.62,8.36,80.78,29.42,10.19,70.6,7.1,43.37,9.21,8.0,INDUSTRIAL_INRUSH,11.1,INDUSTRIAL,Activate STATCOM reactive voltage support & engage interruptible tariff shedding.
50.289,0.4252,1.0097,99.16,119.89,-20.73,71.65,34.98,19.91,63.8,7.06,30.0,10.06,8.0,NOMINAL,5.0,NONE,Nominal operating envelope. Spinning reserves active.
49.924,-0.0943,1.0015,110.11,103.93,6.18,79.5,28.88,10.05,42.0,20.18,29.75,9.28,8.0,EV_SURGE,8.8,EV_PLAZA,Dispatch BESS +18MW & Throttle EV Plaza chargers by 25%. Hospital locked immune.
50.051,0.0599,1.0071,99.93,101.23,-1.3,71.23,24.8,11.43,36.7,7.36,30.62,9.95,8.0,BESS_OUTAGE,25.0,BESS_STATION,Emergency demand-response load curtailment. Fast-trip substation feeder protection armed.
49.803,-0.3009,0.9985,101.08,81.27,19.8,71.76,6.03,10.24,82.3,7.14,30.8,10.03,8.0,SOLAR_DROP,7.5,SOLAR_FARM,Inject BESS synthetic inertia +15MW & ramp utility interconnect spinning reserve.
50.045,0.0908,1.0024,113.97,117.84,-3.87,81.89,34.51,18.33,73.7,6.66,47.55,10.16,8.0,INDUSTRIAL_INRUSH,9.6,INDUSTRIAL,Activate STATCOM reactive voltage support & engage interruptible tariff shedding.
49.665,-0.44,0.9863,114.45,83.58,30.87,80.77,2.1,16.48,72.5,20.81,30.31,10.34,8.0,EV_SURGE,27.8,EV_PLAZA,Dispatch BESS +18MW & Throttle EV Plaza chargers by 25%. Hospital locked immune.
49.953,-0.0778,1.0001,96.4,88.77,7.63,68.61,5.32,18.45,67.1,6.66,28.61,9.01,8.0,NOMINAL,5.0,NONE,Nominal operating envelope. Spinning reserves active.
50.003,0.036,1.0001,98.13,100.19,-2.05,70.04,18.23,16.95,79.2,5.97,29.8,9.64,8.0,NOMINAL,5.0,NONE,Nominal operating envelope. Spinning reserves active.
49.896,-0.1939,0.9949,100.84,88.25,12.59,72.25,13.13,10.12,49.7,7.18,29.87,10.59,8.0,SOLAR_DROP,6.7,SOLAR_FARM,Inject BESS synthetic inertia +15MW & ramp utility interconnect spinning reserve.
49.891,-0.2569,0.9907,101.29,84.05,17.24,72.39,8.34,10.71,71.9,6.62,30.7,9.94,8.0,SOLAR_DROP,9.5,SOLAR_FARM,Inject BESS synthetic inertia +15MW & ramp utility interconnect spinning reserve.
49.883,-0.2402,0.9949,113.04,99.33,13.71,81.12,15.68,18.65,55.9,7.49,44.22,9.74,8.0,INDUSTRIAL_INRUSH,15.7,INDUSTRIAL,Activate STATCOM reactive voltage support & engage interruptible tariff shedding.
49.923,-0.1547,1.0029,113.17,103.73,9.45,81.18,28.7,10.02,66.5,21.88,28.37,9.86,8.0,EV_SURGE,11.2,EV_PLAZA,Dispatch BESS +18MW & Throttle EV Plaza chargers by 25%. Hospital locked immune.
49.871,-0.1349,0.9957,114.79,100.96,13.83,82.47,23.65,12.31,74.5,21.66,29.72,9.91,8.0,EV_SURGE,17.5,EV_PLAZA,Dispatch BESS +18MW & Throttle EV Plaza chargers by 25%. Hospital locked immune.
49.969,-0.0671,0.9967,101.96,100.68,1.28,73.02,21.58,14.11,61.2,7.16,31.41,9.75,8.0,NOMINAL,5.0,NONE,Nominal operating envelope. Spinning reserves active.
50.025,0.049,1.0008,100.6,102.76,-2.15,71.79,27.71,10.05,46.8,6.92,29.53,9.98,8.0,NOMINAL,5.0,NONE,Nominal operating envelope. Spinning reserves active.
49.834,-0.2827,0.9943,110.7,91.23,19.46,79.28,7.01,19.23,72.5,19.27,28.62,10.52,8.0,EV_SURGE,15.1,EV_PLAZA,Dispatch BESS +18MW & Throttle EV Plaza chargers by 25%. Hospital locked immune.
49.915,-0.162,0.9959,99.91,87.24,12.67,71.93,12.22,10.02,53.1,7.14,29.56,9.9,8.0,SOLAR_DROP,5.4,SOLAR_FARM,Inject BESS synthetic inertia +15MW & ramp utility interconnect spinning reserve.
49.89,-0.1481,1.0027,97.98,86.56,11.42,70.67,6.42,15.14,75.5,6.33,29.77,10.1,8.0,SOLAR_DROP,5.0,SOLAR_FARM,Inject BESS synthetic inertia +15MW & ramp utility interconnect spinning reserve.
50.156,0.2219,1.0089,99.81,109.95,-10.13,70.68,32.16,12.79,76.7,7.37,30.56,9.8,8.0,NOMINAL,5.0,NONE,Nominal operating envelope. Spinning reserves active.
49.781,-0.2667,0.9948,99.95,74.88,25.07,71.66,2.55,7.34,40.7,7.01,29.56,10.52,8.0,WIND_STALL,10.5,WIND_FARM,Command turbine blade pitch compensation & AGC governor reserve ramp.
49.96,-0.0996,1.0015,114.34,108.67,5.67,81.72,31.64,12.03,73.2,6.79,30.73,24.93,8.0,DATACENTER_SPIKE,10.8,AI_DATACENTER,AI cluster compute power cap & BESS localized peak shaving.
50.132,0.2447,1.0033,98.48,108.63,-10.14,70.46,35.0,8.63,51.0,7.41,29.84,9.12,8.0,WIND_STALL,5.0,WIND_FARM,Command turbine blade pitch compensation & AGC governor reserve ramp.
49.848,-0.2755,0.9977,115.66,98.72,16.94,81.88,14.5,19.22,58.9,22.82,29.68,10.31,8.0,EV_SURGE,16.2,EV_PLAZA,Dispatch BESS +18MW & Throttle EV Plaza chargers by 25%. Hospital locked immune.
49.965,-0.0556,0.9983,100.07,95.81,4.26,71.38,10.81,20.0,74.4,7.17,31.01,9.39,8.0,NOMINAL,5.0,NONE,Nominal operating envelope. Spinning reserves active.
49.806,-0.2664,0.9897,117.14,92.8,24.34,83.48,8.18,19.62,52.2,26.0,28.86,9.34,8.0,EV_SURGE,24.8,EV_PLAZA,Dispatch BESS +18MW & Throttle EV Plaza chargers by 25%. Hospital locked immune.
49.71,-0.4577,0.9955,111.66,82.39,29.26,79.49,1.4,15.99,81.5,6.55,42.74,9.6,8.0,INDUSTRIAL_INRUSH,18.8,INDUSTRIAL,Activate STATCOM reactive voltage support & engage interruptible tariff shedding.
49.985,-0.0422,1.0001,101.28,98.89,2.4,71.89,14.8,19.09,64.0,7.66,29.67,9.55,8.0,NOMINAL,5.0,NONE,Nominal operating envelope. Spinning reserves active.
49.836,-0.2992,0.9953,117.68,97.76,19.92,84.91,13.04,19.72,65.9,24.9,30.25,10.45,8.0,EV_SURGE,22.3,EV_PLAZA,Dispatch BESS +18MW & Throttle EV Plaza chargers by 25%. Hospital locked immune.
49.934,-0.2036,0.9967,113.83,100.73,13.1,81.81,21.96,13.76,82.3,7.13,31.3,24.02,8.0,DATACENTER_SPIKE,13.8,AI_DATACENTER,AI cluster compute power cap & BESS localized peak shaving.
50.005,-0.0287,1.0024,116.46,115.85,0.61,82.8,34.01,16.84,62.3,21.89,31.23,9.99,8.0,EV_SURGE,10.9,EV_PLAZA,Dispatch BESS +18MW & Throttle EV Plaza chargers by 25%. Hospital locked immune.
49.706,-0.5457,0.9966,114.77,84.97,29.8,82.57,2.93,17.04,75.0,20.89,30.68,9.25,8.0,EV_SURGE,22.6,EV_PLAZA,Dispatch BESS +18MW & Throttle EV Plaza chargers by 25%. Hospital locked immune.
49.951,-0.0504,0.9965,115.28,111.99,3.29,82.99,32.88,14.11,52.5,7.31,43.66,10.1,8.0,INDUSTRIAL_INRUSH,15.0,INDUSTRIAL,Activate STATCOM reactive voltage support & engage interruptible tariff shedding.
49.985,0.007,1.0025,99.83,99.96,-0.13,71.01,17.37,17.59,54.0,6.84,29.21,10.64,8.0,NOMINAL,5.0,NONE,Nominal operating envelope. Spinning reserves active.
50.028,0.0523,1.0011,98.97,99.98,-1.01,70.92,17.41,17.56,22.7,6.81,29.87,9.53,8.0,BESS_OUTAGE,25.0,BESS_STATION,Emergency demand-response load curtailment. Fast-trip substation feeder protection armed.
49.905,-0.2396,0.9978,114.86,100.46,14.4,81.35,19.69,15.77,56.6,6.81,31.06,24.8,8.0,DATACENTER_SPIKE,13.4,AI_DATACENTER,AI cluster compute power cap & BESS localized peak shaving.
49.975,-0.0604,0.9936,100.42,99.47,0.95,71.52,16.0,18.48,81.8,7.09,30.99,10.48,8.0,NOMINAL,5.0,NONE,Nominal operating envelope. Spinning reserves active.
49.916,-0.1806,0.9974,117.41,106.12,11.28,84.91,30.39,10.73,81.0,7.06,47.39,10.46,8.0,INDUSTRIAL_INRUSH,18.3,INDUSTRIAL,Activate STATCOM reactive voltage support & engage interruptible tariff shedding.
50.024,0.0648,1.0069,98.12,100.64,-2.51,69.61,21.13,14.5,50.8,6.41,29.64,9.71,8.0,NOMINAL,5.0,NONE,Nominal operating envelope. Spinning reserves active.
50.215,0.3385,1.0098,101.45,118.22,-16.76,73.5,34.6,18.62,52.1,7.13,30.26,9.77,8.0,NOMINAL,5.0,NONE,Nominal operating envelope. Spinning reserves active.
50.021,0.0833,1.0064,98.79,103.05,-4.26,70.71,28.04,10.01,67.8,7.03,29.12,9.76,8.0,NOMINAL,5.0,NONE,Nominal operating envelope. Spinning reserves active.
50.023,0.0463,1.0005,100.48,102.72,-2.23,71.35,31.3,6.42,77.0,6.96,29.08,10.65,8.0,WIND_STALL,5.0,WIND_FARM,Command turbine blade pitch compensation & AGC governor reserve ramp.
50.006,-0.0411,1.0038,100.8,97.95,2.84,71.35,28.23,4.72,77.3,7.65,29.8,9.95,8.0,WIND_STALL,5.0,WIND_FARM,Command turbine blade pitch compensation & AGC governor reserve ramp.
50.02,0.0429,0.9992,111.2,113.3,-2.09,79.74,33.29,15.01,62.5,19.26,28.51,9.78,8.0,EV_SURGE,7.1,EV_PLAZA,Dispatch BESS +18MW & Throttle EV Plaza chargers by 25%. Hospital locked immune.
50.03,0.0874,0.9985,98.45,101.73,-3.28,70.43,26.12,10.61,82.6,7.62,30.2,10.05,8.0,NOMINAL,5.0,NONE,Nominal operating envelope. Spinning reserves active.
49.909,-0.114,0.9955,99.64,88.31,11.33,70.27,3.78,19.53,53.4,7.04,30.1,9.94,8.0,SOLAR_DROP,5.9,SOLAR_FARM,Inject BESS synthetic inertia +15MW & ramp utility interconnect spinning reserve.
50.137,0.2931,1.0033,98.39,110.07,-11.68,70.46,32.21,12.87,73.3,6.56,29.24,10.2,8.0,NOMINAL,5.0,NONE,Nominal operating envelope. Spinning reserves active.
49.914,-0.2167,0.9976,108.71,93.91,14.81,77.4,9.07,19.83,44.5,6.97,28.39,19.79,8.0,DATACENTER_SPIKE,7.7,AI_DATACENTER,AI cluster compute power cap & BESS localized peak shaving.
49.969,-0.0911,0.997,113.8,107.78,6.01,81.67,31.25,11.54,75.7,7.14,43.31,10.11,8.0,INDUSTRIAL_INRUSH,12.2,INDUSTRIAL,Activate STATCOM reactive voltage support & engage interruptible tariff shedding.
50.245,0.4373,1.01,100.75,118.25,-17.5,72.16,34.6,18.65,71.9,7.1,30.09,9.67,8.0,NOMINAL,5.0,NONE,Nominal operating envelope. Spinning reserves active.
50.234,0.4535,1.0126,101.61,119.87,-18.26,72.46,34.97,19.89,65.0,6.47,30.56,10.25,8.0,NOMINAL,5.0,NONE,Nominal operating envelope. Spinning reserves active.
49.953,-0.068,1.0007,108.79,104.65,4.14,77.25,29.45,10.2,57.5,6.78,28.73,21.07,8.0,DATACENTER_SPIKE,5.0,AI_DATACENTER,AI cluster compute power cap & BESS localized peak shaving.
49.857,-0.1845,1.0012,114.97,96.65,18.32,83.01,11.69,19.96,69.2,6.75,30.77,25.18,8.0,DATACENTER_SPIKE,16.0,AI_DATACENTER,AI cluster compute power cap & BESS localized peak shaving.
50.171,0.1919,1.002,96.49,108.44,-11.95,68.32,31.55,11.9,53.0,6.74,29.58,9.99,8.0,NOMINAL,5.0,NONE,Nominal operating envelope. Spinning reserves active.
49.891,-0.1731,1.0019,113.3,101.07,12.23,81.5,24.19,11.88,45.3,21.84,29.26,9.38,8.0,EV_SURGE,12.7,EV_PLAZA,Dispatch BESS +18MW & Throttle EV Plaza chargers by 25%. Hospital locked immune.
49.957,-0.1025,0.9961,119.28,113.26,6.02,85.45,33.28,14.98,50.7,26.31,30.14,9.97,8.0,EV_SURGE,18.5,EV_PLAZA,Dispatch BESS +18MW & Throttle EV Plaza chargers by 25%. Hospital locked immune.
49.881,-0.1979,1.0027,115.27,103.15,12.12,82.91,28.14,10.0,62.9,7.21,46.52,8.93,8.0,INDUSTRIAL_INRUSH,15.1,INDUSTRIAL,Activate STATCOM reactive voltage support & engage interruptible tariff shedding.
49.855,-0.2502,1.0035,99.91,83.45,16.46,71.69,7.94,10.51,59.2,7.23,28.56,10.01,8.0,SOLAR_DROP,5.0,SOLAR_FARM,Inject BESS synthetic inertia +15MW & ramp utility interconnect spinning reserve.
49.976,-0.0142,0.999,99.96,99.68,0.28,71.0,16.52,18.16,58.3,6.83,30.26,9.99,8.0,NOMINAL,5.0,NONE,Nominal operating envelope. Spinning reserves active.
49.686,-0.5666,0.9892,113.06,83.41,29.66,81.56,2.0,16.41,57.2,7.01,43.96,10.18,8.0,INDUSTRIAL_INRUSH,26.4,INDUSTRIAL,Activate STATCOM reactive voltage support & engage interruptible tariff shedding.
50.107,0.1236,1.0017,98.53,104.56,-6.03,69.67,29.38,10.18,40.3,7.43,30.19,9.21,8.0,NOMINAL,5.0,NONE,Nominal operating envelope. Spinning reserves active.
50.57,1.0413,1.0155,99.34,117.37,-18.02,70.86,34.39,17.98,26.6,7.13,31.01,9.47,8.0,BESS_OUTAGE,25.0,BESS_STATION,Emergency demand-response load curtailment. Fast-trip substation feeder protection armed.
50.017,0.0284,0.9977,100.6,101.3,-0.69,70.96,25.03,11.27,76.4,6.98,28.76,10.68,8.0,NOMINAL,5.0,NONE,Nominal operating envelope. Spinning reserves active.
50.035,0.1067,1.0072,98.25,99.82,-1.56,69.52,17.01,17.8,55.9,6.97,27.96,10.08,8.0,SOLAR_DROP,5.0,SOLAR_FARM,Inject BESS synthetic inertia +15MW & ramp utility interconnect spinning reserve.
49.955,-0.0739,0.999,100.21,93.51,6.7,71.0,8.75,19.77,45.4,7.01,30.55,10.66,8.0,NOMINAL,5.0,NONE,Nominal operating envelope. Spinning reserves active.
49.892,-0.1213,0.9963,101.47,90.83,10.64,72.1,6.72,19.11,60.1,7.47,30.87,10.05,8.0,NOMINAL,5.0,NONE,Nominal operating envelope. Spinning reserves active.
49.89,-0.1621,0.9962,116.94,100.8,16.14,85.11,22.59,13.21,54.7,6.91,45.74,10.44,8.0,INDUSTRIAL_INRUSH,20.2,INDUSTRIAL,Activate STATCOM reactive voltage support & engage interruptible tariff shedding.
49.903,-0.1782,0.9944,101.28,89.02,12.26,71.78,5.48,18.54,81.5,7.23,30.65,9.89,8.0,NOMINAL,5.0,NONE,Nominal operating envelope. Spinning reserves active.
49.894,-0.1544,0.9989,113.89,101.24,12.64,81.78,24.85,11.39,46.5,21.28,28.91,9.59,8.0,EV_SURGE,13.7,EV_PLAZA,Dispatch BESS +18MW & Throttle EV Plaza chargers by 25%. Hospital locked immune.
50.061,0.1016,1.0053,112.36,114.35,-1.99,80.43,33.6,15.75,42.4,6.87,42.16,9.94,8.0,INDUSTRIAL_INRUSH,7.6,INDUSTRIAL,Activate STATCOM reactive voltage support & engage interruptible tariff shedding.
50.24,0.4353,1.0066,100.02,119.74,-19.72,71.65,34.94,19.8,73.2,6.91,29.0,10.46,8.0,NOMINAL,5.0,NONE,Nominal operating envelope. Spinning reserves active.
49.975,-0.049,1.004,99.15,94.86,4.29,71.2,9.91,19.95,41.2,7.0,29.27,10.27,8.0,NOMINAL,5.0,NONE,Nominal operating envelope. Spinning reserves active.
50.238,0.3267,1.004,97.76,116.03,-18.27,70.44,34.05,16.97,58.9,7.27,28.47,10.36,8.0,NOMINAL,5.0,NONE,Nominal operating envelope. Spinning reserves active.
49.919,-0.1911,0.9963,114.16,102.28,11.88,81.63,27.07,10.21,84.4,6.83,30.95,21.52,8.0,DATACENTER_SPIKE,14.3,AI_DATACENTER,AI cluster compute power cap & BESS localized peak shaving.
50.247,0.3923,1.0007,100.59,116.49,-15.9,70.96,34.17,17.32,75.7,7.34,29.6,10.42,8.0,NOMINAL,5.0,NONE,Nominal operating envelope. Spinning reserves active.
50.13,0.1957,1.0001,98.39,109.56,-11.16,70.38,32.01,12.55,64.3,7.27,28.14,10.03,8.0,NOMINAL,5.0,NONE,Nominal operating envelope. Spinning reserves active.
49.9,-0.1626,0.9974,116.27,101.89,14.38,83.45,26.42,10.47,55.4,7.77,46.8,9.82,8.0,INDUSTRIAL_INRUSH,16.8,INDUSTRIAL,Activate STATCOM reactive voltage support & engage interruptible tariff shedding.
49.89,-0.2273,0.9932,116.97,99.21,17.76,84.57,15.42,18.79,56.3,7.19,48.12,9.88,8.0,INDUSTRIAL_INRUSH,21.3,INDUSTRIAL,Activate STATCOM reactive voltage support & engage interruptible tariff shedding.
49.875,-0.1388,0.9925,120.84,108.58,12.27,87.29,31.6,11.97,62.0,26.98,31.47,10.1,8.0,EV_SURGE,26.0,EV_PLAZA,Dispatch BESS +18MW & Throttle EV Plaza chargers by 25%. Hospital locked immune.
49.886,-0.2085,0.9934,98.21,84.85,13.36,70.54,2.86,16.99,41.4,7.59,29.85,10.16,8.0,NOMINAL,5.0,NONE,Nominal operating envelope. Spinning reserves active.
49.908,-0.1432,0.996,116.43,104.45,11.98,84.2,29.3,10.15,52.4,6.66,45.29,10.44,8.0,INDUSTRIAL_INRUSH,18.4,INDUSTRIAL,Activate STATCOM reactive voltage support & engage interruptible tariff shedding.
49.936,-0.1292,0.999,99.62,91.7,7.91,70.41,7.11,19.59,42.3,7.14,30.42,9.58,8.0,SOLAR_DROP,5.0,SOLAR_FARM,Inject BESS synthetic inertia +15MW & ramp utility interconnect spinning reserve.
49.935,-0.1409,0.9933,116.3,106.62,9.68,84.11,30.67,10.95,54.1,20.6,31.11,9.97,8.0,EV_SURGE,19.1,EV_PLAZA,Dispatch BESS +18MW & Throttle EV Plaza chargers by 25%. Hospital locked immune.
50.125,0.3261,1.0079,101.77,114.26,-12.48,72.85,33.57,15.68,53.7,7.19,31.1,11.08,8.0,NOMINAL,5.0,NONE,Nominal operating envelope. Spinning reserves active.
50.041,0.119,1.004,113.79,118.74,-4.95,81.5,34.72,19.02,73.6,18.96,30.47,9.71,8.0,EV_SURGE,9.1,EV_PLAZA,Dispatch BESS +18MW & Throttle EV Plaza chargers by 25%. Hospital locked immune.
49.982,0.03,1.0007,101.74,102.3,-0.56,71.18,27.1,10.2,20.3,6.91,31.07,10.33,8.0,BESS_OUTAGE,25.6,BESS_STATION,Emergency demand-response load curtailment. Fast-trip substation feeder protection armed.
49.934,-0.0926,0.9976,115.87,106.85,9.03,83.71,30.79,11.06,81.9,7.37,47.27,10.17,8.0,INDUSTRIAL_INRUSH,15.9,INDUSTRIAL,Activate STATCOM reactive voltage support & engage interruptible tariff shedding.
49.887,-0.2306,0.9995,99.5,85.47,14.03,70.78,3.24,17.23,53.4,7.07,30.18,10.33,8.0,NOMINAL,5.0,NONE,Nominal operating envelope. Spinning reserves active.
49.981,-0.0294,0.9942,100.0,97.48,2.53,71.28,12.68,19.8,75.5,7.35,29.36,10.21,8.0,NOMINAL,5.0,NONE,Nominal operating envelope. Spinning reserves active.
50.441,0.6739,1.0125,102.07,114.99,-12.92,73.07,33.78,16.21,34.0,6.99,31.58,9.45,8.0,BESS_OUTAGE,25.0,BESS_STATION,Emergency demand-response load curtailment. Fast-trip substation feeder protection armed.
49.867,-0.2651,0.9958,118.76,100.89,17.88,85.05,23.21,12.68,71.4,26.76,28.89,10.25,8.0,EV_SURGE,21.1,EV_PLAZA,Dispatch BESS +18MW & Throttle EV Plaza chargers by 25%. Hospital locked immune.
49.846,-0.2998,0.9975,118.96,99.75,19.22,85.41,16.71,18.04,48.1,25.78,30.96,9.99,8.0,EV_SURGE,21.3,EV_PLAZA,Dispatch BESS +18MW & Throttle EV Plaza chargers by 25%. Hospital locked immune.
50.205,0.4825,1.0081,99.96,118.19,-18.23,71.45,34.59,18.6,69.3,6.53,30.37,9.29,8.0,NOMINAL,5.0,NONE,Nominal operating envelope. Spinning reserves active.
49.995,-0.0147,0.9971,99.55,99.31,0.24,71.44,16.87,17.43,57.1,6.73,29.59,10.49,8.0,SOLAR_DROP,5.0,SOLAR_FARM,Inject BESS synthetic inertia +15MW & ramp utility interconnect spinning reserve.
49.99,-0.0438,0.9987,100.75,99.99,0.76,71.81,17.47,17.52,61.9,6.77,31.2,10.29,8.0,NOMINAL,5.0,NONE,Nominal operating envelope. Spinning reserves active.
49.904,-0.2203,0.9934,115.64,100.24,15.4,82.92,18.47,16.77,84.0,6.59,44.76,10.09,8.0,INDUSTRIAL_INRUSH,18.4,INDUSTRIAL,Activate STATCOM reactive voltage support & engage interruptible tariff shedding.
49.97,-0.0421,1.0011,109.26,104.97,4.29,78.7,29.67,10.3,44.6,6.89,38.93,10.0,8.0,INDUSTRIAL_INRUSH,6.2,INDUSTRIAL,Activate STATCOM reactive voltage support & engage interruptible tariff shedding.
49.992,-0.0362,0.9916,110.77,110.18,0.58,79.82,32.25,12.94,70.8,6.45,30.04,21.92,8.0,DATACENTER_SPIKE,12.3,AI_DATACENTER,AI cluster compute power cap & BESS localized peak shaving.
49.92,-0.1606,0.9929,100.57,85.11,15.46,71.74,9.3,10.81,55.0,6.94,30.95,9.8,8.0,WIND_STALL,7.1,WIND_FARM,Command turbine blade pitch compensation & AGC governor reserve ramp.
50.012,0.0591,1.0005,99.53,102.29,-2.75,71.11,27.08,10.21,73.8,7.25,30.35,10.12,8.0,NOMINAL,5.0,NONE,Nominal operating envelope. Spinning reserves active.
50.112,0.1587,1.0005,99.09,108.54,-9.45,71.01,31.59,11.95,54.2,6.66,28.89,9.51,8.0,NOMINAL,5.0,NONE,Nominal operating envelope. Spinning reserves active.
49.967,-0.0545,0.9993,101.85,98.21,3.64,72.73,13.68,19.53,46.9,6.79,31.19,9.98,8.0,NOMINAL,5.0,NONE,Nominal operating envelope. Spinning reserves active.
49.892,-0.1338,0.9996,116.14,103.77,12.38,83.39,28.74,10.03,57.4,24.01,29.32,9.28,8.0,EV_SURGE,15.6,EV_PLAZA,Dispatch BESS +18MW & Throttle EV Plaza chargers by 25%. Hospital locked immune.
49.932,-0.1124,1.0016,99.6,97.74,1.86,72.23,13.02,19.72,44.1,7.61,30.19,10.66,8.0,NOMINAL,5.0,NONE,Nominal operating envelope. Spinning reserves active.
49.939,-0.2208,0.9937,99.45,84.91,14.54,70.58,6.04,13.87,42.6,6.81,29.43,9.73,8.0,SOLAR_DROP,6.0,SOLAR_FARM,Inject BESS synthetic inertia +15MW & ramp utility interconnect spinning reserve.
49.962,-0.0295,1.0053,120.5,117.51,2.99,85.95,34.43,18.08,83.2,24.68,31.26,10.09,8.0,EV_SURGE,16.6,EV_PLAZA,Dispatch BESS +18MW & Throttle EV Plaza chargers by 25%. Hospital locked immune.
49.87,-0.253,0.9943,116.75,96.76,19.99,84.12,11.81,19.94,42.1,24.48,29.96,9.58,8.0,EV_SURGE,20.7,EV_PLAZA,Dispatch BESS +18MW & Throttle EV Plaza chargers by 25%. Hospital locked immune.
49.822,-0.1939,0.997,100.93,81.54,19.39,71.87,0.9,15.64,61.6,7.19,29.27,10.35,8.0,NOMINAL,5.0,NONE,Nominal operating envelope. Spinning reserves active.
49.932,-0.1016,0.9998,98.6,89.18,9.42,70.91,4.56,19.62,71.6,6.59,29.77,10.09,8.0,SOLAR_DROP,5.0,SOLAR_FARM,Inject BESS synthetic inertia +15MW & ramp utility interconnect spinning reserve.
50.125,0.1584,1.0048,99.93,108.26,-8.33,70.16,33.73,9.53,68.7,6.47,29.39,10.54,8.0,WIND_STALL,5.0,WIND_FARM,Command turbine blade pitch compensation & AGC governor reserve ramp.
49.881,-0.1555,0.9904,114.96,101.13,13.83,82.15,24.45,11.68,78.9,6.76,31.17,23.4,8.0,DATACENTER_SPIKE,20.0,AI_DATACENTER,AI cluster compute power cap & BESS localized peak shaving.
49.745,-0.419,0.9938,113.87,84.17,29.69,81.87,2.45,16.72,72.1,22.15,28.67,9.92,8.0,EV_SURGE,22.0,EV_PLAZA,Dispatch BESS +18MW & Throttle EV Plaza chargers by 25%. Hospital locked immune.
49.941,-0.0637,0.9947,100.61,95.3,5.31,71.69,10.31,19.99,72.6,7.29,30.24,10.43,8.0,NOMINAL,5.0,NONE,Nominal operating envelope. Spinning reserves active.
50.134,0.2253,1.0056,99.34,108.0,-8.67,71.53,31.35,11.65,43.4,6.79,29.32,9.73,8.0,NOMINAL,5.0,NONE,Nominal operating envelope. Spinning reserves active.
49.868,-0.2007,1.0014,109.22,92.46,16.76,79.47,7.91,19.54,72.1,6.51,39.96,10.18,8.0,INDUSTRIAL_INRUSH,10.7,INDUSTRIAL,Activate STATCOM reactive voltage support & engage interruptible tariff shedding.
50.097,0.2214,1.0058,99.0,108.11,-9.12,70.78,34.39,8.73,63.5,6.32,29.9,9.82,8.0,WIND_STALL,5.0,WIND_FARM,Command turbine blade pitch compensation & AGC governor reserve ramp.
49.897,-0.137,1.0026,112.35,100.29,12.07,80.86,18.69,16.6,76.2,6.1,43.27,10.05,8.0,INDUSTRIAL_INRUSH,11.7,INDUSTRIAL,Activate STATCOM reactive voltage support & engage interruptible tariff shedding.
49.971,-0.0691,1.0014,97.43,93.2,4.23,69.18,8.49,19.71,74.9,6.66,28.84,9.76,8.0,NOMINAL,5.0,NONE,Nominal operating envelope. Spinning reserves active.
49.934,-0.1863,0.9972,109.49,97.68,11.81,78.17,12.93,19.74,70.0,7.3,30.75,19.02,8.0,DATACENTER_SPIKE,8.4,AI_DATACENTER,AI cluster compute power cap & BESS localized peak shaving.
50.06,0.0924,1.001,98.55,100.36,-1.8,70.75,19.06,16.3,54.9,6.97,27.98,10.44,8.0,NOMINAL,5.0,NONE,Nominal operating envelope. Spinning reserves active.
50.008,-0.0099,1.0038,115.33,115.12,0.21,82.99,33.81,16.31,55.7,21.02,30.55,9.83,8.0,EV_SURGE,11.2,EV_PLAZA,Dispatch BESS +18MW & Throttle EV Plaza chargers by 25%. Hospital locked immune.
49.903,-0.1787,0.9982,117.39,104.96,12.43,84.1,29.67,10.29,40.9,23.82,29.75,9.34,8.0,EV_SURGE,17.1,EV_PLAZA,Dispatch BESS +18MW & Throttle EV Plaza chargers by 25%. Hospital locked immune.
50.005,0.0378,1.0021,98.55,100.74,-2.19,71.26,22.1,13.64,57.3,6.6,30.13,9.15,8.0,NOMINAL,5.0,NONE,Nominal operating envelope. Spinning reserves active.
49.861,-0.175,0.9943,116.99,100.25,16.74,83.57,18.49,16.75,58.0,7.74,46.03,10.35,8.0,INDUSTRIAL_INRUSH,20.2,INDUSTRIAL,Activate STATCOM reactive voltage support & engage interruptible tariff shedding.
50.036,-0.0432,0.9958,101.66,101.01,0.65,71.99,23.92,12.09,69.9,7.38,31.99,9.65,8.0,NOMINAL,5.0,NONE,Nominal operating envelope. Spinning reserves active.
49.977,-0.0591,0.9978,99.63,94.83,4.8,70.81,9.88,19.95,57.1,7.01,30.21,9.86,8.0,NOMINAL,5.0,NONE,Nominal operating envelope. Spinning reserves active.
50.127,0.1861,1.0068,99.94,111.68,-11.74,70.92,34.93,11.76,78.2,7.33,29.55,10.09,8.0,WIND_STALL,5.0,WIND_FARM,Command turbine blade pitch compensation & AGC governor reserve ramp.
50.013,-0.058,1.0016,98.79,95.08,3.72,69.99,10.1,19.97,41.5,7.04,28.86,9.73,8.0,NOMINAL,5.0,NONE,Nominal operating envelope. Spinning reserves active.
49.77,-0.4402,0.9931,100.06,73.7,26.35,71.24,0.89,7.81,59.9,6.79,30.27,9.47,8.0,WIND_STALL,12.0,WIND_FARM,Command turbine blade pitch compensation & AGC governor reserve ramp.
49.926,-0.1378,1.0016,116.55,102.26,14.29,84.54,27.04,10.22,65.0,22.96,29.65,10.08,8.0,EV_SURGE,15.8,EV_PLAZA,Dispatch BESS +18MW & Throttle EV Plaza chargers by 25%. Hospital locked immune.
49.92,-0.1044,0.9994,114.28,106.78,7.5,83.09,30.75,11.03,46.2,22.1,29.72,10.1,8.0,EV_SURGE,14.4,EV_PLAZA,Dispatch BESS +18MW & Throttle EV Plaza chargers by 25%. Hospital locked immune.
50.204,0.4058,1.0073,97.08,111.55,-14.47,70.41,32.73,13.82,58.1,6.71,28.19,9.91,8.0,NOMINAL,5.0,NONE,Nominal operating envelope. Spinning reserves active.
49.927,-0.086,1.0038,117.79,109.55,8.24,84.57,32.0,12.55,82.6,27.86,28.45,9.57,8.0,EV_SURGE,15.8,EV_PLAZA,Dispatch BESS +18MW & Throttle EV Plaza chargers by 25%. Hospital locked immune.
49.961,-0.0334,0.9973,98.18,95.46,2.72,70.15,10.47,19.99,46.9,7.32,29.05,9.64,8.0,NOMINAL,5.0,NONE,Nominal operating envelope. Spinning reserves active.
50.019,0.0229,0.9999,99.73,100.26,-0.54,71.95,18.58,16.68,49.1,7.18,29.86,9.48,8.0,NOMINAL,5.0,NONE,Nominal operating envelope. Spinning reserves active.
50.273,0.3923,1.0095,98.18,117.67,-19.49,69.86,34.47,18.2,46.4,6.68,29.75,9.5,8.0,NOMINAL,5.0,NONE,Nominal operating envelope. Spinning reserves active.
49.934,-0.1099,0.9977,109.91,102.65,7.26,79.31,27.57,10.08,67.8,6.62,30.54,20.03,8.0,DATACENTER_SPIKE,9.7,AI_DATACENTER,AI cluster compute power cap & BESS localized peak shaving.
49.907,-0.1414,0.9961,115.89,102.52,13.37,84.08,27.41,10.11,68.6,20.72,30.66,10.24,8.0,EV_SURGE,18.3,EV_PLAZA,Dispatch BESS +18MW & Throttle EV Plaza chargers by 25%. Hospital locked immune.
49.744,-0.3647,0.9957,111.81,83.32,28.5,80.11,1.94,16.37,74.7,6.35,42.8,10.98,8.0,INDUSTRIAL_INRUSH,18.3,INDUSTRIAL,Activate STATCOM reactive voltage support & engage interruptible tariff shedding.
49.993,-0.0377,0.9985,101.64,100.95,0.69,73.16,23.61,12.35,81.6,7.33,30.1,10.18,8.0,NOMINAL,5.0,NONE,Nominal operating envelope. Spinning reserves active.
50.226,0.4469,1.0097,99.43,117.54,-18.11,71.22,34.43,18.1,77.1,7.23,29.67,9.95,8.0,NOMINAL,5.0,NONE,Nominal operating envelope. Spinning reserves active.
49.801,-0.3011,0.9921,115.76,92.02,23.74,82.11,7.58,19.44,40.7,6.63,46.99,9.57,8.0,INDUSTRIAL_INRUSH,21.5,INDUSTRIAL,Activate STATCOM reactive voltage support & engage interruptible tariff shedding.
49.925,-0.1031,1.0011,97.39,88.18,9.21,69.21,4.44,18.74,80.7,6.84,27.81,9.71,8.0,SOLAR_DROP,5.0,SOLAR_FARM,Inject BESS synthetic inertia +15MW & ramp utility interconnect spinning reserve.
50.016,-0.0241,1.0011,101.78,101.37,0.41,72.58,25.25,11.12,60.3,7.09,31.39,10.29,8.0,NOMINAL,5.0,NONE,Nominal operating envelope. Spinning reserves active.
49.923,-0.156,0.9963,111.46,99.45,12.01,79.35,15.94,18.51,64.9,7.09,40.9,9.42,8.0,INDUSTRIAL_INRUSH,10.9,INDUSTRIAL,Activate STATCOM reactive voltage support & engage interruptible tariff shedding.
49.948,-0.1322,0.9996,101.57,88.08,13.5,72.32,3.14,19.94,72.0,7.08,30.41,10.4,8.0,SOLAR_DROP,5.0,SOLAR_FARM,Inject BESS synthetic inertia +15MW & ramp utility interconnect spinning reserve.
50.014,0.0046,0.9959,98.76,98.85,-0.08,70.6,14.72,19.13,78.4,6.59,29.6,10.04,8.0,NOMINAL,5.0,NONE,Nominal operating envelope. Spinning reserves active.
49.898,-0.1011,0.9949,100.82,92.5,8.32,71.75,15.23,12.28,67.0,7.11,31.45,9.74,8.0,SOLAR_DROP,6.6,SOLAR_FARM,Inject BESS synthetic inertia +15MW & ramp utility interconnect spinning reserve.
49.824,-0.4325,0.9948,117.8,92.25,25.55,84.54,7.76,19.49,77.2,21.95,31.76,9.81,8.0,EV_SURGE,22.5,EV_PLAZA,Dispatch BESS +18MW & Throttle EV Plaza chargers by 25%. Hospital locked immune.
49.976,-0.0327,0.9954,102.05,99.26,2.79,73.79,15.99,18.27,77.7,6.86,30.83,10.09,8.0,SOLAR_DROP,5.0,SOLAR_FARM,Inject BESS synthetic inertia +15MW & ramp utility interconnect spinning reserve.
49.935,-0.1191,1.0016,100.76,93.26,7.5,72.21,21.02,7.24,49.9,7.03,29.59,9.57,8.0,WIND_STALL,5.0,WIND_FARM,Command turbine blade pitch compensation & AGC governor reserve ramp.
50.133,0.2774,1.0066,99.91,113.29,-13.38,71.52,33.29,15.0,76.7,6.93,30.53,9.27,8.0,NOMINAL,5.0,NONE,Nominal operating envelope. Spinning reserves active.
49.903,-0.2583,0.9983,98.74,83.44,15.3,70.65,9.36,9.08,83.1,6.9,28.79,10.01,8.0,WIND_STALL,5.0,WIND_FARM,Command turbine blade pitch compensation & AGC governor reserve ramp.
49.866,-0.155,0.9976,100.67,86.47,14.2,72.81,11.46,10.0,51.2,6.69,29.83,9.62,8.0,SOLAR_DROP,6.0,SOLAR_FARM,Inject BESS synthetic inertia +15MW & ramp utility interconnect spinning reserve.
50.199,0.2993,1.0071,98.31,114.42,-16.11,70.28,33.62,15.8,84.3,6.61,29.7,9.83,8.0,NOMINAL,5.0,NONE,Nominal operating envelope. Spinning reserves active.
49.893,-0.2385,0.9953,100.44,85.57,14.86,71.26,4.99,15.58,62.3,6.52,30.51,10.45,8.0,SOLAR_DROP,6.5,SOLAR_FARM,Inject BESS synthetic inertia +15MW & ramp utility interconnect spinning reserve.
49.722,-0.4811,0.9875,110.46,81.3,29.16,79.33,0.76,15.54,46.0,6.77,39.14,10.06,8.0,INDUSTRIAL_INRUSH,23.1,INDUSTRIAL,Activate STATCOM reactive voltage support & engage interruptible tariff shedding.
50.164,0.2396,1.0041,100.34,112.85,-12.51,71.15,33.15,14.7,49.9,6.87,29.68,10.31,8.0,NOMINAL,5.0,NONE,Nominal operating envelope. Spinning reserves active.
49.95,-0.0668,0.9953,108.59,107.52,1.08,78.11,31.12,11.39,63.9,7.08,30.44,17.92,8.0,DATACENTER_SPIKE,9.0,AI_DATACENTER,AI cluster compute power cap & BESS localized peak shaving.
50.016,-0.0391,1.0002,100.57,97.53,3.04,72.4,12.74,19.79,63.4,7.59,29.55,9.65,8.0,NOMINAL,5.0,NONE,Nominal operating envelope. Spinning reserves active.
50.049,0.0953,0.9952,100.74,106.21,-5.47,72.01,33.56,7.66,71.2,6.64,31.12,10.31,8.0,WIND_STALL,5.0,WIND_FARM,Command turbine blade pitch compensation & AGC governor reserve ramp.
49.886,-0.2316,0.9919,100.4,84.56,15.84,70.99,8.99,10.57,63.2,7.12,31.15,10.21,8.0,SOLAR_DROP,8.9,SOLAR_FARM,Inject BESS synthetic inertia +15MW & ramp utility interconnect spinning reserve.
49.656,-0.4918,0.9887,99.43,88.69,10.74,71.82,5.26,18.42,31.2,7.07,30.06,9.98,8.0,BESS_OUTAGE,43.5,BESS_STATION,Emergency demand-response load curtailment. Fast-trip substation feeder protection armed.
50.086,0.1372,1.0056,100.11,107.7,-7.59,71.53,31.21,11.49,72.1,7.52,30.55,10.14,8.0,NOMINAL,5.0,NONE,Nominal operating envelope. Spinning reserves active.
49.887,-0.1577,0.9976,99.71,85.84,13.88,71.2,10.6,10.24,76.8,7.13,30.21,9.64,8.0,SOLAR_DROP,5.3,SOLAR_FARM,Inject BESS synthetic inertia +15MW & ramp utility interconnect spinning reserve.
50.192,0.341,1.0017,97.15,111.18,-14.03,69.71,32.61,13.58,79.8,6.82,28.0,9.79,8.0,NOMINAL,5.0,NONE,Nominal operating envelope. Spinning reserves active.
50.122,0.221,1.0054,102.01,105.95,-3.94,72.86,30.3,10.66,29.1,6.95,30.87,9.69,8.0,BESS_OUTAGE,25.0,BESS_STATION,Emergency demand-response load curtailment. Fast-trip substation feeder protection armed.
50.052,0.0602,1.0008,99.52,103.07,-3.54,71.53,28.06,10.01,52.3,7.18,29.9,9.33,8.0,NOMINAL,5.0,NONE,Nominal operating envelope. Spinning reserves active.
49.9,-0.1083,1.0023,98.84,96.13,2.71,70.64,11.14,19.99,35.7,6.5,29.58,9.48,8.0,BESS_OUTAGE,28.3,BESS_STATION,Emergency demand-response load curtailment. Fast-trip substation feeder protection armed.
49.915,-0.1273,0.9984,99.67,87.57,12.1,71.19,3.46,19.11,50.1,7.16,29.26,9.57,8.0,SOLAR_DROP,5.0,SOLAR_FARM,Inject BESS synthetic inertia +15MW & ramp utility interconnect spinning reserve.
50.051,0.0699,0.998,99.72,102.55,-2.82,71.51,27.44,10.11,66.1,6.56,29.84,10.73,8.0,NOMINAL,5.0,NONE,Nominal operating envelope. Spinning reserves active.
50.062,0.1322,1.0008,109.13,114.17,-5.05,78.87,33.55,15.63,46.4,7.44,40.28,9.53,8.0,INDUSTRIAL_INRUSH,5.4,INDUSTRIAL,Activate STATCOM reactive voltage support & engage interruptible tariff shedding.
49.949,-0.0815,1.0006,101.05,94.15,6.9,71.63,23.76,5.38,65.7,6.93,30.42,10.48,8.0,WIND_STALL,5.0,WIND_FARM,Command turbine blade pitch compensation & AGC governor reserve ramp.
49.935,-0.0945,0.9976,99.09,90.27,8.82,71.28,5.69,19.58,79.6,6.52,28.64,10.15,8.0,SOLAR_DROP,5.0,SOLAR_FARM,Inject BESS synthetic inertia +15MW & ramp utility interconnect spinning reserve.
49.867,-0.2293,0.9965,119.62,101.67,17.96,85.7,25.98,10.68,42.6,26.35,31.28,9.4,8.0,EV_SURGE,21.6,EV_PLAZA,Dispatch BESS +18MW & Throttle EV Plaza chargers by 25%. Hospital locked immune.
50.002,0.0092,1.0012,100.33,100.51,-0.18,72.19,20.05,15.46,49.9,7.19,29.82,10.22,8.0,NOMINAL,5.0,NONE,Nominal operating envelope. Spinning reserves active.
49.958,-0.0437,1.0005,100.02,95.99,4.03,72.0,10.99,20.0,67.8,6.72,30.99,9.88,8.0,NOMINAL,5.0,NONE,Nominal operating envelope. Spinning reserves active.
50.249,0.5324,1.0101,98.2,118.01,-19.81,70.14,34.55,18.46,45.2,6.29,29.6,9.49,8.0,NOMINAL,5.0,NONE,Nominal operating envelope. Spinning reserves active.
49.895,-0.185,0.9968,99.98,88.75,11.23,72.05,15.79,7.96,68.9,6.53,29.39,9.3,8.0,WIND_STALL,5.5,WIND_FARM,Command turbine blade pitch compensation & AGC governor reserve ramp.
49.885,-0.237,0.9982,114.72,100.5,14.23,82.14,19.97,15.53,42.7,6.96,44.72,9.73,8.0,INDUSTRIAL_INRUSH,15.0,INDUSTRIAL,Activate STATCOM reactive voltage support & engage interruptible tariff shedding.
49.935,-0.1306,1.0001,98.94,91.25,7.7,70.94,8.12,18.13,60.2,7.42,29.4,10.14,8.0,SOLAR_DROP,5.0,SOLAR_FARM,Inject BESS synthetic inertia +15MW & ramp utility interconnect spinning reserve.
49.832,-0.3531,1.0002,123.23,99.88,23.35,88.39,17.1,17.78,79.3,28.77,30.98,10.13,8.0,EV_SURGE,24.3,EV_PLAZA,Dispatch BESS +18MW & Throttle EV Plaza chargers by 25%. Hospital locked immune.
49.841,-0.3313,0.9884,100.16,80.67,19.48,71.82,5.62,10.05,58.6,6.63,31.04,9.59,8.0,SOLAR_DROP,12.5,SOLAR_FARM,Inject BESS synthetic inertia +15MW & ramp utility interconnect spinning reserve.
49.855,-0.2019,0.9922,98.94,81.28,17.66,70.43,0.75,15.53,83.4,6.84,29.21,9.69,8.0,NOMINAL,5.0,NONE,Nominal operating envelope. Spinning reserves active.
49.953,-0.1243,0.9964,118.9,111.28,7.62,85.35,32.64,13.64,75.0,7.05,48.48,9.52,8.0,INDUSTRIAL_INRUSH,18.3,INDUSTRIAL,Activate STATCOM reactive voltage support & engage interruptible tariff shedding.
49.933,-0.0901,1.0038,96.91,95.28,1.63,69.21,15.28,15.0,65.2,7.21,28.57,10.12,8.0,SOLAR_DROP,5.0,SOLAR_FARM,Inject BESS synthetic inertia +15MW & ramp utility interconnect spinning reserve.
50.251,0.3804,1.0062,99.43,118.08,-18.65,71.44,34.56,18.52,49.5,6.64,30.57,9.6,8.0,NOMINAL,5.0,NONE,Nominal operating envelope. Spinning reserves active.
49.861,-0.174,0.997,118.22,100.65,17.57,84.81,21.29,14.36,44.3,7.43,47.5,10.06,8.0,INDUSTRIAL_INRUSH,20.2,INDUSTRIAL,Activate STATCOM reactive voltage support & engage interruptible tariff shedding.
49.931,-0.0839,1.0,113.0,107.26,5.73,81.18,31.0,11.26,59.8,6.73,43.03,10.54,8.0,INDUSTRIAL_INRUSH,10.9,INDUSTRIAL,Activate STATCOM reactive voltage support & engage interruptible tariff shedding.
50.079,0.0995,1.0054,97.34,98.88,-1.54,70.64,29.69,4.19,84.2,6.71,27.94,9.6,8.0,WIND_STALL,5.0,WIND_FARM,Command turbine blade pitch compensation & AGC governor reserve ramp.
49.867,-0.2083,0.9991,122.91,105.57,17.34,89.1,30.06,10.51,69.9,28.77,31.24,10.07,8.0,EV_SURGE,24.7,EV_PLAZA,Dispatch BESS +18MW & Throttle EV Plaza chargers by 25%. Hospital locked immune.
50.088,0.1184,1.0006,98.95,106.35,-7.41,70.43,30.52,10.83,63.1,6.35,29.42,9.85,8.0,NOMINAL,5.0,NONE,Nominal operating envelope. Spinning reserves active.
50.161,0.3214,1.0032,98.34,110.25,-11.91,69.39,34.9,10.35,78.5,6.77,28.31,10.54,8.0,WIND_STALL,5.0,WIND_FARM,Command turbine blade pitch compensation & AGC governor reserve ramp.
49.85,-0.2609,0.9942,97.62,78.61,19.01,70.01,5.6,8.02,74.5,6.74,28.68,10.46,8.0,WIND_STALL,8.7,WIND_FARM,Command turbine blade pitch compensation & AGC governor reserve ramp.
50.106,0.1562,0.9978,96.9,105.28,-8.39,69.17,33.03,7.26,69.2,6.9,27.63,9.89,8.0,WIND_STALL,5.0,WIND_FARM,Command turbine blade pitch compensation & AGC governor reserve ramp.
49.928,-0.1209,0.9953,114.96,104.49,10.47,82.25,29.33,10.16,45.2,7.01,44.28,9.5,8.0,INDUSTRIAL_INRUSH,15.5,INDUSTRIAL,Activate STATCOM reactive voltage support & engage interruptible tariff shedding.
49.86,-0.1831,0.9936,99.95,85.87,14.08,71.13,12.83,8.05,44.1,6.83,30.0,10.28,8.0,WIND_STALL,8.7,WIND_FARM,Command turbine blade pitch compensation & AGC governor reserve ramp.
49.86,-0.1672,0.9967,100.05,84.11,15.93,72.12,2.42,16.69,61.5,7.32,29.06,9.69,8.0,NOMINAL,5.0,NONE,Nominal operating envelope. Spinning reserves active.
49.761,-0.4842,0.9894,121.02,92.23,28.78,86.89,7.74,19.49,51.2,28.06,29.78,10.31,8.0,EV_SURGE,31.3,EV_PLAZA,Dispatch BESS +18MW & Throttle EV Plaza chargers by 25%. Hospital locked immune.
49.668,-0.402,0.9925,116.15,86.09,30.06,82.75,3.62,17.47,68.7,24.02,30.5,9.64,8.0,EV_SURGE,26.6,EV_PLAZA,Dispatch BESS +18MW & Throttle EV Plaza chargers by 25%. Hospital locked immune.
49.858,-0.282,0.9947,116.02,98.96,17.06,84.34,14.93,19.03,68.0,23.24,30.54,9.88,8.0,EV_SURGE,21.1,EV_PLAZA,Dispatch BESS +18MW & Throttle EV Plaza chargers by 25%. Hospital locked immune.
49.898,-0.1375,0.9987,116.69,107.21,9.48,84.08,30.97,11.24,71.2,23.56,30.98,9.6,8.0,EV_SURGE,16.9,EV_PLAZA,Dispatch BESS +18MW & Throttle EV Plaza chargers by 25%. Hospital locked immune.
49.941,-0.1083,1.0008,101.9,100.31,1.6,72.9,18.79,16.51,68.8,7.41,30.36,10.53,8.0,NOMINAL,5.0,NONE,Nominal operating envelope. Spinning reserves active.
49.998,0.0148,1.0009,116.57,116.87,-0.3,84.25,34.27,17.6,48.5,22.72,31.1,9.2,8.0,EV_SURGE,13.0,EV_PLAZA,Dispatch BESS +18MW & Throttle EV Plaza chargers by 25%. Hospital locked immune.
49.837,-0.2954,0.9975,101.32,82.46,18.86,73.16,1.44,16.02,42.8,6.56,30.91,9.78,8.0,NOMINAL,5.0,NONE,Nominal operating envelope. Spinning reserves active.
50.067,0.0813,1.0055,113.54,118.59,-5.06,81.66,34.68,18.91,42.9,6.92,44.83,9.97,8.0,INDUSTRIAL_INRUSH,9.3,INDUSTRIAL,Activate STATCOM reactive voltage support & engage interruptible tariff shedding.
50.096,0.1912,1.0061,111.05,118.74,-7.69,79.31,34.72,19.02,59.1,6.89,40.69,10.01,8.0,INDUSTRIAL_INRUSH,6.0,INDUSTRIAL,Activate STATCOM reactive voltage support & engage interruptible tariff shedding.
49.952,-0.0964,1.0011,99.14,92.87,6.27,70.98,8.23,19.64,46.8,6.66,29.73,9.95,8.0,NOMINAL,5.0,NONE,Nominal operating envelope. Spinning reserves active.
49.982,-0.0811,1.0004,99.32,97.51,1.82,71.43,12.71,19.79,57.5,7.56,30.2,9.51,8.0,NOMINAL,5.0,NONE,Nominal operating envelope. Spinning reserves active.
49.931,-0.1622,1.0011,120.44,110.52,9.91,86.08,32.37,13.15,60.7,26.54,29.34,9.67,8.0,EV_SURGE,17.8,EV_PLAZA,Dispatch BESS +18MW & Throttle EV Plaza chargers by 25%. Hospital locked immune.
49.906,-0.0945,0.9966,109.83,100.46,9.37,78.62,19.71,15.75,67.4,7.41,29.45,18.92,8.0,DATACENTER_SPIKE,10.3,AI_DATACENTER,AI cluster compute power cap & BESS localized peak shaving.
50.073,0.0712,1.0029,96.72,100.83,-4.11,69.09,22.79,13.03,48.9,7.3,28.12,9.34,8.0,NOMINAL,5.0,NONE,Nominal operating envelope. Spinning reserves active.
49.983,-0.032,0.998,97.83,97.3,0.54,70.07,26.5,5.8,46.1,7.16,29.64,9.66,8.0,WIND_STALL,5.0,WIND_FARM,Command turbine blade pitch compensation & AGC governor reserve ramp.
50.361,0.7603,1.0065,98.26,109.45,-11.19,69.43,31.96,12.49,21.3,6.86,28.73,9.5,8.0,BESS_OUTAGE,25.0,BESS_STATION,Emergency demand-response load curtailment. Fast-trip substation feeder protection armed.
50.023,0.0507,1.0033,98.95,101.42,-2.47,70.64,25.39,11.03,70.5,6.55,29.53,9.91,8.0,NOMINAL,5.0,NONE,Nominal operating envelope. Spinning reserves active.
50.151,0.2803,1.0034,101.09,113.17,-12.08,72.7,33.25,14.92,66.0,7.07,30.51,10.41,8.0,NOMINAL,5.0,NONE,Nominal operating envelope. Spinning reserves active.
49.844,-0.2766,0.996,99.46,80.22,19.23,70.65,0.13,15.09,83.9,6.54,29.94,9.55,8.0,NOMINAL,5.0,NONE,Nominal operating envelope. Spinning reserves active.
49.938,-0.1153,0.9975,114.5,106.05,8.45,82.57,30.35,10.7,84.9,20.65,29.0,9.71,8.0,EV_SURGE,14.2,EV_PLAZA,Dispatch BESS +18MW & Throttle EV Plaza chargers by 25%. Hospital locked immune.
49.794,-0.2654,0.994,113.15,87.41,25.73,81.37,4.44,17.97,66.6,20.12,30.47,9.56,8.0,EV_SURGE,19.5,EV_PLAZA,Dispatch BESS +18MW & Throttle EV Plaza chargers by 25%. Hospital locked immune.
49.938,-0.1152,1.0027,100.77,90.93,9.84,72.22,6.79,19.14,58.9,6.78,30.69,9.89,8.0,NOMINAL,5.0,NONE,Nominal operating envelope. Spinning reserves active.
50.065,0.078,1.0048,99.05,100.81,-1.75,70.55,22.67,13.14,83.0,7.23,30.75,10.14,8.0,NOMINAL,5.0,NONE,Nominal operating envelope. Spinning reserves active.
49.952,-0.0778,0.9974,100.0,94.36,5.64,70.94,9.46,19.9,71.2,7.19,29.95,9.32,8.0,NOMINAL,5.0,NONE,Nominal operating envelope. Spinning reserves active.
49.86,-0.2236,1.0016,116.6,102.3,14.3,83.39,27.1,10.2,71.5,6.56,48.01,10.33,8.0,INDUSTRIAL_INRUSH,16.4,INDUSTRIAL,Activate STATCOM reactive voltage support & engage interruptible tariff shedding.
49.745,-0.3649,0.9942,120.9,93.74,27.15,87.15,8.94,19.81,64.0,28.71,29.01,10.21,8.0,EV_SURGE,29.1,EV_PLAZA,Dispatch BESS +18MW & Throttle EV Plaza chargers by 25%. Hospital locked immune.
49.94,-0.1727,0.9983,112.8,101.2,11.6,82.04,24.7,11.5,83.2,6.77,41.68,9.97,8.0,INDUSTRIAL_INRUSH,12.9,INDUSTRIAL,Activate STATCOM reactive voltage support & engage interruptible tariff shedding.
49.702,-0.4526,0.9916,111.21,80.79,30.42,79.07,0.46,15.33,77.0,6.84,42.66,10.43,8.0,INDUSTRIAL_INRUSH,20.9,INDUSTRIAL,Activate STATCOM reactive voltage support & engage interruptible tariff shedding.
49.828,-0.1955,0.9879,98.95,79.97,18.98,70.61,4.81,10.16,47.1,7.04,28.5,10.78,8.0,SOLAR_DROP,13.3,SOLAR_FARM,Inject BESS synthetic inertia +15MW & ramp utility interconnect spinning reserve.
50.186,0.3279,1.0104,103.05,118.72,-15.67,73.09,34.71,19.01,73.6,7.09,31.02,10.55,8.0,NOMINAL,5.0,NONE,Nominal operating envelope. Spinning reserves active.
50.148,0.2638,1.0116,98.44,110.47,-12.03,70.2,32.35,13.12,81.5,7.03,28.98,9.79,8.0,NOMINAL,5.0,NONE,Nominal operating envelope. Spinning reserves active.
49.854,-0.2924,0.9927,112.73,93.42,19.31,80.05,8.67,19.75,53.8,7.31,44.46,9.89,8.0,INDUSTRIAL_INRUSH,16.5,INDUSTRIAL,Activate STATCOM reactive voltage support & engage interruptible tariff shedding.
50.25,0.3567,1.009,98.89,119.78,-20.89,69.74,34.95,19.83,72.8,6.72,29.37,10.36,8.0,NOMINAL,5.0,NONE,Nominal operating envelope. Spinning reserves active.
49.921,-0.1379,1.0007,98.82,86.76,12.06,70.18,6.23,15.53,81.6,7.65,26.98,10.55,8.0,SOLAR_DROP,5.0,SOLAR_FARM,Inject BESS synthetic inertia +15MW & ramp utility interconnect spinning reserve.
50.0,0.0479,1.0013,98.77,101.49,-2.71,70.7,25.56,10.93,52.7,7.07,28.17,10.18,8.0,NOMINAL,5.0,NONE,Nominal operating envelope. Spinning reserves active.
49.962,-0.0721,0.9975,102.33,96.91,5.42,73.75,11.99,19.92,43.3,6.87,33.28,9.42,8.0,NOMINAL,5.0,NONE,Nominal operating envelope. Spinning reserves active.
49.904,-0.2371,0.9951,116.3,101.28,15.02,83.39,24.98,11.3,67.3,24.43,29.36,9.51,8.0,EV_SURGE,18.0,EV_PLAZA,Dispatch BESS +18MW & Throttle EV Plaza chargers by 25%. Hospital locked immune.
50.012,-0.0059,0.997,98.61,98.51,0.1,69.5,14.15,19.36,83.1,7.06,29.82,10.04,8.0,NOMINAL,5.0,NONE,Nominal operating envelope. Spinning reserves active.
49.824,-0.2353,0.9916,120.86,98.0,22.86,87.26,13.37,19.63,58.9,25.66,31.15,9.67,8.0,EV_SURGE,28.3,EV_PLAZA,Dispatch BESS +18MW & Throttle EV Plaza chargers by 25%. Hospital locked immune.
49.952,-0.1295,0.9989,102.75,100.84,1.91,73.46,22.88,12.96,28.2,7.17,31.51,10.0,8.0,BESS_OUTAGE,27.3,BESS_STATION,Emergency demand-response load curtailment. Fast-trip substation feeder protection armed.
50.014,0.0219,1.0026,100.45,100.77,-0.31,71.51,22.32,13.45,51.0,6.35,30.39,9.9,8.0,NOMINAL,5.0,NONE,Nominal operating envelope. Spinning reserves active.
50.039,0.0532,0.9947,99.35,101.42,-2.07,70.92,25.37,11.04,70.4,7.28,30.78,10.12,8.0,NOMINAL,5.0,NONE,Nominal operating envelope. Spinning reserves active.
49.904,-0.1685,0.9957,101.86,88.87,12.99,73.45,5.38,18.49,65.6,6.93,30.64,10.61,8.0,NOMINAL,5.0,NONE,Nominal operating envelope. Spinning reserves active.
50.018,-0.0226,0.9988,97.33,95.21,2.11,69.59,10.23,19.98,76.1,6.87,28.99,9.86,8.0,NOMINAL,5.0,NONE,Nominal operating envelope. Spinning reserves active.
50.066,0.1276,1.0027,99.58,104.28,-4.7,70.89,29.16,10.11,79.2,6.66,29.38,9.43,8.0,NOMINAL,5.0,NONE,Nominal operating envelope. Spinning reserves active.
49.973,-0.0754,0.9978,117.38,112.51,4.86,84.45,33.05,14.47,54.2,24.93,30.57,9.11,8.0,EV_SURGE,15.5,EV_PLAZA,Dispatch BESS +18MW & Throttle EV Plaza chargers by 25%. Hospital locked immune.
49.872,-0.2593,0.994,116.96,101.63,15.34,83.75,25.9,10.73,44.3,7.1,46.22,9.78,8.0,INDUSTRIAL_INRUSH,20.3,INDUSTRIAL,Activate STATCOM reactive voltage support & engage interruptible tariff shedding.
49.889,-0.1473,1.0016,97.5,88.87,8.64,69.72,11.98,11.89,68.3,6.4,28.58,10.4,8.0,SOLAR_DROP,5.0,SOLAR_FARM,Inject BESS synthetic inertia +15MW & ramp utility interconnect spinning reserve.
50.245,0.3696,1.0072,99.04,117.83,-18.79,70.22,34.5,18.33,41.0,6.61,30.7,9.68,8.0,NOMINAL,5.0,NONE,Nominal operating envelope. Spinning reserves active.
49.975,-0.0437,1.0069,99.54,98.86,0.68,71.8,14.75,19.12,55.2,6.65,31.02,9.71,8.0,NOMINAL,5.0,NONE,Nominal operating envelope. Spinning reserves active.
49.909,-0.2208,0.9975,102.4,84.35,18.05,73.99,1.33,18.02,52.3,7.04,30.59,10.75,8.0,SOLAR_DROP,5.0,SOLAR_FARM,Inject BESS synthetic inertia +15MW & ramp utility interconnect spinning reserve.
49.793,-0.2305,0.9984,113.09,89.55,23.54,80.67,5.83,18.71,75.4,6.77,29.5,24.62,8.0,DATACENTER_SPIKE,15.8,AI_DATACENTER,AI cluster compute power cap & BESS localized peak shaving.
50.024,0.0498,0.9947,100.01,100.83,-0.83,71.27,22.86,12.97,68.9,6.96,30.95,9.91,8.0,NOMINAL,5.0,NONE,Nominal operating envelope. Spinning reserves active.
50.017,0.0416,0.997,100.21,100.81,-0.6,71.16,22.68,13.13,61.7,7.06,29.52,9.92,8.0,NOMINAL,5.0,NONE,Nominal operating envelope. Spinning reserves active.
49.794,-0.3329,0.9955,116.77,89.84,26.93,84.07,6.03,18.81,83.0,6.71,46.67,9.71,8.0,INDUSTRIAL_INRUSH,22.4,INDUSTRIAL,Activate STATCOM reactive voltage support & engage interruptible tariff shedding.
49.887,-0.2753,0.9958,115.46,99.62,15.84,82.86,16.37,18.25,73.9,20.44,30.82,10.78,8.0,EV_SURGE,17.4,EV_PLAZA,Dispatch BESS +18MW & Throttle EV Plaza chargers by 25%. Hospital locked immune.
49.978,-0.0427,0.9979,102.8,101.97,0.82,73.38,31.44,5.54,60.6,7.2,31.87,10.29,8.0,WIND_STALL,5.0,WIND_FARM,Command turbine blade pitch compensation & AGC governor reserve ramp.
50.04,0.0658,1.0024,101.76,104.23,-2.47,73.24,29.13,10.1,47.5,7.17,31.48,9.89,8.0,NOMINAL,5.0,NONE,Nominal operating envelope. Spinning reserves active.
50.578,0.918,1.0202,96.76,114.76,-18.0,68.59,33.71,16.04,28.0,6.64,27.77,9.65,8.0,BESS_OUTAGE,25.0,BESS_STATION,Emergency demand-response load curtailment. Fast-trip substation feeder protection armed.
50.294,0.434,1.009,98.57,119.91,-21.34,70.22,34.98,19.93,81.6,7.03,28.56,9.94,8.0,NOMINAL,5.0,NONE,Nominal operating envelope. Spinning reserves active.
50.038,0.08,1.0039,97.44,101.28,-3.84,68.86,24.97,11.31,79.2,6.71,29.81,9.54,8.0,NOMINAL,5.0,NONE,Nominal operating envelope. Spinning reserves active.
49.888,-0.2132,0.9977,100.26,88.07,12.19,71.23,4.86,18.21,76.7,7.37,29.9,10.39,8.0,NOMINAL,5.0,NONE,Nominal operating envelope. Spinning reserves active.
50.007,0.0165,1.0026,100.53,100.78,-0.26,71.74,22.47,13.32,28.9,6.99,30.29,10.05,8.0,BESS_OUTAGE,25.0,BESS_STATION,Emergency demand-response load curtailment. Fast-trip substation feeder protection armed.
49.949,-0.0554,1.0013,98.3,93.09,5.21,70.16,22.29,5.8,45.7,7.31,30.48,9.38,8.0,WIND_STALL,5.0,WIND_FARM,Command turbine blade pitch compensation & AGC governor reserve ramp.
49.872,-0.1452,0.9946,115.43,101.69,13.74,82.92,26.04,10.66,60.6,6.34,46.43,9.94,8.0,INDUSTRIAL_INRUSH,18.8,INDUSTRIAL,Activate STATCOM reactive voltage support & engage interruptible tariff shedding.
49.965,-0.0955,0.9941,99.52,91.36,8.16,70.38,14.28,12.08,78.5,6.81,30.08,9.95,8.0,SOLAR_DROP,5.0,SOLAR_FARM,Inject BESS synthetic inertia +15MW & ramp utility interconnect spinning reserve.
50.253,0.5118,1.0091,99.85,119.89,-20.03,71.2,34.97,19.91,59.1,7.25,29.41,10.14,8.0,NOMINAL,5.0,NONE,Nominal operating envelope. Spinning reserves active.
49.901,-0.1341,1.0057,121.51,111.51,10.0,87.73,32.72,13.79,59.0,28.34,29.87,10.81,8.0,EV_SURGE,21.1,EV_PLAZA,Dispatch BESS +18MW & Throttle EV Plaza chargers by 25%. Hospital locked immune.
50.195,0.2252,1.0074,102.34,116.2,-13.87,73.75,34.1,17.1,62.0,7.23,31.7,9.08,8.0,NOMINAL,5.0,NONE,Nominal operating envelope. Spinning reserves active.
49.808,-0.4153,0.9956,110.24,85.99,24.25,78.58,3.56,17.44,46.4,7.23,41.18,9.1,8.0,INDUSTRIAL_INRUSH,14.2,INDUSTRIAL,Activate STATCOM reactive voltage support & engage interruptible tariff shedding.
49.911,-0.2021,0.9929,100.96,88.11,12.85,71.76,5.12,17.99,45.9,7.01,29.73,10.05,8.0,SOLAR_DROP,7.4,SOLAR_FARM,Inject BESS synthetic inertia +15MW & ramp utility interconnect spinning reserve.
49.908,-0.1736,0.9982,115.75,100.73,15.02,83.29,21.99,13.74,59.2,7.05,45.27,9.67,8.0,INDUSTRIAL_INRUSH,15.8,INDUSTRIAL,Activate STATCOM reactive voltage support & engage interruptible tariff shedding.
49.852,-0.1846,0.9983,110.3,91.55,18.75,79.07,7.24,19.32,64.5,6.72,30.46,18.5,8.0,DATACENTER_SPIKE,11.7,AI_DATACENTER,AI cluster compute power cap & BESS localized peak shaving.
49.848,-0.2523,0.9917,114.03,97.01,17.02,82.85,12.1,19.91,50.6,7.01,45.36,9.87,8.0,INDUSTRIAL_INRUSH,21.2,INDUSTRIAL,Activate STATCOM reactive voltage support & engage interruptible tariff shedding.
49.99,-0.0428,0.9992,101.41,98.85,2.56,72.54,14.73,19.12,41.6,7.13,30.13,9.8,8.0,NOMINAL,5.0,NONE,Nominal operating envelope. Spinning reserves active.
50.254,0.4728,1.0089,99.22,119.98,-20.76,71.54,35.0,19.98,72.6,6.76,28.97,9.53,8.0,NOMINAL,5.0,NONE,Nominal operating envelope. Spinning reserves active.
49.946,-0.0861,1.0015,99.83,93.67,6.16,71.45,8.87,19.79,83.4,7.05,29.89,9.56,8.0,NOMINAL,5.0,NONE,Nominal operating envelope. Spinning reserves active.
49.852,-0.1402,1.0019,103.23,91.49,11.74,73.6,10.8,15.69,49.5,7.6,31.34,9.97,8.0,SOLAR_DROP,5.0,SOLAR_FARM,Inject BESS synthetic inertia +15MW & ramp utility interconnect spinning reserve.
50.064,0.1071,1.004,114.21,119.91,-5.7,81.88,34.98,19.93,45.3,6.67,28.98,23.64,8.0,DATACENTER_SPIKE,9.6,AI_DATACENTER,AI cluster compute power cap & BESS localized peak shaving.
49.859,-0.2122,0.9934,102.16,85.43,16.73,73.14,9.6,10.83,59.3,6.3,32.26,9.51,8.0,SOLAR_DROP,8.8,SOLAR_FARM,Inject BESS synthetic inertia +15MW & ramp utility interconnect spinning reserve.
49.891,-0.237,0.9968,100.24,84.38,15.85,72.51,1.42,17.96,76.1,7.23,29.29,10.16,8.0,SOLAR_DROP,5.6,SOLAR_FARM,Inject BESS synthetic inertia +15MW & ramp utility interconnect spinning reserve.
50.078,0.1778,1.0062,97.59,106.3,-8.7,69.22,30.49,10.81,77.2,6.83,29.73,9.6,8.0,NOMINAL,5.0,NONE,Nominal operating envelope. Spinning reserves active.
50.09,0.0904,1.0025,99.61,102.94,-3.32,71.5,27.91,10.02,58.5,7.54,29.7,10.05,8.0,NOMINAL,5.0,NONE,Nominal operating envelope. Spinning reserves active.
50.004,0.0262,1.0006,100.81,101.48,-0.66,72.16,25.53,10.95,50.4,7.04,29.46,10.24,8.0,NOMINAL,5.0,NONE,Nominal operating envelope. Spinning reserves active.
50.087,0.19,0.9982,98.89,105.8,-6.91,70.17,33.67,7.13,67.5,7.13,29.63,9.64,8.0,WIND_STALL,5.0,WIND_FARM,Command turbine blade pitch compensation & AGC governor reserve ramp.
49.941,-0.0956,0.9983,98.92,93.42,5.5,70.79,8.99,19.43,49.8,6.69,30.27,10.29,8.0,SOLAR_DROP,5.0,SOLAR_FARM,Inject BESS synthetic inertia +15MW & ramp utility interconnect spinning reserve.
50.036,0.0627,0.9965,100.66,101.96,-1.3,71.84,26.56,10.41,70.9,7.36,29.77,9.88,8.0,NOMINAL,5.0,NONE,Nominal operating envelope. Spinning reserves active.
49.863,-0.2844,0.9934,102.12,84.43,17.7,72.78,5.21,14.21,55.7,7.31,30.79,10.28,8.0,SOLAR_DROP,8.7,SOLAR_FARM,Inject BESS synthetic inertia +15MW & ramp utility interconnect spinning reserve.
50.06,0.0648,0.9999,101.98,106.0,-4.03,72.67,33.42,7.58,70.9,7.33,31.3,10.08,8.0,WIND_STALL,5.0,WIND_FARM,Command turbine blade pitch compensation & AGC governor reserve ramp.
49.335,-1.367,0.9837,122.07,80.75,41.32,87.83,0.44,15.31,48.2,24.89,32.65,10.43,8.0,EV_SURGE,50.3,EV_PLAZA,Dispatch BESS +18MW & Throttle EV Plaza chargers by 25%. Hospital locked immune.
49.975,-0.0889,0.9998,110.92,104.43,6.48,79.55,29.29,10.15,59.8,19.48,28.08,10.03,8.0,EV_SURGE,7.3,EV_PLAZA,Dispatch BESS +18MW & Throttle EV Plaza chargers by 25%. Hospital locked immune.
50.015,0.0191,1.0013,98.42,98.86,-0.44,70.84,14.74,19.12,77.8,7.05,28.12,10.14,8.0,NOMINAL,5.0,NONE,Nominal operating envelope. Spinning reserves active.
49.935,-0.1438,0.9992,112.56,100.49,12.07,80.42,19.91,15.58,54.3,6.78,41.9,10.09,8.0,INDUSTRIAL_INRUSH,10.2,INDUSTRIAL,Activate STATCOM reactive voltage support & engage interruptible tariff shedding.
49.89,-0.1641,0.997,99.82,88.35,11.47,72.4,13.13,10.22,84.7,7.12,29.53,9.97,8.0,SOLAR_DROP,5.5,SOLAR_FARM,Inject BESS synthetic inertia +15MW & ramp utility interconnect spinning reserve.
50.081,0.1053,0.9993,96.0,101.13,-5.13,68.38,24.45,11.68,76.0,7.14,27.98,8.59,8.0,NOMINAL,5.0,NONE,Nominal operating envelope. Spinning reserves active.
49.919,-0.0765,0.9968,97.9,96.15,1.75,69.38,11.85,19.3,81.1,7.05,28.27,9.91,8.0,SOLAR_DROP,5.0,SOLAR_FARM,Inject BESS synthetic inertia +15MW & ramp utility interconnect spinning reserve.
50.238,0.419,1.008,101.86,118.74,-16.88,72.35,34.72,19.02,45.7,6.75,31.52,10.03,8.0,NOMINAL,5.0,NONE,Nominal operating envelope. Spinning reserves active.
49.942,-0.1621,0.9962,98.47,88.72,9.75,69.72,13.24,10.48,70.6,7.11,28.84,9.93,8.0,SOLAR_DROP,5.0,SOLAR_FARM,Inject BESS synthetic inertia +15MW & ramp utility interconnect spinning reserve.
49.931,-0.1032,1.0033,98.49,90.71,7.79,70.98,6.63,19.08,83.9,6.85,29.19,9.87,8.0,NOMINAL,5.0,NONE,Nominal operating envelope. Spinning reserves active.
49.916,-0.1387,0.9972,99.78,90.63,9.16,71.25,6.57,19.05,76.0,6.71,29.72,10.48,8.0,NOMINAL,5.0,NONE,Nominal operating envelope. Spinning reserves active.
49.959,-0.0349,1.0003,101.64,98.42,3.22,73.04,14.0,19.42,62.0,7.32,29.77,10.08,8.0,NOMINAL,5.0,NONE,Nominal operating envelope. Spinning reserves active.
49.804,-0.2641,0.9966,112.48,89.6,22.88,80.58,5.87,18.73,76.6,21.98,30.01,9.82,8.0,EV_SURGE,16.5,EV_PLAZA,Dispatch BESS +18MW & Throttle EV Plaza chargers by 25%. Hospital locked immune.
49.937,-0.1405,0.9971,100.22,89.69,10.53,71.69,5.06,19.64,63.6,6.85,30.02,9.79,8.0,SOLAR_DROP,5.0,SOLAR_FARM,Inject BESS synthetic inertia +15MW & ramp utility interconnect spinning reserve.
50.063,0.1333,0.9996,112.06,117.69,-5.63,80.65,34.47,18.22,77.1,19.76,29.58,9.66,8.0,EV_SURGE,8.1,EV_PLAZA,Dispatch BESS +18MW & Throttle EV Plaza chargers by 25%. Hospital locked immune.
50.048,0.0628,1.0004,114.41,116.83,-2.43,82.65,34.26,17.57,83.0,20.84,30.54,9.94,8.0,EV_SURGE,10.7,EV_PLAZA,Dispatch BESS +18MW & Throttle EV Plaza chargers by 25%. Hospital locked immune.
49.846,-0.2787,1.0,121.75,103.27,18.48,87.84,28.27,10.0,76.6,25.43,31.98,9.55,8.0,EV_SURGE,23.1,EV_PLAZA,Dispatch BESS +18MW & Throttle EV Plaza chargers by 25%. Hospital locked immune.
50.022,0.0955,1.0016,101.68,105.4,-3.71,72.15,29.95,10.44,61.2,7.2,32.04,10.05,8.0,NOMINAL,5.0,NONE,Nominal operating envelope. Spinning reserves active.
50.177,0.3853,1.0123,98.58,112.55,-13.97,70.83,33.06,14.49,66.6,7.14,28.77,9.61,8.0,NOMINAL,5.0,NONE,Nominal operating envelope. Spinning reserves active.
50.033,0.0401,1.0031,100.64,101.39,-0.75,72.09,25.29,11.1,71.1,6.79,29.69,10.59,8.0,NOMINAL,5.0,NONE,Nominal operating envelope. Spinning reserves active.
49.851,-0.2202,0.9942,98.35,79.03,19.32,70.94,6.04,8.0,52.4,7.17,29.28,10.1,8.0,WIND_STALL,8.6,WIND_FARM,Command turbine blade pitch compensation & AGC governor reserve ramp.
49.877,-0.1779,0.9987,99.46,84.97,14.49,71.53,2.06,17.91,69.8,7.05,29.51,9.98,8.0,SOLAR_DROP,5.0,SOLAR_FARM,Inject BESS synthetic inertia +15MW & ramp utility interconnect spinning reserve.
49.973,-0.0289,1.0,100.61,99.96,0.65,71.82,17.36,17.6,58.0,7.0,30.71,9.87,8.0,NOMINAL,5.0,NONE,Nominal operating envelope. Spinning reserves active.
50.09,0.1041,1.0096,96.8,102.5,-5.69,69.12,32.08,5.41,54.1,7.05,29.01,8.92,8.0,WIND_STALL,5.0,WIND_FARM,Command turbine blade pitch compensation & AGC governor reserve ramp.
50.025,0.0754,1.0026,99.07,100.58,-1.51,70.58,20.65,14.94,42.9,7.58,28.5,9.89,8.0,NOMINAL,5.0,NONE,Nominal operating envelope. Spinning reserves active.
49.96,-0.033,1.0049,101.62,100.78,0.84,73.22,22.42,13.36,72.9,7.59,31.5,10.51,8.0,NOMINAL,5.0,NONE,Nominal operating envelope. Spinning reserves active.
49.956,-0.1023,0.9952,113.18,103.51,9.67,81.4,28.5,10.01,53.9,6.47,29.3,24.94,8.0,DATACENTER_SPIKE,13.4,AI_DATACENTER,AI cluster compute power cap & BESS localized peak shaving.
50.208,0.5049,1.0075,101.06,119.41,-18.35,71.71,34.87,19.54,74.8,7.26,30.09,9.93,8.0,NOMINAL,5.0,NONE,Nominal operating envelope. Spinning reserves active.
49.864,-0.2816,0.9977,100.63,83.46,17.17,71.04,0.76,17.7,59.5,6.93,30.09,10.16,8.0,SOLAR_DROP,5.9,SOLAR_FARM,Inject BESS synthetic inertia +15MW & ramp utility interconnect spinning reserve.
49.969,-0.0742,0.9954,113.26,106.73,6.54,81.59,30.72,11.0,70.1,7.21,42.36,10.18,8.0,INDUSTRIAL_INRUSH,13.2,INDUSTRIAL,Activate STATCOM reactive voltage support & engage interruptible tariff shedding.
50.047,0.0463,1.0075,97.79,100.73,-2.93,69.21,21.99,13.74,60.4,6.9,27.92,10.16,8.0,NOMINAL,5.0,NONE,Nominal operating envelope. Spinning reserves active.
49.801,-0.3858,0.9967,122.85,99.79,23.06,87.71,16.83,17.96,47.2,27.72,30.72,9.87,8.0,EV_SURGE,26.5,EV_PLAZA,Dispatch BESS +18MW & Throttle EV Plaza chargers by 25%. Hospital locked immune.
49.88,-0.2589,1.0018,102.85,86.73,16.11,73.69,11.06,10.67,69.8,6.98,30.59,10.25,8.0,SOLAR_DROP,5.0,SOLAR_FARM,Inject BESS synthetic inertia +15MW & ramp utility interconnect spinning reserve.
50.015,0.0387,0.9998,99.41,100.14,-0.73,71.48,18.03,17.11,74.5,7.47,29.36,9.63,8.0,NOMINAL,5.0,NONE,Nominal operating envelope. Spinning reserves active.
49.999,0.0066,0.9975,100.62,100.74,-0.11,72.25,22.08,13.65,64.8,7.63,28.82,10.15,8.0,NOMINAL,5.0,NONE,Nominal operating envelope. Spinning reserves active.
49.935,-0.0649,1.0045,100.32,93.61,6.71,71.57,19.62,8.99,84.8,6.7,30.96,10.17,8.0,WIND_STALL,5.0,WIND_FARM,Command turbine blade pitch compensation & AGC governor reserve ramp.
49.856,-0.2769,0.9908,97.94,80.53,17.4,70.4,4.88,10.66,77.6,6.57,29.75,9.63,8.0,SOLAR_DROP,10.6,SOLAR_FARM,Inject BESS synthetic inertia +15MW & ramp utility interconnect spinning reserve.
50.111,0.1462,1.004,100.27,109.32,-9.06,71.01,31.91,12.41,58.7,6.45,30.46,10.89,8.0,NOMINAL,5.0,NONE,Nominal operating envelope. Spinning reserves active.
49.892,-0.1426,1.0016,100.92,87.87,13.05,72.24,3.64,19.23,44.4,6.82,29.81,10.18,8.0,SOLAR_DROP,5.0,SOLAR_FARM,Inject BESS synthetic inertia +15MW & ramp utility interconnect spinning reserve.
50.051,0.0823,1.0032,100.36,101.97,-1.61,72.51,26.57,10.4,37.0,6.89,29.12,10.81,8.0,BESS_OUTAGE,25.0,BESS_STATION,Emergency demand-response load curtailment. Fast-trip substation feeder protection armed.
49.967,-0.0654,1.0014,101.63,100.65,0.98,72.69,21.28,14.37,59.3,7.34,31.0,10.06,8.0,NOMINAL,5.0,NONE,Nominal operating envelope. Spinning reserves active.
50.114,0.1689,0.9984,111.48,119.84,-8.37,80.97,34.97,19.88,60.4,7.43,41.95,10.28,8.0,INDUSTRIAL_INRUSH,9.4,INDUSTRIAL,Activate STATCOM reactive voltage support & engage interruptible tariff shedding.
50.076,0.128,1.0019,101.48,106.04,-4.56,72.12,30.34,10.69,59.2,6.75,31.44,9.89,8.0,NOMINAL,5.0,NONE,Nominal operating envelope. Spinning reserves active.
49.811,-0.2292,0.994,112.89,91.15,21.75,80.6,6.94,19.2,70.0,22.37,28.38,9.2,8.0,EV_SURGE,17.9,EV_PLAZA,Dispatch BESS +18MW & Throttle EV Plaza chargers by 25%. Hospital locked immune.
49.896,-0.1804,0.9946,99.81,86.91,12.9,72.1,4.12,17.78,69.4,7.43,31.17,9.38,8.0,NOMINAL,5.0,NONE,Nominal operating envelope. Spinning reserves active.
49.848,-0.213,0.9923,116.16,98.12,18.04,83.88,13.55,19.57,73.9,23.61,29.71,10.33,8.0,EV_SURGE,22.3,EV_PLAZA,Dispatch BESS +18MW & Throttle EV Plaza chargers by 25%. Hospital locked immune.
50.065,0.093,1.0065,108.03,109.36,-1.34,77.06,31.93,12.43,82.4,7.18,28.36,19.49,8.0,DATACENTER_SPIKE,5.0,AI_DATACENTER,AI cluster compute power cap & BESS localized peak shaving.
50.019,0.0552,0.999,101.3,103.47,-2.17,71.65,28.46,10.0,61.8,6.42,31.81,10.28,8.0,NOMINAL,5.0,NONE,Nominal operating envelope. Spinning reserves active.
50.155,0.2475,1.004,101.24,113.17,-11.93,71.89,33.25,14.92,82.5,6.94,30.46,10.32,8.0,NOMINAL,5.0,NONE,Nominal operating envelope. Spinning reserves active.
49.884,-0.2189,0.9955,100.22,87.02,13.21,71.57,10.34,11.68,63.8,7.57,30.46,9.69,8.0,SOLAR_DROP,6.7,SOLAR_FARM,Inject BESS synthetic inertia +15MW & ramp utility interconnect spinning reserve.
49.852,-0.3126,0.9958,108.34,90.0,18.33,76.9,6.14,18.86,69.2,6.99,39.39,9.96,8.0,INDUSTRIAL_INRUSH,10.2,INDUSTRIAL,Activate STATCOM reactive voltage support & engage interruptible tariff shedding.
49.969,-0.0616,1.0001,113.05,108.34,4.71,80.72,31.5,11.84,42.6,19.66,30.6,10.26,8.0,EV_SURGE,9.0,EV_PLAZA,Dispatch BESS +18MW & Throttle EV Plaza chargers by 25%. Hospital locked immune.
49.643,-0.6176,0.9854,100.25,89.13,11.11,70.85,5.56,18.58,36.4,7.11,30.09,9.44,8.0,BESS_OUTAGE,46.1,BESS_STATION,Emergency demand-response load curtailment. Fast-trip substation feeder protection armed.
49.914,-0.1283,1.0027,113.63,101.66,11.96,80.39,25.98,10.69,84.1,7.3,42.89,10.32,8.0,INDUSTRIAL_INRUSH,10.4,INDUSTRIAL,Activate STATCOM reactive voltage support & engage interruptible tariff shedding.
50.068,0.1458,1.0058,113.15,119.37,-6.21,82.12,34.86,19.51,54.9,7.16,43.05,10.41,8.0,INDUSTRIAL_INRUSH,10.0,INDUSTRIAL,Activate STATCOM reactive voltage support & engage interruptible tariff shedding.
50.042,0.0805,1.0018,101.22,102.37,-1.15,72.7,27.2,10.17,52.1,6.8,30.68,10.74,8.0,NOMINAL,5.0,NONE,Nominal operating envelope. Spinning reserves active.
50.228,0.3735,1.0044,99.28,116.41,-17.13,69.85,34.15,17.25,73.5,6.9,28.45,9.95,8.0,NOMINAL,5.0,NONE,Nominal operating envelope. Spinning reserves active.
49.814,-0.3512,0.9903,100.53,79.22,21.31,71.88,4.46,9.76,65.7,6.87,30.6,10.46,8.0,WIND_STALL,12.3,WIND_FARM,Command turbine blade pitch compensation & AGC governor reserve ramp.
49.717,-0.4447,0.9888,109.82,81.4,28.43,78.79,0.82,15.58,42.1,7.02,30.67,20.91,8.0,DATACENTER_SPIKE,21.8,AI_DATACENTER,AI cluster compute power cap & BESS localized peak shaving.
49.897,-0.1788,0.9976,102.29,87.11,15.18,72.21,4.25,17.86,67.6,6.97,31.04,9.97,8.0,NOMINAL,5.0,NONE,Nominal operating envelope. Spinning reserves active.
49.961,-0.0741,0.9974,103.81,98.51,5.3,74.43,27.64,5.86,52.7,7.06,31.25,9.87,8.0,WIND_STALL,5.0,WIND_FARM,Command turbine blade pitch compensation & AGC governor reserve ramp.
49.889,-0.1419,0.997,98.96,85.8,13.16,70.73,3.85,16.94,63.9,6.82,30.02,9.53,8.0,SOLAR_DROP,5.6,SOLAR_FARM,Inject BESS synthetic inertia +15MW & ramp utility interconnect spinning reserve.
49.925,-0.0857,0.9974,101.01,99.18,1.83,71.97,15.35,18.83,42.6,6.88,30.25,9.84,8.0,NOMINAL,5.0,NONE,Nominal operating envelope. Spinning reserves active.
49.875,-0.2916,0.995,119.94,102.44,17.5,87.05,27.3,10.14,59.5,27.05,28.28,10.19,8.0,EV_SURGE,24.2,EV_PLAZA,Dispatch BESS +18MW & Throttle EV Plaza chargers by 25%. Hospital locked immune.
49.898,-0.1071,0.9959,99.52,88.81,10.71,71.09,8.32,15.48,46.7,6.69,30.04,9.92,8.0,SOLAR_DROP,5.9,SOLAR_FARM,Inject BESS synthetic inertia +15MW & ramp utility interconnect spinning reserve.
50.036,0.0687,1.0024,100.82,104.38,-3.56,72.27,29.24,10.14,53.4,7.43,30.37,9.78,8.0,NOMINAL,5.0,NONE,Nominal operating envelope. Spinning reserves active.
49.849,-0.233,0.9964,100.35,80.85,19.49,71.41,0.15,15.7,75.9,6.98,30.6,10.28,8.0,SOLAR_DROP,7.3,SOLAR_FARM,Inject BESS synthetic inertia +15MW & ramp utility interconnect spinning reserve.
49.992,-0.0906,1.0033,100.57,95.03,5.54,71.27,22.53,7.5,72.2,7.4,29.75,9.61,8.0,WIND_STALL,5.0,WIND_FARM,Command turbine blade pitch compensation & AGC governor reserve ramp.
49.947,-0.0602,0.9978,100.09,95.68,4.42,71.41,12.11,18.57,47.4,6.93,29.7,9.72,8.0,SOLAR_DROP,5.0,SOLAR_FARM,Inject BESS synthetic inertia +15MW & ramp utility interconnect spinning reserve.
50.033,0.052,0.9956,99.14,99.94,-0.8,71.06,17.29,17.65,52.6,7.26,29.39,10.12,8.0,NOMINAL,5.0,NONE,Nominal operating envelope. Spinning reserves active.
49.96,-0.0449,0.9977,99.15,94.82,4.33,70.75,22.66,7.16,52.5,7.21,30.28,9.83,8.0,WIND_STALL,5.0,WIND_FARM,Command turbine blade pitch compensation & AGC governor reserve ramp.
49.572,-0.5276,0.9879,98.53,86.47,12.07,69.68,3.85,17.62,23.4,6.69,29.13,10.51,8.0,BESS_OUTAGE,46.8,BESS_STATION,Emergency demand-response load curtailment. Fast-trip substation feeder protection armed.
49.872,-0.2091,1.0013,110.26,96.96,13.3,79.15,12.05,19.91,52.4,6.88,40.07,10.32,8.0,INDUSTRIAL_INRUSH,10.1,INDUSTRIAL,Activate STATCOM reactive voltage support & engage interruptible tariff shedding.
49.905,-0.1908,1.0018,99.24,87.92,11.31,70.49,10.97,11.96,71.4,6.73,29.88,9.73,8.0,SOLAR_DROP,5.0,SOLAR_FARM,Inject BESS synthetic inertia +15MW & ramp utility interconnect spinning reserve.
50.048,0.0604,1.0002,99.57,100.77,-1.2,71.28,22.37,13.41,73.5,6.96,28.56,10.6,8.0,NOMINAL,5.0,NONE,Nominal operating envelope. Spinning reserves active.
49.936,-0.0792,1.0056,97.82,91.1,6.72,69.2,13.26,12.84,42.0,6.71,28.96,9.95,8.0,SOLAR_DROP,5.0,SOLAR_FARM,Inject BESS synthetic inertia +15MW & ramp utility interconnect spinning reserve.
50.053,0.0773,1.0067,100.55,101.87,-1.32,71.42,26.4,10.48,53.8,6.23,30.35,10.28,8.0,NOMINAL,5.0,NONE,Nominal operating envelope. Spinning reserves active.
50.147,0.1871,1.0004,98.25,108.25,-10.0,69.22,31.46,11.79,64.3,6.72,29.22,10.17,8.0,NOMINAL,5.0,NONE,Nominal operating envelope. Spinning reserves active.
50.022,-0.0004,1.0008,100.88,100.87,0.01,72.0,23.13,12.74,75.8,7.14,29.86,10.28,8.0,NOMINAL,5.0,NONE,Nominal operating envelope. Spinning reserves active.
49.926,-0.1092,0.9991,99.71,90.26,9.45,71.24,8.89,16.37,43.1,7.02,29.59,9.38,8.0,SOLAR_DROP,5.0,SOLAR_FARM,Inject BESS synthetic inertia +15MW & ramp utility interconnect spinning reserve.
49.864,-0.3078,0.9945,109.16,91.11,18.05,78.31,6.92,19.19,55.9,7.12,40.1,10.29,8.0,INDUSTRIAL_INRUSH,12.6,INDUSTRIAL,Activate STATCOM reactive voltage support & engage interruptible tariff shedding.
49.947,-0.0821,0.9936,98.42,97.25,1.17,70.13,12.39,19.86,53.5,6.68,28.98,10.11,8.0,NOMINAL,5.0,NONE,Nominal operating envelope. Spinning reserves active.
49.967,-0.0481,0.9947,118.2,117.09,1.11,83.97,34.32,17.77,64.2,26.69,29.14,9.83,8.0,EV_SURGE,17.0,EV_PLAZA,Dispatch BESS +18MW & Throttle EV Plaza chargers by 25%. Hospital locked immune.
49.878,-0.1739,0.9889,99.23,84.04,15.19,70.73,8.51,10.53,40.5,6.67,29.56,10.47,8.0,SOLAR_DROP,11.0,SOLAR_FARM,Inject BESS synthetic inertia +15MW & ramp utility interconnect spinning reserve.
50.058,0.0675,1.0006,112.09,114.88,-2.8,79.68,33.75,16.14,75.5,6.59,42.7,10.17,8.0,INDUSTRIAL_INRUSH,6.6,INDUSTRIAL,Activate STATCOM reactive voltage support & engage interruptible tariff shedding.
49.863,-0.2155,0.9988,118.27,102.2,16.06,84.99,26.95,10.25,60.7,25.93,30.24,10.79,8.0,EV_SURGE,19.3,EV_PLAZA,Dispatch BESS +18MW & Throttle EV Plaza chargers by 25%. Hospital locked immune.
50.237,0.4323,1.0113,99.48,118.62,-19.14,71.25,34.69,18.93,68.4,7.38,30.05,9.22,8.0,NOMINAL,5.0,NONE,Nominal operating envelope. Spinning reserves active.
49.906,-0.1555,0.9959,118.6,103.19,15.41,85.75,28.19,10.0,64.4,25.22,30.89,10.02,8.0,EV_SURGE,20.7,EV_PLAZA,Dispatch BESS +18MW & Throttle EV Plaza chargers by 25%. Hospital locked immune.
49.902,-0.1869,1.0006,117.93,106.49,11.44,84.34,30.6,10.89,44.9,24.15,30.39,9.98,8.0,EV_SURGE,16.3,EV_PLAZA,Dispatch BESS +18MW & Throttle EV Plaza chargers by 25%. Hospital locked immune.
49.965,-0.0285,0.9976,99.9,99.44,0.45,71.55,29.36,5.09,75.9,6.64,31.9,10.22,8.0,WIND_STALL,5.0,WIND_FARM,Command turbine blade pitch compensation & AGC governor reserve ramp.
49.683,-0.5276,0.9959,112.23,83.09,29.14,80.55,1.81,16.28,61.7,6.99,31.23,22.33,8.0,DATACENTER_SPIKE,20.9,AI_DATACENTER,AI cluster compute power cap & BESS localized peak shaving.
49.832,-0.2594,1.0006,99.86,81.74,18.12,70.42,1.02,15.72,72.1,7.29,29.11,9.92,8.0,NOMINAL,5.0,NONE,Nominal operating envelope. Spinning reserves active.
50.112,0.186,1.0016,100.63,108.46,-7.83,72.07,33.98,9.48,72.2,7.03,29.32,10.05,8.0,WIND_STALL,5.0,WIND_FARM,Command turbine blade pitch compensation & AGC governor reserve ramp.
49.964,-0.1356,0.9965,99.06,90.68,8.38,70.11,17.52,8.16,65.0,7.19,28.59,10.5,8.0,WIND_STALL,5.0,WIND_FARM,Command turbine blade pitch compensation & AGC governor reserve ramp.
50.613,0.9401,1.0227,99.73,119.45,-19.71,72.01,34.88,19.57,28.1,6.49,30.85,10.03,8.0,BESS_OUTAGE,25.0,BESS_STATION,Emergency demand-response load curtailment. Fast-trip substation feeder protection armed.
50.067,0.0889,1.0026,99.65,103.97,-4.32,70.55,28.91,10.05,58.1,6.88,30.17,10.28,8.0,NOMINAL,5.0,NONE,Nominal operating envelope. Spinning reserves active.
49.779,-0.2288,1.0007,99.68,81.63,18.05,71.5,4.85,11.78,71.6,6.74,29.82,9.69,8.0,SOLAR_DROP,7.4,SOLAR_FARM,Inject BESS synthetic inertia +15MW & ramp utility interconnect spinning reserve.
50.249,0.5151,1.0067,98.65,118.46,-19.81,69.98,34.65,18.81,51.8,6.66,29.83,9.27,8.0,NOMINAL,5.0,NONE,Nominal operating envelope. Spinning reserves active.
49.94,-0.1169,1.0022,116.36,108.62,7.74,83.49,31.62,12.0,42.7,6.94,46.42,9.97,8.0,INDUSTRIAL_INRUSH,13.9,INDUSTRIAL,Activate STATCOM reactive voltage support & engage interruptible tariff shedding.
50.629,1.0838,1.0213,100.42,119.93,-19.51,71.36,34.98,19.95,21.3,6.52,30.52,10.35,8.0,BESS_OUTAGE,25.0,BESS_STATION,Emergency demand-response load curtailment. Fast-trip substation feeder protection armed.
50.064,0.1115,1.0075,100.76,102.68,-1.92,71.99,27.61,10.07,24.0,7.6,30.29,9.28,8.0,BESS_OUTAGE,25.0,BESS_STATION,Emergency demand-response load curtailment. Fast-trip substation feeder protection armed.
49.946,-0.0545,1.0004,98.15,94.93,3.22,70.65,12.22,17.7,64.4,6.59,29.1,10.03,8.0,SOLAR_DROP,5.0,SOLAR_FARM,Inject BESS synthetic inertia +15MW & ramp utility interconnect spinning reserve.
49.798,-0.4207,0.9938,109.25,84.25,25.0,78.74,2.5,16.75,82.8,7.2,28.82,20.7,8.0,DATACENTER_SPIKE,15.9,AI_DATACENTER,AI cluster compute power cap & BESS localized peak shaving.
49.951,-0.0455,1.0013,112.86,108.23,4.63,81.08,31.45,11.78,41.7,6.66,29.32,23.66,8.0,DATACENTER_SPIKE,10.2,AI_DATACENTER,AI cluster compute power cap & BESS localized peak shaving.
50.061,0.0782,1.0071,99.1,101.03,-1.93,70.46,24.02,12.01,54.3,6.97,30.06,9.66,8.0,NOMINAL,5.0,NONE,Nominal operating envelope. Spinning reserves active.
49.922,-0.1944,0.9908,96.18,82.64,13.54,68.1,7.63,10.02,63.3,6.7,27.86,9.83,8.0,SOLAR_DROP,8.3,SOLAR_FARM,Inject BESS synthetic inertia +15MW & ramp utility interconnect spinning reserve.
50.08,0.1665,0.9995,101.17,108.53,-7.36,72.09,34.27,9.26,81.9,6.81,29.97,10.32,8.0,WIND_STALL,5.0,WIND_FARM,Command turbine blade pitch compensation & AGC governor reserve ramp.
49.997,0.044,0.9951,112.98,113.67,-0.69,81.28,33.4,15.27,76.0,7.14,28.19,25.03,8.0,DATACENTER_SPIKE,12.0,AI_DATACENTER,AI cluster compute power cap & BESS localized peak shaving.
49.914,-0.143,0.9978,110.98,100.62,10.36,79.7,20.99,14.63,72.2,6.64,42.81,9.09,8.0,INDUSTRIAL_INRUSH,10.8,INDUSTRIAL,Activate STATCOM reactive voltage support & engage interruptible tariff shedding.
50.411,0.8052,1.0094,101.56,113.18,-11.62,72.45,33.25,14.92,21.3,7.07,30.35,10.41,8.0,BESS_OUTAGE,25.0,BESS_STATION,Emergency demand-response load curtailment. Fast-trip substation feeder protection armed.
49.922,-0.1741,0.9988,100.91,90.14,10.77,71.94,15.56,9.58,41.4,6.87,30.97,10.01,8.0,WIND_STALL,5.0,WIND_FARM,Command turbine blade pitch compensation & AGC governor reserve ramp.
50.05,0.0529,0.9971,116.52,117.87,-1.35,84.26,34.51,18.36,43.3,6.84,46.62,10.26,8.0,INDUSTRIAL_INRUSH,14.8,INDUSTRIAL,Activate STATCOM reactive voltage support & engage interruptible tariff shedding.
50.064,0.0778,1.0039,98.55,101.89,-3.34,71.02,26.42,10.46,81.7,6.94,28.91,10.12,8.0,NOMINAL,5.0,NONE,Nominal operating envelope. Spinning reserves active.
49.926,-0.06,0.9989,123.56,118.19,5.37,88.76,34.59,18.6,60.3,27.26,31.57,10.76,8.0,EV_SURGE,22.4,EV_PLAZA,Dispatch BESS +18MW & Throttle EV Plaza chargers by 25%. Hospital locked immune.
50.038,0.0551,1.0048,101.83,102.98,-1.15,72.63,27.97,10.02,79.0,6.69,32.16,10.18,8.0,NOMINAL,5.0,NONE,Nominal operating envelope. Spinning reserves active.
49.987,-0.0334,1.0045,99.9,97.1,2.8,71.19,12.21,19.89,76.9,6.74,29.32,10.56,8.0,NOMINAL,5.0,NONE,Nominal operating envelope. Spinning reserves active.
50.0,0.0496,0.9994,117.0,119.06,-2.06,84.13,34.79,19.27,60.1,6.76,31.85,25.27,8.0,DATACENTER_SPIKE,13.1,AI_DATACENTER,AI cluster compute power cap & BESS localized peak shaving.
50.191,0.3533,1.0109,98.3,111.83,-13.53,70.59,32.83,14.01,64.6,6.85,28.57,9.63,8.0,NOMINAL,5.0,NONE,Nominal operating envelope. Spinning reserves active.
49.727,-0.506,0.9957,115.65,87.56,28.09,84.09,4.54,18.03,52.7,6.61,43.75,10.2,8.0,INDUSTRIAL_INRUSH,24.5,INDUSTRIAL,Activate STATCOM reactive voltage support & engage interruptible tariff shedding.
50.12,0.1456,1.0071,98.0,107.13,-9.13,70.03,34.32,7.81,53.9,6.99,28.81,9.88,8.0,WIND_STALL,5.0,WIND_FARM,Command turbine blade pitch compensation & AGC governor reserve ramp.
49.821,-0.2419,0.9969,119.49,101.37,18.12,85.37,25.24,11.13,47.4,24.83,30.69,10.01,8.0,EV_SURGE,22.4,EV_PLAZA,Dispatch BESS +18MW & Throttle EV Plaza chargers by 25%. Hospital locked immune.
50.215,0.3833,1.0101,98.52,116.34,-17.82,69.17,34.13,17.2,79.7,7.04,28.53,9.78,8.0,NOMINAL,5.0,NONE,Nominal operating envelope. Spinning reserves active.
50.021,0.0564,0.9995,99.35,100.25,-0.9,70.97,18.5,16.74,81.7,7.17,29.56,9.66,8.0,NOMINAL,5.0,NONE,Nominal operating envelope. Spinning reserves active.
49.932,-0.1379,0.9984,111.11,100.63,10.47,80.09,21.12,14.51,50.9,7.02,40.29,9.86,8.0,INDUSTRIAL_INRUSH,10.4,INDUSTRIAL,Activate STATCOM reactive voltage support & engage interruptible tariff shedding.
49.862,-0.1976,0.9922,114.97,100.24,14.72,82.98,18.49,16.76,84.0,7.36,45.32,9.76,8.0,INDUSTRIAL_INRUSH,20.6,INDUSTRIAL,Activate STATCOM reactive voltage support & engage interruptible tariff shedding.
50.097,0.1859,1.0084,111.85,118.75,-6.9,79.58,34.72,19.03,80.5,7.08,31.89,20.19,8.0,DATACENTER_SPIKE,6.4,AI_DATACENTER,AI cluster compute power cap & BESS localized peak shaving.
49.935,-0.1295,0.9961,99.65,89.71,9.94,71.84,5.94,18.77,65.7,7.2,29.87,10.37,8.0,NOMINAL,5.0,NONE,Nominal operating envelope. Spinning reserves active.
50.166,0.3173,1.004,99.41,112.64,-13.23,70.29,33.09,14.55,62.0,6.95,30.25,9.54,8.0,NOMINAL,5.0,NONE,Nominal operating envelope. Spinning reserves active.
49.739,-0.3567,0.9911,100.99,92.09,8.89,71.69,7.64,19.46,27.0,6.76,30.89,9.53,8.0,BESS_OUTAGE,39.2,BESS_STATION,Emergency demand-response load curtailment. Fast-trip substation feeder protection armed.
49.9,-0.2714,0.9946,119.49,102.81,16.68,85.52,27.77,10.04,56.0,6.94,48.94,10.17,8.0,INDUSTRIAL_INRUSH,21.4,INDUSTRIAL,Activate STATCOM reactive voltage support & engage interruptible tariff shedding.
49.919,-0.0844,0.9994,98.41,90.93,7.47,69.64,6.63,19.3,40.5,6.46,30.4,9.48,8.0,SOLAR_DROP,5.0,SOLAR_FARM,Inject BESS synthetic inertia +15MW & ramp utility interconnect spinning reserve.
49.847,-0.2153,0.9948,99.75,80.31,19.44,71.6,0.18,15.13,50.5,7.35,30.51,9.29,8.0,NOMINAL,5.0,NONE,Nominal operating envelope. Spinning reserves active.
49.892,-0.2149,0.995,99.13,81.03,18.1,71.34,5.72,10.31,49.4,6.63,30.26,9.9,8.0,SOLAR_DROP,6.7,SOLAR_FARM,Inject BESS synthetic inertia +15MW & ramp utility interconnect spinning reserve.
50.041,-0.0053,1.0015,98.45,98.37,0.08,70.29,13.93,19.45,30.3,7.4,28.72,9.79,8.0,BESS_OUTAGE,25.0,BESS_STATION,Emergency demand-response load curtailment. Fast-trip substation feeder protection armed.
49.993,-0.0072,0.9982,101.94,101.82,0.12,73.86,26.29,10.53,67.8,7.1,30.03,9.24,8.0,NOMINAL,5.0,NONE,Nominal operating envelope. Spinning reserves active.
49.968,-0.0274,0.9957,116.15,113.38,2.77,82.98,33.31,15.06,64.3,23.78,30.66,9.51,8.0,EV_SURGE,14.9,EV_PLAZA,Dispatch BESS +18MW & Throttle EV Plaza chargers by 25%. Hospital locked immune.
49.962,-0.0903,0.9935,115.96,114.58,1.38,82.91,33.66,15.92,80.6,23.75,27.64,9.9,8.0,EV_SURGE,16.4,EV_PLAZA,Dispatch BESS +18MW & Throttle EV Plaza chargers by 25%. Hospital locked immune.
49.947,-0.0891,0.9968,101.95,95.85,6.1,72.25,10.89,19.96,75.0,6.78,31.95,9.81,8.0,SOLAR_DROP,5.0,SOLAR_FARM,Inject BESS synthetic inertia +15MW & ramp utility interconnect spinning reserve.
50.089,0.2146,1.0015,99.3,108.29,-8.99,71.47,31.48,11.81,45.5,6.98,29.03,10.55,8.0,NOMINAL,5.0,NONE,Nominal operating envelope. Spinning reserves active.
49.867,-0.2178,0.995,100.31,87.76,12.55,71.39,3.19,19.57,40.6,7.05,30.65,9.7,8.0,SOLAR_DROP,7.6,SOLAR_FARM,Inject BESS synthetic inertia +15MW & ramp utility interconnect spinning reserve.
50.095,0.1151,1.0022,112.36,118.62,-6.26,79.48,34.69,18.93,63.2,7.14,41.8,10.68,8.0,INDUSTRIAL_INRUSH,6.3,INDUSTRIAL,Activate STATCOM reactive voltage support & engage interruptible tariff shedding.
50.029,0.0893,1.0046,100.0,101.63,-1.64,72.03,25.91,10.72,31.8,6.9,29.85,9.33,8.0,BESS_OUTAGE,25.0,BESS_STATION,Emergency demand-response load curtailment. Fast-trip substation feeder protection armed.
50.261,0.3554,1.0092,98.54,107.27,-8.74,70.61,31.0,11.27,36.6,6.95,29.28,10.24,8.0,BESS_OUTAGE,25.0,BESS_STATION,Emergency demand-response load curtailment. Fast-trip substation feeder protection armed.
50.103,0.1645,1.0016,98.22,104.54,-6.32,70.1,29.37,10.18,80.5,7.26,29.53,9.97,8.0,NOMINAL,5.0,NONE,Nominal operating envelope. Spinning reserves active.
49.809,-0.3129,0.9963,113.04,93.54,19.5,81.02,8.77,19.77,56.7,18.97,29.34,10.77,8.0,EV_SURGE,17.1,EV_PLAZA,Dispatch BESS +18MW & Throttle EV Plaza chargers by 25%. Hospital locked immune.
49.904,-0.1117,0.9913,99.8,91.12,8.68,71.59,7.0,19.13,83.9,7.8,28.19,9.44,8.0,SOLAR_DROP,8.6,SOLAR_FARM,Inject BESS synthetic inertia +15MW & ramp utility interconnect spinning reserve.
49.937,-0.046,0.997,101.29,97.85,3.44,72.39,13.17,19.68,44.0,6.83,31.25,10.47,8.0,NOMINAL,5.0,NONE,Nominal operating envelope. Spinning reserves active.
50.061,0.0588,1.0002,100.0,101.19,-1.2,71.81,24.68,11.51,29.6,6.9,30.87,10.15,8.0,BESS_OUTAGE,25.0,BESS_STATION,Emergency demand-response load curtailment. Fast-trip substation feeder protection armed.
50.001,-0.0364,0.9965,100.13,97.78,2.35,71.25,13.07,19.71,65.6,6.75,29.25,10.19,8.0,NOMINAL,5.0,NONE,Nominal operating envelope. Spinning reserves active.
50.031,0.0916,1.0035,113.21,117.47,-4.26,80.69,34.42,18.05,53.8,6.79,44.97,10.05,8.0,INDUSTRIAL_INRUSH,8.0,INDUSTRIAL,Activate STATCOM reactive voltage support & engage interruptible tariff shedding.
50.243,0.3437,1.0094,99.01,117.69,-18.68,70.68,34.47,18.22,62.3,7.13,29.26,9.9,8.0,NOMINAL,5.0,NONE,Nominal operating envelope. Spinning reserves active.
49.873,-0.2679,0.9985,117.33,98.73,18.6,84.97,14.51,19.22,67.3,6.79,46.41,10.01,8.0,INDUSTRIAL_INRUSH,19.1,INDUSTRIAL,Activate STATCOM reactive voltage support & engage interruptible tariff shedding.
49.953,-0.1238,0.9947,103.43,94.71,8.72,73.66,9.77,19.94,40.8,7.13,31.26,9.77,8.0,NOMINAL,5.0,NONE,Nominal operating envelope. Spinning reserves active.
50.21,0.4369,1.0067,101.62,108.9,-7.28,71.98,31.74,12.16,30.8,6.53,31.25,9.82,8.0,BESS_OUTAGE,25.0,BESS_STATION,Emergency demand-response load curtailment. Fast-trip substation feeder protection armed.
50.034,0.0709,1.0044,111.89,115.65,-3.75,80.32,33.95,16.69,83.5,6.87,30.94,21.22,8.0,DATACENTER_SPIKE,7.5,AI_DATACENTER,AI cluster compute power cap & BESS localized peak shaving.
50.158,0.1767,1.0023,111.52,119.71,-8.19,79.62,34.94,19.77,72.5,7.39,40.25,9.22,8.0,INDUSTRIAL_INRUSH,6.5,INDUSTRIAL,Activate STATCOM reactive voltage support & engage interruptible tariff shedding.
49.976,-0.1116,0.9993,121.17,119.5,1.68,86.56,34.89,19.61,51.5,27.78,30.63,9.85,8.0,EV_SURGE,17.4,EV_PLAZA,Dispatch BESS +18MW & Throttle EV Plaza chargers by 25%. Hospital locked immune.
50.228,0.4551,1.0033,101.85,119.14,-17.29,72.26,34.81,19.33,46.0,7.32,31.53,9.65,8.0,NOMINAL,5.0,NONE,Nominal operating envelope. Spinning reserves active.
49.962,-0.0038,0.9987,99.34,99.25,0.09,71.06,29.3,4.95,65.7,6.69,28.53,9.96,8.0,WIND_STALL,5.0,WIND_FARM,Command turbine blade pitch compensation & AGC governor reserve ramp.
50.009,-0.0731,0.998,98.52,93.93,4.59,70.39,24.12,4.81,59.7,7.12,28.35,9.84,8.0,WIND_STALL,5.0,WIND_FARM,Command turbine blade pitch compensation & AGC governor reserve ramp.
50.006,0.0208,0.9974,102.14,102.63,-0.49,72.55,27.54,10.08,65.0,6.82,31.34,9.9,8.0,NOMINAL,5.0,NONE,Nominal operating envelope. Spinning reserves active.
50.096,0.089,1.0073,99.43,104.89,-5.47,71.38,32.37,7.52,55.4,6.66,29.16,9.85,8.0,WIND_STALL,5.0,WIND_FARM,Command turbine blade pitch compensation & AGC governor reserve ramp.
49.957,-0.0579,0.9973,98.95,93.64,5.31,71.27,23.06,5.59,57.2,6.94,29.29,10.34,8.0,WIND_STALL,5.0,WIND_FARM,Command turbine blade pitch compensation & AGC governor reserve ramp.
50.07,0.1509,0.9993,112.57,119.05,-6.48,81.17,34.79,19.26,84.3,7.04,43.5,9.7,8.0,INDUSTRIAL_INRUSH,9.1,INDUSTRIAL,Activate STATCOM reactive voltage support & engage interruptible tariff shedding.
50.006,0.0685,1.0009,115.82,118.87,-3.05,83.3,34.75,19.12,41.2,7.03,30.1,24.89,8.0,DATACENTER_SPIKE,11.6,AI_DATACENTER,AI cluster compute power cap & BESS localized peak shaving.
50.12,0.116,1.0049,99.99,107.52,-7.53,71.57,34.77,7.75,80.4,6.41,29.56,10.32,8.0,WIND_STALL,5.0,WIND_FARM,Command turbine blade pitch compensation & AGC governor reserve ramp.
50.092,0.2086,1.0011,111.21,119.34,-8.13,79.1,34.85,19.48,62.8,7.35,28.81,21.46,8.0,DATACENTER_SPIKE,5.7,AI_DATACENTER,AI cluster compute power cap & BESS localized peak shaving.
49.943,-0.1967,0.993,102.95,91.73,11.22,74.29,6.77,19.95,83.2,7.28,31.85,10.41,8.0,SOLAR_DROP,6.3,SOLAR_FARM,Inject BESS synthetic inertia +15MW & ramp utility interconnect spinning reserve.
50.627,1.0262,1.0187,97.96,117.46,-19.5,69.22,34.41,18.05,37.4,6.51,29.88,10.03,8.0,BESS_OUTAGE,25.0,BESS_STATION,Emergency demand-response load curtailment. Fast-trip substation feeder protection armed.
49.953,-0.0806,1.0044,113.71,108.48,5.23,82.54,31.56,11.92,40.4,6.65,45.95,10.02,8.0,INDUSTRIAL_INRUSH,12.1,INDUSTRIAL,Activate STATCOM reactive voltage support & engage interruptible tariff shedding.
49.799,-0.4148,0.9934,114.72,88.11,26.6,83.05,4.89,18.22,79.3,6.66,31.92,22.5,8.0,DATACENTER_SPIKE,22.1,AI_DATACENTER,AI cluster compute power cap & BESS localized peak shaving.
49.937,-0.038,0.9964,114.92,114.2,0.72,82.77,33.55,15.64,53.5,6.99,44.64,10.5,8.0,INDUSTRIAL_INRUSH,15.2,INDUSTRIAL,Activate STATCOM reactive voltage support & engage interruptible tariff shedding.
49.647,-0.7152,0.9881,116.2,84.64,31.56,84.52,2.73,16.91,58.0,22.75,29.22,10.75,8.0,EV_SURGE,32.6,EV_PLAZA,Dispatch BESS +18MW & Throttle EV Plaza chargers by 25%. Hospital locked immune.
50.054,0.0849,1.0014,98.61,103.14,-4.53,70.45,32.42,5.72,67.5,7.0,29.22,10.28,8.0,WIND_STALL,5.0,WIND_FARM,Command turbine blade pitch compensation & AGC governor reserve ramp.
50.11,0.1695,1.0091,113.1,119.58,-6.48,81.09,34.91,19.67,78.3,20.38,30.85,10.03,8.0,EV_SURGE,8.5,EV_PLAZA,Dispatch BESS +18MW & Throttle EV Plaza chargers by 25%. Hospital locked immune.
49.981,-0.075,0.9975,98.43,93.97,4.46,70.07,9.13,19.84,54.2,7.19,29.41,9.87,8.0,NOMINAL,5.0,NONE,Nominal operating envelope. Spinning reserves active.
49.919,-0.2495,0.9957,108.84,93.07,15.76,78.04,8.39,19.68,63.1,6.95,30.19,19.95,8.0,DATACENTER_SPIKE,9.6,AI_DATACENTER,AI cluster compute power cap & BESS localized peak shaving.
49.916,-0.1358,0.9993,101.99,91.29,10.69,72.65,7.05,19.24,72.9,6.6,31.41,10.11,8.0,NOMINAL,5.0,NONE,Nominal operating envelope. Spinning reserves active.
50.011,0.03,1.0013,100.14,100.73,-0.58,71.72,22.0,13.73,33.3,7.15,30.49,9.85,8.0,BESS_OUTAGE,25.0,BESS_STATION,Emergency demand-response load curtailment. Fast-trip substation feeder protection armed.
50.01,0.0134,0.9987,101.01,101.35,-0.34,71.92,25.18,11.17,84.6,6.48,30.73,9.92,8.0,NOMINAL,5.0,NONE,Nominal operating envelope. Spinning reserves active.
50.033,0.0336,0.9959,103.04,103.7,-0.66,74.45,28.68,10.02,47.6,7.84,31.17,9.75,8.0,NOMINAL,5.0,NONE,Nominal operating envelope. Spinning reserves active.
49.867,-0.211,0.9969,101.48,83.32,18.16,72.79,5.88,12.44,78.1,6.23,30.41,10.49,8.0,SOLAR_DROP,6.4,SOLAR_FARM,Inject BESS synthetic inertia +15MW & ramp utility interconnect spinning reserve.
49.891,-0.1759,0.9983,112.88,100.93,11.95,81.45,23.48,12.45,48.7,7.11,43.58,9.96,8.0,INDUSTRIAL_INRUSH,13.7,INDUSTRIAL,Activate STATCOM reactive voltage support & engage interruptible tariff shedding.
49.869,-0.2949,0.9926,121.72,104.47,17.25,88.0,29.31,10.16,59.1,27.35,30.7,9.94,8.0,EV_SURGE,27.2,EV_PLAZA,Dispatch BESS +18MW & Throttle EV Plaza chargers by 25%. Hospital locked immune.
50.046,0.0493,1.0077,115.34,118.24,-2.9,82.64,34.6,18.64,42.6,22.87,30.19,9.85,8.0,EV_SURGE,10.7,EV_PLAZA,Dispatch BESS +18MW & Throttle EV Plaza chargers by 25%. Hospital locked immune.
49.782,-0.2954,0.9905,115.52,92.49,23.03,84.3,7.94,19.55,61.6,7.09,31.83,24.35,8.0,DATACENTER_SPIKE,26.2,AI_DATACENTER,AI cluster compute power cap & BESS localized peak shaving.
49.88,-0.1603,0.9957,102.62,91.02,11.61,72.8,6.85,19.17,64.8,6.87,32.05,10.18,8.0,NOMINAL,5.0,NONE,Nominal operating envelope. Spinning reserves active.
49.865,-0.1691,0.9931,116.1,100.14,15.97,83.4,18.01,17.12,68.3,6.72,30.37,24.12,8.0,DATACENTER_SPIKE,20.6,AI_DATACENTER,AI cluster compute power cap & BESS localized peak shaving.
50.118,0.2064,0.9961,98.85,107.56,-8.71,70.96,31.14,11.42,43.4,7.1,29.32,9.89,8.0,NOMINAL,5.0,NONE,Nominal operating envelope. Spinning reserves active.
50.02,0.0518,1.0028,114.26,117.08,-2.82,82.06,34.32,17.76,74.8,20.64,29.92,10.07,8.0,EV_SURGE,9.9,EV_PLAZA,Dispatch BESS +18MW & Throttle EV Plaza chargers by 25%. Hospital locked immune.
49.944,-0.0718,1.0033,114.37,107.91,6.47,82.75,31.31,11.6,84.1,20.94,31.19,9.34,8.0,EV_SURGE,12.7,EV_PLAZA,Dispatch BESS +18MW & Throttle EV Plaza chargers by 25%. Hospital locked immune.
49.892,-0.2326,0.9955,114.09,100.58,13.51,81.42,20.68,14.91,42.4,22.57,28.87,9.75,8.0,EV_SURGE,15.4,EV_PLAZA,Dispatch BESS +18MW & Throttle EV Plaza chargers by 25%. Hospital locked immune.
50.064,0.1805,1.0051,110.0,116.86,-6.86,78.54,34.27,17.59,47.8,6.78,29.09,20.26,8.0,DATACENTER_SPIKE,5.0,AI_DATACENTER,AI cluster compute power cap & BESS localized peak shaving.
50.112,0.2756,1.0066,99.83,110.16,-10.33,71.71,32.24,12.92,72.4,6.89,29.82,9.42,8.0,NOMINAL,5.0,NONE,Nominal operating envelope. Spinning reserves active.
50.08,0.1221,1.0062,99.23,106.82,-7.59,69.95,33.47,8.35,48.7,6.75,30.18,10.8,8.0,WIND_STALL,5.0,WIND_FARM,Command turbine blade pitch compensation & AGC governor reserve ramp.
49.667,-0.4821,0.9878,112.48,82.74,29.74,80.38,1.61,16.14,64.4,6.81,30.36,24.82,8.0,DATACENTER_SPIKE,26.3,AI_DATACENTER,AI cluster compute power cap & BESS localized peak shaving.
49.892,-0.23,0.9927,99.65,82.96,16.69,70.73,7.63,10.33,65.4,7.18,30.45,9.78,8.0,WIND_STALL,8.2,WIND_FARM,Command turbine blade pitch compensation & AGC governor reserve ramp.
49.897,-0.126,0.9921,112.65,100.51,12.14,80.72,20.06,15.45,83.9,7.13,43.89,10.14,8.0,INDUSTRIAL_INRUSH,16.4,INDUSTRIAL,Activate STATCOM reactive voltage support & engage interruptible tariff shedding.
49.976,-0.0561,0.9981,109.09,105.26,3.83,79.01,29.86,10.39,62.8,7.09,29.09,19.7,8.0,DATACENTER_SPIKE,7.6,AI_DATACENTER,AI cluster compute power cap & BESS localized peak shaving.
49.785,-0.329,0.997,97.99,74.71,23.28,68.38,1.7,8.0,61.0,6.37,28.52,10.05,8.0,WIND_STALL,9.0,WIND_FARM,Command turbine blade pitch compensation & AGC governor reserve ramp.
49.883,-0.1261,0.9995,99.94,87.02,12.93,71.44,5.84,16.18,48.7,7.13,29.24,10.95,8.0,SOLAR_DROP,5.0,SOLAR_FARM,Inject BESS synthetic inertia +15MW & ramp utility interconnect spinning reserve.
50.011,0.0574,1.0061,114.59,118.08,-3.49,82.24,34.56,18.52,83.7,6.74,43.95,10.27,8.0,INDUSTRIAL_INRUSH,10.1,INDUSTRIAL,Activate STATCOM reactive voltage support & engage interruptible tariff shedding.
49.838,-0.2855,0.9921,101.79,84.16,17.64,73.26,2.44,16.71,75.5,7.42,30.86,10.39,8.0,NOMINAL,5.0,NONE,Nominal operating envelope. Spinning reserves active.
49.892,-0.2128,0.9955,100.3,85.21,15.09,72.21,9.31,10.9,60.6,7.4,29.12,10.14,8.0,WIND_STALL,6.4,WIND_FARM,Command turbine blade pitch compensation & AGC governor reserve ramp.
49.896,-0.2536,0.9988,115.31,100.3,15.01,82.99,18.73,16.56,62.3,22.37,30.99,9.68,8.0,EV_SURGE,15.4,EV_PLAZA,Dispatch BESS +18MW & Throttle EV Plaza chargers by 25%. Hospital locked immune.
49.868,-0.1911,0.9923,120.17,102.95,17.22,87.12,27.92,10.02,77.2,27.04,28.56,11.52,8.0,EV_SURGE,26.2,EV_PLAZA,Dispatch BESS +18MW & Throttle EV Plaza chargers by 25%. Hospital locked immune.
49.863,-0.1875,0.9997,99.83,81.53,18.3,71.58,0.41,16.11,58.7,6.74,31.25,9.41,8.0,SOLAR_DROP,5.0,SOLAR_FARM,Inject BESS synthetic inertia +15MW & ramp utility interconnect spinning reserve.
49.938,-0.0891,0.9956,97.61,90.2,7.42,68.44,9.27,15.93,65.1,7.17,27.46,10.08,8.0,SOLAR_DROP,5.0,SOLAR_FARM,Inject BESS synthetic inertia +15MW & ramp utility interconnect spinning reserve.
50.027,0.0326,1.0076,108.6,110.64,-2.04,77.8,32.42,13.23,84.1,7.32,39.54,9.32,8.0,INDUSTRIAL_INRUSH,5.0,INDUSTRIAL,Activate STATCOM reactive voltage support & engage interruptible tariff shedding.
49.486,-0.8207,0.9799,125.03,89.14,35.88,90.5,5.56,18.58,49.7,28.95,31.39,10.33,8.0,EV_SURGE,51.4,EV_PLAZA,Dispatch BESS +18MW & Throttle EV Plaza chargers by 25%. Hospital locked immune.
49.852,-0.212,0.9911,116.95,100.72,16.23,84.37,21.92,13.8,84.4,7.17,47.44,10.32,8.0,INDUSTRIAL_INRUSH,23.6,INDUSTRIAL,Activate STATCOM reactive voltage support & engage interruptible tariff shedding.
50.043,0.0406,1.0082,110.91,111.71,-0.8,79.07,32.79,13.92,65.9,7.32,30.3,19.58,8.0,DATACENTER_SPIKE,5.7,AI_DATACENTER,AI cluster compute power cap & BESS localized peak shaving.
49.944,-0.0617,1.0013,101.76,100.45,1.31,71.53,19.64,15.81,52.2,7.04,30.22,10.15,8.0,NOMINAL,5.0,NONE,Nominal operating envelope. Spinning reserves active.
50.064,0.0816,1.0025,100.98,105.44,-4.46,71.46,32.58,7.86,59.3,7.12,31.17,9.94,8.0,WIND_STALL,5.0,WIND_FARM,Command turbine blade pitch compensation & AGC governor reserve ramp.
50.074,0.1137,1.0038,99.57,101.49,-1.92,69.83,30.83,5.65,73.7,7.03,30.78,10.39,8.0,WIND_STALL,5.0,WIND_FARM,Command turbine blade pitch compensation & AGC governor reserve ramp.
49.831,-0.3365,0.9921,100.88,80.76,20.12,72.31,0.44,15.32,65.5,6.85,30.84,10.68,8.0,NOMINAL,5.0,NONE,Nominal operating envelope. Spinning reserves active.
49.903,-0.1292,1.0008,98.38,88.27,10.11,70.13,3.35,19.93,53.1,7.34,28.94,9.53,8.0,SOLAR_DROP,5.0,SOLAR_FARM,Inject BESS synthetic inertia +15MW & ramp utility interconnect spinning reserve.
49.874,-0.2194,0.996,98.97,85.54,13.43,70.06,3.28,17.26,66.0,7.0,28.37,9.66,8.0,NOMINAL,5.0,NONE,Nominal operating envelope. Spinning reserves active.
50.234,0.4782,1.0056,98.21,117.18,-18.97,69.41,34.34,17.83,50.3,6.38,28.66,9.79,8.0,NOMINAL,5.0,NONE,Nominal operating envelope. Spinning reserves active.
49.982,0.0012,0.9986,113.13,113.15,-0.02,80.79,33.25,14.91,54.2,19.66,30.22,10.25,8.0,EV_SURGE,9.6,EV_PLAZA,Dispatch BESS +18MW & Throttle EV Plaza chargers by 25%. Hospital locked immune.
49.858,-0.1776,0.9967,114.44,97.36,17.08,81.63,12.53,19.83,69.5,6.68,44.68,10.61,8.0,INDUSTRIAL_INRUSH,16.1,INDUSTRIAL,Activate STATCOM reactive voltage support & engage interruptible tariff shedding.
49.916,-0.1965,0.9994,114.9,101.95,12.95,83.3,26.53,10.42,58.6,7.09,44.61,10.33,8.0,INDUSTRIAL_INRUSH,14.8,INDUSTRIAL,Activate STATCOM reactive voltage support & engage interruptible tariff shedding.
50.626,1.0281,1.0173,99.75,119.96,-20.21,71.41,34.99,19.97,35.9,7.61,29.54,9.95,8.0,BESS_OUTAGE,25.0,BESS_STATION,Emergency demand-response load curtailment. Fast-trip substation feeder protection armed.
49.895,-0.1257,0.999,98.74,85.98,12.77,70.49,4.92,16.06,40.7,6.27,29.08,9.91,8.0,SOLAR_DROP,5.0,SOLAR_FARM,Inject BESS synthetic inertia +15MW & ramp utility interconnect spinning reserve.
49.949,-0.0734,0.9993,101.81,95.45,6.36,73.1,11.1,19.35,53.3,7.62,31.59,10.18,8.0,SOLAR_DROP,5.0,SOLAR_FARM,Inject BESS synthetic inertia +15MW & ramp utility interconnect spinning reserve.
50.235,0.4747,1.0063,99.95,117.84,-17.89,71.92,34.51,18.34,43.3,6.96,30.05,9.8,8.0,NOMINAL,5.0,NONE,Nominal operating envelope. Spinning reserves active.
49.945,-0.1005,0.9999,113.31,106.11,7.2,81.46,30.38,10.72,58.7,6.79,31.22,23.19,8.0,DATACENTER_SPIKE,10.9,AI_DATACENTER,AI cluster compute power cap & BESS localized peak shaving.
50.0,0.0531,1.0008,99.72,102.18,-2.46,71.5,26.91,10.26,47.6,7.23,30.36,10.18,8.0,NOMINAL,5.0,NONE,Nominal operating envelope. Spinning reserves active.
49.861,-0.2766,0.9946,116.27,99.45,16.83,82.51,15.94,18.51,81.6,7.05,47.53,9.88,8.0,INDUSTRIAL_INRUSH,18.5,INDUSTRIAL,Activate STATCOM reactive voltage support & engage interruptible tariff shedding.
49.952,-0.1105,0.9957,120.46,118.88,1.58,87.35,34.75,19.13,76.5,26.7,30.04,10.34,8.0,EV_SURGE,21.6,EV_PLAZA,Dispatch BESS +18MW & Throttle EV Plaza chargers by 25%. Hospital locked immune.
50.25,0.4939,1.0067,97.55,119.57,-22.02,69.51,34.9,19.66,42.6,6.35,27.48,10.53,8.0,NOMINAL,5.0,NONE,Nominal operating envelope. Spinning reserves active.
50.199,0.392,1.0051,99.42,113.66,-14.23,71.14,33.4,15.26,79.0,7.07,30.47,9.49,8.0,NOMINAL,5.0,NONE,Nominal operating envelope. Spinning reserves active.
49.902,-0.214,0.9931,103.25,90.39,12.86,74.47,5.86,19.53,84.3,7.02,31.89,10.52,8.0,SOLAR_DROP,7.6,SOLAR_FARM,Inject BESS synthetic inertia +15MW & ramp utility interconnect spinning reserve.
49.951,-0.1254,0.995,101.12,92.5,8.62,71.68,7.95,19.55,49.2,7.15,29.74,10.05,8.0,NOMINAL,5.0,NONE,Nominal operating envelope. Spinning reserves active.
49.909,-0.1782,0.9899,99.96,86.64,13.32,71.36,2.39,19.25,45.6,6.93,30.89,10.03,8.0,SOLAR_DROP,9.3,SOLAR_FARM,Inject BESS synthetic inertia +15MW & ramp utility interconnect spinning reserve.
49.664,-0.6003,0.9843,112.76,81.93,30.83,80.66,1.13,15.8,63.3,20.43,30.12,9.21,8.0,EV_SURGE,28.9,EV_PLAZA,Dispatch BESS +18MW & Throttle EV Plaza chargers by 25%. Hospital locked immune.
50.114,0.1354,1.0035,98.16,105.95,-7.79,70.28,30.3,10.66,65.8,6.59,29.44,10.43,8.0,NOMINAL,5.0,NONE,Nominal operating envelope. Spinning reserves active.
50.025,0.0687,0.9986,102.58,103.99,-1.4,73.91,28.93,10.06,80.5,6.41,32.66,10.5,8.0,NOMINAL,5.0,NONE,Nominal operating envelope. Spinning reserves active.
50.597,1.1438,1.0157,100.03,118.42,-18.38,71.56,34.64,18.78,24.0,7.16,30.37,10.01,8.0,BESS_OUTAGE,25.0,BESS_STATION,Emergency demand-response load curtailment. Fast-trip substation feeder protection armed.
49.591,-0.4807,0.9918,97.04,84.82,12.23,68.99,2.84,16.98,24.5,6.6,29.25,9.44,8.0,BESS_OUTAGE,43.7,BESS_STATION,Emergency demand-response load curtailment. Fast-trip substation feeder protection armed.
50.124,0.1299,1.0,101.87,108.53,-6.67,73.04,31.59,11.95,70.6,7.08,31.06,10.39,8.0,NOMINAL,5.0,NONE,Nominal operating envelope. Spinning reserves active.
50.017,0.0166,1.0013,97.89,98.24,-0.35,69.83,13.73,19.51,51.7,6.8,29.52,9.75,8.0,NOMINAL,5.0,NONE,Nominal operating envelope. Spinning reserves active.
49.903,-0.1823,1.0016,115.73,101.71,14.01,83.25,26.08,10.63,77.7,21.82,29.22,10.28,8.0,EV_SURGE,14.8,EV_PLAZA,Dispatch BESS +18MW & Throttle EV Plaza chargers by 25%. Hospital locked immune.
50.109,0.193,1.006,111.47,119.97,-8.5,80.72,34.99,19.98,71.1,6.76,42.96,9.59,8.0,INDUSTRIAL_INRUSH,8.0,INDUSTRIAL,Activate STATCOM reactive voltage support & engage interruptible tariff shedding.
50.034,0.0108,1.0005,100.45,100.62,-0.18,71.78,21.02,14.61,60.0,6.89,29.98,10.12,8.0,NOMINAL,5.0,NONE,Nominal operating envelope. Spinning reserves active.
50.031,0.0526,1.001,98.55,101.1,-2.55,71.59,24.3,11.8,49.0,7.15,30.78,8.82,8.0,NOMINAL,5.0,NONE,Nominal operating envelope. Spinning reserves active.
50.068,0.0894,1.0015,97.37,101.61,-4.24,70.05,25.86,10.75,55.6,7.02,30.08,9.82,8.0,NOMINAL,5.0,NONE,Nominal operating envelope. Spinning reserves active.
50.094,0.1163,1.0011,99.4,104.69,-5.29,70.74,32.34,7.35,59.2,7.21,28.38,9.73,8.0,WIND_STALL,5.0,WIND_FARM,Command turbine blade pitch compensation & AGC governor reserve ramp.
49.927,-0.1453,0.9996,114.93,104.9,10.03,82.47,29.62,10.28,82.6,6.58,45.42,9.59,8.0,INDUSTRIAL_INRUSH,13.1,INDUSTRIAL,Activate STATCOM reactive voltage support & engage interruptible tariff shedding.
49.997,-0.0596,0.9944,114.48,110.81,3.67,81.73,32.48,13.34,51.5,7.42,42.43,10.17,8.0,INDUSTRIAL_INRUSH,13.0,INDUSTRIAL,Activate STATCOM reactive voltage support & engage interruptible tariff shedding.
49.865,-0.2209,1.0006,98.43,81.84,16.59,70.35,4.39,12.46,48.7,7.1,29.43,10.26,8.0,SOLAR_DROP,5.0,SOLAR_FARM,Inject BESS synthetic inertia +15MW & ramp utility interconnect spinning reserve.
50.004,-0.0257,0.9992,100.3,97.8,2.5,72.95,13.09,19.7,57.5,7.25,29.49,9.67,8.0,NOMINAL,5.0,NONE,Nominal operating envelope. Spinning reserves active.
49.834,-0.3186,0.996,118.09,97.93,20.17,85.5,13.28,19.65,55.3,7.04,46.3,10.46,8.0,INDUSTRIAL_INRUSH,22.7,INDUSTRIAL,Activate STATCOM reactive voltage support & engage interruptible tariff shedding.
50.18,0.2614,1.0037,101.48,113.67,-12.19,72.54,33.4,15.27,52.7,7.06,29.88,10.1,8.0,NOMINAL,5.0,NONE,Nominal operating envelope. Spinning reserves active.
50.03,0.0922,0.9977,102.94,104.8,-1.86,73.78,29.55,10.24,84.8,6.88,32.47,10.32,8.0,NOMINAL,5.0,NONE,Nominal operating envelope. Spinning reserves active.
49.953,-0.1043,0.9921,102.87,101.25,1.63,74.27,16.43,19.81,80.4,7.1,31.76,10.45,8.0,SOLAR_DROP,6.5,SOLAR_FARM,Inject BESS synthetic inertia +15MW & ramp utility interconnect spinning reserve.
50.05,0.098,1.0011,109.6,111.24,-1.64,78.02,32.63,13.61,84.0,6.42,29.25,20.72,8.0,DATACENTER_SPIKE,5.0,AI_DATACENTER,AI cluster compute power cap & BESS localized peak shaving.
50.574,1.126,1.0137,100.29,118.01,-17.73,72.53,34.55,18.46,38.9,7.29,29.12,10.66,8.0,BESS_OUTAGE,25.0,BESS_STATION,Emergency demand-response load curtailment. Fast-trip substation feeder protection armed.
49.779,-0.3128,0.9928,101.7,94.47,7.23,73.29,9.56,19.91,24.9,6.84,32.3,9.5,8.0,BESS_OUTAGE,36.8,BESS_STATION,Emergency demand-response load curtailment. Fast-trip substation feeder protection armed.
49.865,-0.2792,0.9995,98.86,81.7,17.16,70.84,7.98,8.72,73.2,7.37,28.31,9.58,8.0,WIND_STALL,5.0,WIND_FARM,Command turbine blade pitch compensation & AGC governor reserve ramp.
50.031,0.0605,1.0073,101.19,103.76,-2.58,72.33,28.74,10.03,68.5,6.75,29.68,10.33,8.0,NOMINAL,5.0,NONE,Nominal operating envelope. Spinning reserves active.
49.851,-0.1863,0.9944,100.71,81.34,19.36,72.24,0.3,16.04,65.1,6.59,32.27,9.78,8.0,SOLAR_DROP,8.5,SOLAR_FARM,Inject BESS synthetic inertia +15MW & ramp utility interconnect spinning reserve.
50.11,0.1893,1.0038,98.9,107.12,-8.22,70.53,30.93,11.19,81.3,6.67,30.14,10.51,8.0,NOMINAL,5.0,NONE,Nominal operating envelope. Spinning reserves active.
49.965,-0.0429,0.9958,102.43,99.53,2.9,73.41,16.14,18.39,75.3,7.08,31.43,9.98,8.0,NOMINAL,5.0,NONE,Nominal operating envelope. Spinning reserves active.
49.894,-0.0866,0.9983,98.97,97.17,1.8,70.57,12.3,19.87,70.6,6.93,29.79,9.83,8.0,NOMINAL,5.0,NONE,Nominal operating envelope. Spinning reserves active.
49.874,-0.325,0.9948,118.21,99.05,19.16,86.11,15.09,18.95,64.0,24.48,30.2,9.87,8.0,EV_SURGE,23.0,EV_PLAZA,Dispatch BESS +18MW & Throttle EV Plaza chargers by 25%. Hospital locked immune.
49.486,-0.7773,0.9854,117.85,80.67,37.17,84.45,0.39,15.28,54.2,25.81,30.39,9.98,8.0,EV_SURGE,39.5,EV_PLAZA,Dispatch BESS +18MW & Throttle EV Plaza chargers by 25%. Hospital locked immune.
49.932,-0.1053,1.0042,97.99,87.69,10.31,70.01,4.62,18.07,56.3,7.61,28.31,9.56,8.0,NOMINAL,5.0,NONE,Nominal operating envelope. Spinning reserves active.
50.0,0.0384,0.9996,101.54,102.22,-0.68,73.48,26.98,10.24,68.2,6.95,30.52,10.75,8.0,NOMINAL,5.0,NONE,Nominal operating envelope. Spinning reserves active.
49.863,-0.3192,0.9937,124.01,105.79,18.22,89.55,30.2,10.59,60.8,27.8,31.59,9.84,8.0,EV_SURGE,28.9,EV_PLAZA,Dispatch BESS +18MW & Throttle EV Plaza chargers by 25%. Hospital locked immune.
50.25,0.2715,1.0053,99.16,116.03,-16.87,70.88,34.06,16.98,67.2,7.03,28.32,10.22,8.0,NOMINAL,5.0,NONE,Nominal operating envelope. Spinning reserves active.
50.177,0.412,1.0087,102.58,118.6,-16.02,73.35,34.68,18.91,55.7,6.69,32.11,9.98,8.0,NOMINAL,5.0,NONE,Nominal operating envelope. Spinning reserves active.
50.083,0.0365,0.9995,100.09,102.15,-2.05,71.34,26.86,10.28,73.6,7.01,30.69,10.44,8.0,NOMINAL,5.0,NONE,Nominal operating envelope. Spinning reserves active.
49.948,-0.1727,0.9969,100.21,89.83,10.37,70.85,6.03,18.81,63.4,7.06,30.01,9.59,8.0,NOMINAL,5.0,NONE,Nominal operating envelope. Spinning reserves active.
49.908,-0.1769,0.9928,115.0,101.36,13.64,83.18,25.22,11.14,69.9,7.52,29.4,24.24,8.0,DATACENTER_SPIKE,19.0,AI_DATACENTER,AI cluster compute power cap & BESS localized peak shaving.
50.093,0.1727,1.0039,108.71,116.82,-8.11,77.76,34.26,17.56,73.6,6.34,40.61,9.38,8.0,INDUSTRIAL_INRUSH,5.0,INDUSTRIAL,Activate STATCOM reactive voltage support & engage interruptible tariff shedding.
49.662,-0.6598,0.9912,119.01,88.58,30.43,85.91,5.19,18.39,44.2,27.08,29.74,9.18,8.0,EV_SURGE,32.1,EV_PLAZA,Dispatch BESS +18MW & Throttle EV Plaza chargers by 25%. Hospital locked immune.
49.97,-0.0895,0.9967,109.24,103.52,5.72,78.87,28.51,10.01,45.7,7.43,29.41,19.52,8.0,DATACENTER_SPIKE,8.4,AI_DATACENTER,AI cluster compute power cap & BESS localized peak shaving.
49.846,-0.2212,0.9932,114.95,96.73,18.22,82.9,11.79,19.95,84.4,22.16,28.73,10.93,8.0,EV_SURGE,20.5,EV_PLAZA,Dispatch BESS +18MW & Throttle EV Plaza chargers by 25%. Hospital locked immune.
49.882,-0.1608,0.9974,114.67,100.8,13.87,81.0,22.57,13.23,54.5,7.56,44.94,9.72,8.0,INDUSTRIAL_INRUSH,14.0,INDUSTRIAL,Activate STATCOM reactive voltage support & engage interruptible tariff shedding.
49.946,-0.0904,0.998,116.03,107.62,8.41,83.76,31.17,11.45,60.4,7.14,45.62,9.78,8.0,INDUSTRIAL_INRUSH,15.3,INDUSTRIAL,Activate STATCOM reactive voltage support & engage interruptible tariff shedding.
49.883,-0.2249,0.9937,99.58,84.67,14.9,71.38,8.49,11.19,64.4,6.53,29.94,9.51,8.0,SOLAR_DROP,7.9,SOLAR_FARM,Inject BESS synthetic inertia +15MW & ramp utility interconnect spinning reserve.
50.189,0.4417,1.0043,102.38,119.41,-17.04,72.52,34.87,19.54,66.3,7.38,30.98,10.04,8.0,NOMINAL,5.0,NONE,Nominal operating envelope. Spinning reserves active.
49.959,-0.0417,1.006,113.83,112.91,0.92,81.91,33.17,14.74,79.7,6.8,29.58,24.21,8.0,DATACENTER_SPIKE,11.0,AI_DATACENTER,AI cluster compute power cap & BESS localized peak shaving.
49.961,-0.1087,0.9977,111.95,104.82,7.12,80.47,29.57,10.25,42.4,7.21,42.1,9.73,8.0,INDUSTRIAL_INRUSH,10.4,INDUSTRIAL,Activate STATCOM reactive voltage support & engage interruptible tariff shedding.
50.106,0.1704,1.0009,101.16,104.58,-3.42,71.99,29.39,10.18,24.1,6.95,31.44,10.51,8.0,BESS_OUTAGE,25.0,BESS_STATION,Emergency demand-response load curtailment. Fast-trip substation feeder protection armed.
50.184,0.4068,1.0055,99.56,115.09,-15.53,70.92,33.8,16.29,46.4,7.09,31.18,10.5,8.0,NOMINAL,5.0,NONE,Nominal operating envelope. Spinning reserves active.
49.88,-0.2883,0.9923,117.39,100.53,16.86,84.03,20.25,15.29,84.7,7.05,45.75,9.83,8.0,INDUSTRIAL_INRUSH,21.5,INDUSTRIAL,Activate STATCOM reactive voltage support & engage interruptible tariff shedding.
49.908,-0.1693,0.9937,113.01,101.44,11.57,81.0,25.44,11.0,69.0,7.26,43.53,10.48,8.0,INDUSTRIAL_INRUSH,15.4,INDUSTRIAL,Activate STATCOM reactive voltage support & engage interruptible tariff shedding.
49.741,-0.3783,0.9927,112.15,84.97,27.18,80.47,2.93,17.03,47.7,7.55,42.1,10.03,8.0,INDUSTRIAL_INRUSH,20.9,INDUSTRIAL,Activate STATCOM reactive voltage support & engage interruptible tariff shedding.
49.867,-0.2036,1.0018,99.94,85.16,14.78,71.47,5.37,14.79,56.8,7.03,29.07,10.27,8.0,SOLAR_DROP,5.0,SOLAR_FARM,Inject BESS synthetic inertia +15MW & ramp utility interconnect spinning reserve.
50.107,0.194,1.0026,99.45,107.83,-8.38,70.71,31.27,11.56,41.0,7.13,29.65,10.39,8.0,NOMINAL,5.0,NONE,Nominal operating envelope. Spinning reserves active.
49.92,-0.1429,0.988,101.67,91.96,9.71,73.45,15.06,11.9,65.0,7.16,31.43,10.34,8.0,SOLAR_DROP,10.1,SOLAR_FARM,Inject BESS synthetic inertia +15MW & ramp utility interconnect spinning reserve.
50.017,0.0402,1.0016,99.92,102.37,-2.45,71.58,27.2,10.17,47.2,6.96,31.58,9.72,8.0,NOMINAL,5.0,NONE,Nominal operating envelope. Spinning reserves active.
49.914,-0.147,0.9975,120.72,107.35,13.37,87.27,31.04,11.31,43.2,27.9,28.89,10.27,8.0,EV_SURGE,21.6,EV_PLAZA,Dispatch BESS +18MW & Throttle EV Plaza chargers by 25%. Hospital locked immune.
50.045,0.1075,1.0064,98.35,102.89,-4.55,69.72,27.87,10.03,72.7,6.94,29.56,10.01,8.0,NOMINAL,5.0,NONE,Nominal operating envelope. Spinning reserves active.
49.839,-0.2612,0.9977,118.11,101.9,16.21,84.88,26.44,10.46,80.0,24.98,31.62,9.95,8.0,EV_SURGE,20.7,EV_PLAZA,Dispatch BESS +18MW & Throttle EV Plaza chargers by 25%. Hospital locked immune.
49.848,-0.1877,0.9926,120.13,100.69,19.44,86.49,21.64,14.05,72.3,25.05,32.13,10.2,8.0,EV_SURGE,25.8,EV_PLAZA,Dispatch BESS +18MW & Throttle EV Plaza chargers by 25%. Hospital locked immune.
49.934,-0.1295,0.9985,100.81,98.91,1.9,71.05,14.83,19.08,67.8,7.81,29.86,10.24,8.0,NOMINAL,5.0,NONE,Nominal operating envelope. Spinning reserves active.
50.079,0.0768,1.0054,102.58,107.26,-4.68,73.06,31.0,11.26,80.5,6.87,31.89,10.11,8.0,NOMINAL,5.0,NONE,Nominal operating envelope. Spinning reserves active.
50.004,0.0359,1.0004,98.0,98.9,-0.9,69.24,14.82,19.08,71.6,6.83,29.83,9.16,8.0,NOMINAL,5.0,NONE,Nominal operating envelope. Spinning reserves active.
49.896,-0.1844,0.9923,100.58,81.92,18.66,71.77,3.65,13.28,55.8,6.65,31.05,9.71,8.0,SOLAR_DROP,8.3,SOLAR_FARM,Inject BESS synthetic inertia +15MW & ramp utility interconnect spinning reserve.
50.219,0.3444,1.005,99.41,116.95,-17.54,71.23,34.29,17.66,63.3,6.97,29.38,10.19,8.0,NOMINAL,5.0,NONE,Nominal operating envelope. Spinning reserves active.
49.844,-0.1857,0.9976,114.36,95.88,18.49,82.06,10.88,20.0,55.3,6.87,44.39,9.62,8.0,INDUSTRIAL_INRUSH,16.6,INDUSTRIAL,Activate STATCOM reactive voltage support & engage interruptible tariff shedding.
49.821,-0.348,0.9936,116.91,92.83,24.08,84.07,8.2,19.63,82.1,24.63,29.4,9.74,8.0,EV_SURGE,22.6,EV_PLAZA,Dispatch BESS +18MW & Throttle EV Plaza chargers by 25%. Hospital locked immune.
50.037,0.0706,0.9989,100.97,104.0,-3.03,72.34,28.94,10.06,40.8,7.08,31.03,9.84,8.0,NOMINAL,5.0,NONE,Nominal operating envelope. Spinning reserves active.
49.844,-0.2938,0.9924,112.9,90.59,22.31,81.27,6.55,19.04,51.2,6.85,42.09,9.89,8.0,INDUSTRIAL_INRUSH,18.8,INDUSTRIAL,Activate STATCOM reactive voltage support & engage interruptible tariff shedding.
49.879,-0.2934,0.9915,117.62,99.62,18.0,84.24,16.36,18.26,63.1,23.8,29.42,10.27,8.0,EV_SURGE,22.3,EV_PLAZA,Dispatch BESS +18MW & Throttle EV Plaza chargers by 25%. Hospital locked immune.
49.949,-0.1031,0.9979,101.11,93.34,7.77,72.39,8.6,19.73,66.0,7.24,31.07,9.56,8.0,NOMINAL,5.0,NONE,Nominal operating envelope. Spinning reserves active.
49.94,-0.0398,1.0027,99.19,95.09,4.1,71.01,10.11,19.97,47.3,6.5,28.8,9.89,8.0,NOMINAL,5.0,NONE,Nominal operating envelope. Spinning reserves active.
49.824,-0.2599,0.9904,121.97,102.1,19.88,87.35,26.78,10.31,42.6,26.9,30.18,10.56,8.0,EV_SURGE,29.2,EV_PLAZA,Dispatch BESS +18MW & Throttle EV Plaza chargers by 25%. Hospital locked immune.
50.136,0.2298,1.0052,100.9,111.13,-10.24,71.72,32.59,13.54,82.1,7.25,30.12,10.05,8.0,NOMINAL,5.0,NONE,Nominal operating envelope. Spinning reserves active.
49.531,-0.8054,0.9895,115.04,80.14,34.9,82.75,0.08,15.06,65.1,22.58,28.92,11.37,8.0,EV_SURGE,33.0,EV_PLAZA,Dispatch BESS +18MW & Throttle EV Plaza chargers by 25%. Hospital locked immune.
50.247,0.3888,1.0067,101.17,119.99,-18.83,71.77,35.0,19.99,75.9,6.7,30.9,10.21,8.0,NOMINAL,5.0,NONE,Nominal operating envelope. Spinning reserves active.
49.968,-0.0369,1.0023,101.69,99.13,2.57,72.29,15.25,18.88,57.1,7.57,30.89,9.59,8.0,NOMINAL,5.0,NONE,Nominal operating envelope. Spinning reserves active.
49.924,-0.1274,0.9971,108.93,99.72,9.21,77.91,16.64,18.08,77.7,7.11,26.93,22.43,8.0,DATACENTER_SPIKE,8.4,AI_DATACENTER,AI cluster compute power cap & BESS localized peak shaving.
49.874,-0.1699,0.9959,109.6,97.01,12.6,79.78,12.1,19.91,76.5,7.11,29.77,21.42,8.0,DATACENTER_SPIKE,13.4,AI_DATACENTER,AI cluster compute power cap & BESS localized peak shaving.
50.095,0.0942,1.0051,98.3,103.94,-5.64,70.13,28.89,10.05,67.0,6.87,30.51,9.75,8.0,NOMINAL,5.0,NONE,Nominal operating envelope. Spinning reserves active.
50.262,0.291,1.0073,99.16,118.1,-18.94,70.4,34.57,18.53,54.6,6.7,30.31,9.91,8.0,NOMINAL,5.0,NONE,Nominal operating envelope. Spinning reserves active.
49.767,-0.2462,0.9968,97.73,72.41,25.32,70.14,0.56,6.85,71.3,6.99,27.33,9.91,8.0,WIND_STALL,9.8,WIND_FARM,Command turbine blade pitch compensation & AGC governor reserve ramp.
49.836,-0.2736,0.9964,99.25,79.59,19.65,70.84,4.44,10.15,46.4,7.62,30.65,10.46,8.0,SOLAR_DROP,7.7,SOLAR_FARM,Inject BESS synthetic inertia +15MW & ramp utility interconnect spinning reserve.
50.057,0.0592,1.0088,101.66,102.71,-1.05,72.76,27.65,10.06,83.7,7.54,31.27,9.69,8.0,NOMINAL,5.0,NONE,Nominal operating envelope. Spinning reserves active.
49.967,-0.0596,0.9978,100.68,96.33,4.35,71.42,11.35,19.98,62.6,7.16,32.12,9.61,8.0,NOMINAL,5.0,NONE,Nominal operating envelope. Spinning reserves active.
49.973,-0.0882,1.0008,117.63,110.42,7.21,83.71,32.34,13.09,59.5,7.28,48.42,10.64,8.0,INDUSTRIAL_INRUSH,13.1,INDUSTRIAL,Activate STATCOM reactive voltage support & engage interruptible tariff shedding.
49.974,-0.022,0.9951,101.12,100.63,0.49,71.57,21.08,14.55,81.2,7.1,30.83,10.46,8.0,NOMINAL,5.0,NONE,Nominal operating envelope. Spinning reserves active.
50.009,0.0559,1.0055,101.84,104.2,-2.36,72.62,29.11,10.1,49.6,6.85,30.52,10.15,8.0,NOMINAL,5.0,NONE,Nominal operating envelope. Spinning reserves active.
49.962,-0.0936,0.9948,101.6,95.94,5.66,73.18,10.94,20.0,51.1,6.84,32.3,9.9,8.0,NOMINAL,5.0,NONE,Nominal operating envelope. Spinning reserves active.
49.92,-0.0913,1.0018,108.99,101.44,7.55,78.55,25.44,11.0,70.5,6.93,30.04,18.13,8.0,DATACENTER_SPIKE,7.6,AI_DATACENTER,AI cluster compute power cap & BESS localized peak shaving.
49.991,-0.0096,1.0006,117.44,117.21,0.23,83.72,34.35,17.86,79.7,25.04,30.17,9.86,8.0,EV_SURGE,12.5,EV_PLAZA,Dispatch BESS +18MW & Throttle EV Plaza chargers by 25%. Hospital locked immune.
49.892,-0.1904,1.0022,98.02,83.26,14.77,70.62,8.25,10.0,50.9,7.1,28.96,9.47,8.0,SOLAR_DROP,5.0,SOLAR_FARM,Inject BESS synthetic inertia +15MW & ramp utility interconnect spinning reserve.
49.831,-0.2617,0.9958,100.99,82.16,18.83,72.58,0.51,16.65,46.5,7.09,29.06,9.92,8.0,SOLAR_DROP,8.3,SOLAR_FARM,Inject BESS synthetic inertia +15MW & ramp utility interconnect spinning reserve.
50.264,0.5136,1.0113,97.21,104.98,-7.77,68.47,29.68,10.3,39.3,6.71,27.75,9.92,8.0,BESS_OUTAGE,25.0,BESS_STATION,Emergency demand-response load curtailment. Fast-trip substation feeder protection armed.
49.888,-0.2002,0.9951,114.02,100.56,13.46,81.83,20.49,15.08,60.9,6.54,29.24,25.24,8.0,DATACENTER_SPIKE,16.3,AI_DATACENTER,AI cluster compute power cap & BESS localized peak shaving.
50.059,0.0438,0.9958,100.59,101.48,-0.89,71.57,25.55,10.93,60.9,7.45,28.61,9.78,8.0,NOMINAL,5.0,NONE,Nominal operating envelope. Spinning reserves active.
49.861,-0.2287,0.9962,98.89,81.18,17.7,70.91,0.69,15.49,54.1,6.78,30.09,9.53,8.0,NOMINAL,5.0,NONE,Nominal operating envelope. Spinning reserves active.
50.051,0.0752,0.9972,110.64,111.87,-1.23,79.26,32.84,14.03,44.1,7.22,29.44,21.23,8.0,DATACENTER_SPIKE,7.7,AI_DATACENTER,AI cluster compute power cap & BESS localized peak shaving.
50.037,0.1364,1.0064,98.68,103.79,-5.11,71.58,28.76,10.03,68.3,6.64,29.76,10.12,8.0,NOMINAL,5.0,NONE,Nominal operating envelope. Spinning reserves active.
49.865,-0.1273,0.9955,99.14,86.48,12.67,70.11,2.58,18.89,83.7,6.52,28.44,9.66,8.0,SOLAR_DROP,7.3,SOLAR_FARM,Inject BESS synthetic inertia +15MW & ramp utility interconnect spinning reserve.
49.978,-0.0919,1.0011,102.37,96.89,5.48,73.41,11.89,20.0,58.4,7.32,31.0,9.66,8.0,SOLAR_DROP,5.0,SOLAR_FARM,Inject BESS synthetic inertia +15MW & ramp utility interconnect spinning reserve.
49.821,-0.2925,0.9927,118.32,100.53,17.78,85.13,20.23,15.3,61.3,6.36,47.47,10.18,8.0,INDUSTRIAL_INRUSH,24.7,INDUSTRIAL,Activate STATCOM reactive voltage support & engage interruptible tariff shedding.
49.897,-0.1547,0.9994,110.84,100.56,10.27,79.94,20.51,15.06,46.9,7.47,30.61,19.76,8.0,DATACENTER_SPIKE,10.7,AI_DATACENTER,AI cluster compute power cap & BESS localized peak shaving.
50.099,0.0834,0.9995,98.9,100.7,-1.8,70.05,21.77,13.93,64.7,6.85,29.3,10.2,8.0,NOMINAL,5.0,NONE,Nominal operating envelope. Spinning reserves active.
50.417,0.5631,1.012,102.21,115.43,-13.23,74.03,33.9,16.54,33.0,6.77,32.47,10.09,8.0,BESS_OUTAGE,25.0,BESS_STATION,Emergency demand-response load curtailment. Fast-trip substation feeder protection armed.
50.04,0.1301,1.0067,98.88,104.4,-5.52,69.77,29.26,10.14,81.2,7.35,28.99,10.14,8.0,NOMINAL,5.0,NONE,Nominal operating envelope. Spinning reserves active.
49.993,-0.0339,1.0017,116.27,114.23,2.04,84.49,33.56,15.66,63.3,21.5,30.96,10.2,8.0,EV_SURGE,13.5,EV_PLAZA,Dispatch BESS +18MW & Throttle EV Plaza chargers by 25%. Hospital locked immune.
49.879,-0.1188,1.0033,98.33,88.69,9.64,70.4,3.76,19.93,44.3,6.69,29.28,9.57,8.0,SOLAR_DROP,5.0,SOLAR_FARM,Inject BESS synthetic inertia +15MW & ramp utility interconnect spinning reserve.
49.915,-0.1938,0.9996,99.42,88.37,11.04,71.04,3.45,19.93,70.6,6.57,29.52,9.26,8.0,SOLAR_DROP,5.0,SOLAR_FARM,Inject BESS synthetic inertia +15MW & ramp utility interconnect spinning reserve.
49.971,-0.0584,0.995,101.54,98.0,3.54,72.66,13.38,19.62,50.6,6.82,30.67,9.59,8.0,NOMINAL,5.0,NONE,Nominal operating envelope. Spinning reserves active.
50.004,-0.0282,0.9992,102.42,100.23,2.19,72.85,29.49,5.74,47.4,7.62,31.07,10.01,8.0,WIND_STALL,5.0,WIND_FARM,Command turbine blade pitch compensation & AGC governor reserve ramp.
49.867,-0.2081,0.9987,99.71,82.27,17.44,71.49,6.93,10.34,84.0,6.69,30.35,10.68,8.0,SOLAR_DROP,5.2,SOLAR_FARM,Inject BESS synthetic inertia +15MW & ramp utility interconnect spinning reserve.
49.893,-0.2292,0.9948,99.83,84.46,15.37,70.59,6.02,13.45,43.6,6.57,30.09,10.13,8.0,SOLAR_DROP,6.8,SOLAR_FARM,Inject BESS synthetic inertia +15MW & ramp utility interconnect spinning reserve.
49.784,-0.4139,0.9906,108.53,82.16,26.37,77.97,1.26,15.9,49.0,6.13,41.18,9.29,8.0,INDUSTRIAL_INRUSH,17.2,INDUSTRIAL,Activate STATCOM reactive voltage support & engage interruptible tariff shedding.
49.984,-0.0849,0.9999,100.72,95.43,5.29,72.33,10.44,19.99,51.3,7.75,28.33,10.15,8.0,NOMINAL,5.0,NONE,Nominal operating envelope. Spinning reserves active.
49.884,-0.1521,0.9946,114.54,98.74,15.8,82.48,14.53,19.21,58.2,6.89,46.43,9.31,8.0,INDUSTRIAL_INRUSH,17.7,INDUSTRIAL,Activate STATCOM reactive voltage support & engage interruptible tariff shedding.
49.931,-0.0699,0.9995,100.89,94.65,6.24,72.99,22.89,6.77,57.3,7.33,29.02,11.06,8.0,WIND_STALL,5.0,WIND_FARM,Command turbine blade pitch compensation & AGC governor reserve ramp.
50.184,0.268,1.0073,99.91,115.03,-15.13,70.82,33.79,16.24,56.4,6.77,29.84,10.26,8.0,NOMINAL,5.0,NONE,Nominal operating envelope. Spinning reserves active.
50.023,0.0479,1.0033,98.74,99.91,-1.17,69.4,17.2,17.71,29.8,6.82,29.01,9.64,8.0,BESS_OUTAGE,25.0,BESS_STATION,Emergency demand-response load curtailment. Fast-trip substation feeder protection armed.
50.165,0.2315,1.0042,99.53,111.56,-12.04,71.89,35.0,11.57,41.3,7.07,29.1,10.51,8.0,WIND_STALL,5.0,WIND_FARM,Command turbine blade pitch compensation & AGC governor reserve ramp.
49.834,-0.1932,0.9944,118.45,102.13,16.32,85.35,26.84,10.29,65.3,24.72,30.76,10.03,8.0,EV_SURGE,23.5,EV_PLAZA,Dispatch BESS +18MW & Throttle EV Plaza chargers by 25%. Hospital locked immune.
49.896,-0.203,0.9955,99.92,86.86,13.06,71.98,1.86,20.0,84.4,7.09,30.68,9.98,8.0,SOLAR_DROP,6.3,SOLAR_FARM,Inject BESS synthetic inertia +15MW & ramp utility interconnect spinning reserve.
49.862,-0.1506,0.9984,101.51,86.73,14.78,72.6,4.01,17.72,51.5,6.62,30.73,10.43,8.0,NOMINAL,5.0,NONE,Nominal operating envelope. Spinning reserves active.
49.882,-0.2613,1.0018,113.03,97.59,15.44,80.74,12.82,19.77,73.6,7.01,43.45,10.25,8.0,INDUSTRIAL_INRUSH,12.0,INDUSTRIAL,Activate STATCOM reactive voltage support & engage interruptible tariff shedding.
50.086,0.1343,1.0033,114.89,116.85,-1.96,81.82,34.26,17.59,68.7,6.55,46.14,9.61,8.0,INDUSTRIAL_INRUSH,9.6,INDUSTRIAL,Activate STATCOM reactive voltage support & engage interruptible tariff shedding.
50.059,0.0583,1.0009,99.93,103.3,-3.38,71.7,28.3,10.0,42.2,7.28,29.02,10.53,8.0,NOMINAL,5.0,NONE,Nominal operating envelope. Spinning reserves active.
49.842,-0.3411,0.9997,120.01,99.78,20.23,85.8,16.81,17.98,64.9,25.89,30.42,10.53,8.0,EV_SURGE,20.6,EV_PLAZA,Dispatch BESS +18MW & Throttle EV Plaza chargers by 25%. Hospital locked immune.
49.893,-0.2214,1.0003,111.49,96.85,14.65,80.12,11.92,19.93,64.1,6.72,41.78,10.14,8.0,INDUSTRIAL_INRUSH,10.7,INDUSTRIAL,Activate STATCOM reactive voltage support & engage interruptible tariff shedding.
49.78,-0.4243,0.9953,115.67,88.13,27.54,83.08,4.9,18.23,49.7,7.07,29.87,24.93,8.0,DATACENTER_SPIKE,21.6,AI_DATACENTER,AI cluster compute power cap & BESS localized peak shaving.
50.054,0.0877,1.0031,99.3,101.21,-1.91,71.65,24.72,11.48,34.1,6.79,29.41,9.55,8.0,BESS_OUTAGE,25.0,BESS_STATION,Emergency demand-response load curtailment. Fast-trip substation feeder protection armed.
49.996,-0.03,0.9921,117.98,117.54,0.44,84.8,34.43,18.11,56.7,24.23,30.99,9.91,8.0,EV_SURGE,18.8,EV_PLAZA,Dispatch BESS +18MW & Throttle EV Plaza chargers by 25%. Hospital locked immune.
50.535,0.7813,1.0229,103.15,119.9,-16.75,73.32,34.98,19.92,36.1,7.47,30.75,9.83,8.0,BESS_OUTAGE,25.0,BESS_STATION,Emergency demand-response load curtailment. Fast-trip substation feeder protection armed.
50.259,0.3548,1.0051,98.74,118.46,-19.73,69.76,34.65,18.81,62.4,6.64,29.68,10.02,8.0,NOMINAL,5.0,NONE,Nominal operating envelope. Spinning reserves active.
49.874,-0.1723,0.9993,99.86,89.78,10.09,71.85,13.14,11.64,80.2,7.01,31.19,10.17,8.0,SOLAR_DROP,5.0,SOLAR_FARM,Inject BESS synthetic inertia +15MW & ramp utility interconnect spinning reserve.
49.974,-0.0666,1.0007,116.98,115.77,1.21,85.4,33.99,16.79,63.5,7.01,47.32,9.76,8.0,INDUSTRIAL_INRUSH,15.4,INDUSTRIAL,Activate STATCOM reactive voltage support & engage interruptible tariff shedding.
50.154,0.3197,1.0111,100.05,114.5,-14.45,71.02,33.64,15.86,80.6,7.1,30.0,9.94,8.0,NOMINAL,5.0,NONE,Nominal operating envelope. Spinning reserves active.
49.939,-0.1044,1.001,100.44,91.87,8.56,72.45,7.47,19.4,71.6,6.81,30.73,10.05,8.0,NOMINAL,5.0,NONE,Nominal operating envelope. Spinning reserves active.
49.949,-0.0586,0.9975,101.9,98.44,3.46,72.45,28.93,4.51,43.1,6.72,30.49,10.06,8.0,WIND_STALL,5.0,WIND_FARM,Command turbine blade pitch compensation & AGC governor reserve ramp.
50.089,0.127,1.0026,99.31,104.45,-5.14,70.91,32.17,7.28,65.5,6.65,29.69,9.91,8.0,WIND_STALL,5.0,WIND_FARM,Command turbine blade pitch compensation & AGC governor reserve ramp.
49.964,-0.079,0.994,98.85,97.52,1.33,70.38,12.73,19.79,42.9,6.96,30.71,9.11,8.0,NOMINAL,5.0,NONE,Nominal operating envelope. Spinning reserves active.
50.01,-0.1031,1.0044,114.02,107.23,6.78,82.64,30.98,11.25,66.8,6.93,29.88,24.4,8.0,DATACENTER_SPIKE,10.7,AI_DATACENTER,AI cluster compute power cap & BESS localized peak shaving.
49.909,-0.1085,1.0031,100.15,89.4,10.74,71.16,7.92,16.48,83.6,6.83,30.59,9.54,8.0,SOLAR_DROP,5.0,SOLAR_FARM,Inject BESS synthetic inertia +15MW & ramp utility interconnect spinning reserve.
49.977,-0.0761,1.002,101.85,95.97,5.88,72.46,25.22,5.75,45.7,7.35,30.52,10.5,8.0,WIND_STALL,5.0,WIND_FARM,Command turbine blade pitch compensation & AGC governor reserve ramp.
49.988,0.0383,0.9978,99.55,100.38,-0.83,71.0,19.18,16.2,49.8,7.2,29.0,10.53,8.0,NOMINAL,5.0,NONE,Nominal operating envelope. Spinning reserves active.
50.044,0.0489,1.0025,98.9,99.75,-0.85,70.79,16.72,18.03,63.8,7.39,29.78,9.8,8.0,NOMINAL,5.0,NONE,Nominal operating envelope. Spinning reserves active.
50.047,0.0821,0.9959,112.89,117.0,-4.1,81.48,34.3,17.7,56.1,19.81,29.41,10.02,8.0,EV_SURGE,11.7,EV_PLAZA,Dispatch BESS +18MW & Throttle EV Plaza chargers by 25%. Hospital locked immune.
50.051,0.094,0.998,101.35,105.03,-3.68,72.27,32.61,7.43,63.3,6.89,29.74,10.57,8.0,WIND_STALL,5.0,WIND_FARM,Command turbine blade pitch compensation & AGC governor reserve ramp.
50.125,0.1664,1.0024,101.85,110.98,-9.13,72.59,32.53,13.44,71.1,7.19,31.06,9.85,8.0,NOMINAL,5.0,NONE,Nominal operating envelope. Spinning reserves active.
49.748,-0.3487,0.9945,113.64,85.21,28.43,82.22,3.08,17.13,68.1,7.25,44.22,10.3,8.0,INDUSTRIAL_INRUSH,22.0,INDUSTRIAL,Activate STATCOM reactive voltage support & engage interruptible tariff shedding.
49.956,-0.1037,0.9958,97.12,86.46,10.65,68.95,6.51,14.95,76.4,7.43,28.12,9.58,8.0,SOLAR_DROP,5.0,SOLAR_FARM,Inject BESS synthetic inertia +15MW & ramp utility interconnect spinning reserve.
49.883,-0.1749,0.996,112.11,100.59,11.52,79.62,20.76,14.83,54.7,7.05,29.24,22.3,8.0,DATACENTER_SPIKE,12.8,AI_DATACENTER,AI cluster compute power cap & BESS localized peak shaving.
50.067,0.1185,0.9989,113.46,119.98,-6.52,82.04,35.0,19.98,78.3,6.73,43.25,10.32,8.0,INDUSTRIAL_INRUSH,10.5,INDUSTRIAL,Activate STATCOM reactive voltage support & engage interruptible tariff shedding.
49.936,-0.1515,0.9985,100.23,88.05,12.18,71.51,5.11,17.94,75.5,7.13,30.17,9.67,8.0,SOLAR_DROP,5.0,SOLAR_FARM,Inject BESS synthetic inertia +15MW & ramp utility interconnect spinning reserve.
50.121,0.1443,0.9996,100.85,109.01,-8.16,72.76,31.79,12.22,53.7,6.63,30.89,10.04,8.0,NOMINAL,5.0,NONE,Nominal operating envelope. Spinning reserves active.
49.942,-0.016,1.0023,100.1,99.76,0.34,71.0,16.75,18.01,50.0,6.58,29.13,10.62,8.0,NOMINAL,5.0,NONE,Nominal operating envelope. Spinning reserves active.
49.846,-0.1977,0.9965,100.43,86.98,13.45,71.36,9.15,12.83,56.8,7.16,31.26,10.21,8.0,SOLAR_DROP,7.4,SOLAR_FARM,Inject BESS synthetic inertia +15MW & ramp utility interconnect spinning reserve.
49.818,-0.3778,0.9934,123.37,100.5,22.87,88.66,19.97,15.53,49.4,26.87,32.08,10.84,8.0,EV_SURGE,29.3,EV_PLAZA,Dispatch BESS +18MW & Throttle EV Plaza chargers by 25%. Hospital locked immune.
50.07,0.1001,1.003,98.67,103.52,-4.85,70.84,28.51,10.01,74.1,6.82,29.39,10.27,8.0,NOMINAL,5.0,NONE,Nominal operating envelope. Spinning reserves active.
49.917,-0.2589,0.9964,98.52,94.7,3.82,70.36,9.76,19.94,34.3,7.14,29.54,9.91,8.0,BESS_OUTAGE,30.0,BESS_STATION,Emergency demand-response load curtailment. Fast-trip substation feeder protection armed.
50.013,0.0211,0.9962,100.42,100.87,-0.45,71.5,23.13,12.74,52.3,7.55,30.16,10.06,8.0,NOMINAL,5.0,NONE,Nominal operating envelope. Spinning reserves active.
49.968,-0.063,0.9938,98.91,93.2,5.71,70.4,8.5,19.71,81.7,7.0,29.82,10.3,8.0,NOMINAL,5.0,NONE,Nominal operating envelope. Spinning reserves active.
49.831,-0.2452,0.9995,116.89,95.18,21.71,84.79,10.2,19.98,61.0,7.19,30.74,25.09,8.0,DATACENTER_SPIKE,19.7,AI_DATACENTER,AI cluster compute power cap & BESS localized peak shaving.
50.084,0.1435,1.0059,101.99,107.15,-5.15,72.37,30.94,11.21,70.5,6.73,30.81,10.21,8.0,NOMINAL,5.0,NONE,Nominal operating envelope. Spinning reserves active.
49.927,-0.1004,0.9926,110.16,100.25,9.9,79.04,18.53,16.73,49.5,6.76,29.35,21.17,8.0,DATACENTER_SPIKE,12.7,AI_DATACENTER,AI cluster compute power cap & BESS localized peak shaving.
49.928,-0.1496,0.9945,111.92,99.91,12.01,80.61,17.2,17.71,77.4,7.03,28.85,24.12,8.0,DATACENTER_SPIKE,13.7,AI_DATACENTER,AI cluster compute power cap & BESS localized peak shaving.
50.055,0.0747,1.0024,95.96,100.59,-4.63,68.74,20.73,14.86,69.1,7.02,27.24,10.39,8.0,NOMINAL,5.0,NONE,Nominal operating envelope. Spinning reserves active.
49.901,-0.1079,0.9962,110.48,100.61,9.87,79.46,20.89,14.72,69.6,6.2,29.2,21.25,8.0,DATACENTER_SPIKE,11.9,AI_DATACENTER,AI cluster compute power cap & BESS localized peak shaving.
49.914,-0.1135,0.9981,102.36,100.51,1.85,73.72,20.08,15.43,54.2,6.82,31.35,10.54,8.0,NOMINAL,5.0,NONE,Nominal operating envelope. Spinning reserves active.
50.03,0.0743,1.0018,99.8,101.04,-1.24,71.19,24.06,11.98,38.7,7.22,30.04,9.64,8.0,BESS_OUTAGE,25.0,BESS_STATION,Emergency demand-response load curtailment. Fast-trip substation feeder protection armed.
49.86,-0.2563,0.9981,99.52,80.32,19.19,71.38,0.12,15.21,72.0,6.94,29.74,10.33,8.0,SOLAR_DROP,5.8,SOLAR_FARM,Inject BESS synthetic inertia +15MW & ramp utility interconnect spinning reserve.
50.126,0.1901,0.999,100.47,110.54,-10.08,72.1,35.0,10.55,84.6,7.1,29.59,9.63,8.0,WIND_STALL,5.0,WIND_FARM,Command turbine blade pitch compensation & AGC governor reserve ramp.
49.844,-0.3144,0.992,100.66,80.35,20.31,72.62,5.16,10.19,48.2,6.85,32.54,9.86,8.0,WIND_STALL,10.2,WIND_FARM,Command turbine blade pitch compensation & AGC governor reserve ramp.
49.902,-0.1326,0.9978,99.12,88.84,10.28,70.99,14.04,9.8,71.7,7.15,30.02,10.4,8.0,WIND_STALL,5.0,WIND_FARM,Command turbine blade pitch compensation & AGC governor reserve ramp.
50.007,0.0194,1.0043,100.16,100.57,-0.41,70.25,20.57,15.0,63.9,6.69,31.18,9.98,8.0,NOMINAL,5.0,NONE,Nominal operating envelope. Spinning reserves active.
49.898,-0.2086,0.998,112.69,100.64,12.05,81.53,21.18,14.46,82.6,7.18,29.58,23.06,8.0,DATACENTER_SPIKE,13.8,AI_DATACENTER,AI cluster compute power cap & BESS localized peak shaving.
49.946,-0.1143,0.9992,100.04,89.49,10.55,71.54,5.34,19.16,42.8,6.92,30.49,9.72,8.0,SOLAR_DROP,5.0,SOLAR_FARM,Inject BESS synthetic inertia +15MW & ramp utility interconnect spinning reserve.
49.868,-0.1649,0.9915,116.86,100.79,16.07,83.75,22.52,13.27,55.1,23.53,30.36,9.71,8.0,EV_SURGE,22.0,EV_PLAZA,Dispatch BESS +18MW & Throttle EV Plaza chargers by 25%. Hospital locked immune.
49.838,-0.2746,0.998,118.05,98.09,19.96,84.08,13.5,19.59,83.2,24.82,31.19,9.34,8.0,EV_SURGE,19.4,EV_PLAZA,Dispatch BESS +18MW & Throttle EV Plaza chargers by 25%. Hospital locked immune.
49.922,-0.2245,0.9984,96.36,81.55,14.81,69.07,0.9,15.64,66.7,6.97,27.75,10.16,8.0,NOMINAL,5.0,NONE,Nominal operating envelope. Spinning reserves active.
49.817,-0.3721,0.9947,120.22,98.64,21.58,86.82,14.36,19.28,65.4,7.08,49.36,10.24,8.0,INDUSTRIAL_INRUSH,26.0,INDUSTRIAL,Activate STATCOM reactive voltage support & engage interruptible tariff shedding.
49.981,-0.0883,0.998,99.52,93.45,6.07,71.58,8.93,19.53,43.5,7.13,30.73,9.49,8.0,SOLAR_DROP,5.0,SOLAR_FARM,Inject BESS synthetic inertia +15MW & ramp utility interconnect spinning reserve.
49.816,-0.2376,0.9947,115.03,90.65,24.39,82.31,6.59,19.06,50.0,6.76,46.34,9.94,8.0,INDUSTRIAL_INRUSH,19.7,INDUSTRIAL,Activate STATCOM reactive voltage support & engage interruptible tariff shedding.
50.145,0.2943,0.9981,100.28,114.02,-13.74,71.47,33.5,15.52,60.1,6.55,28.31,10.77,8.0,NOMINAL,5.0,NONE,Nominal operating envelope. Spinning reserves active.
50.107,0.1823,1.0006,110.22,119.56,-9.34,78.38,34.9,19.66,53.4,6.56,41.39,10.48,8.0,INDUSTRIAL_INRUSH,5.0,INDUSTRIAL,Activate STATCOM reactive voltage support & engage interruptible tariff shedding.
49.843,-0.2262,0.9999,101.61,87.2,14.41,72.4,4.31,17.89,53.6,7.12,31.72,9.6,8.0,NOMINAL,5.0,NONE,Nominal operating envelope. Spinning reserves active.
50.054,0.0524,0.9995,115.94,119.26,-3.33,82.4,34.84,19.43,72.8,23.02,29.83,10.29,8.0,EV_SURGE,10.7,EV_PLAZA,Dispatch BESS +18MW & Throttle EV Plaza chargers by 25%. Hospital locked immune.
50.103,0.1343,0.999,99.38,107.13,-7.75,70.2,30.93,11.2,58.7,6.92,30.07,9.68,8.0,NOMINAL,5.0,NONE,Nominal operating envelope. Spinning reserves active.
49.95,-0.1264,0.9964,101.09,93.1,8.0,71.61,22.12,5.97,76.5,7.13,28.99,10.33,8.0,WIND_STALL,5.0,WIND_FARM,Command turbine blade pitch compensation & AGC governor reserve ramp.
50.223,0.2574,0.9996,102.73,119.11,-16.38,73.22,34.8,19.31,75.7,6.99,32.95,10.07,8.0,NOMINAL,5.0,NONE,Nominal operating envelope. Spinning reserves active.
50.073,0.0889,1.0028,98.76,100.75,-1.99,71.45,22.16,13.59,22.3,7.4,28.59,9.98,8.0,BESS_OUTAGE,25.0,BESS_STATION,Emergency demand-response load curtailment. Fast-trip substation feeder protection armed.
49.943,-0.1044,0.9988,110.56,101.27,9.29,79.78,24.95,11.33,56.8,6.36,41.44,10.02,8.0,INDUSTRIAL_INRUSH,9.3,INDUSTRIAL,Activate STATCOM reactive voltage support & engage interruptible tariff shedding.
50.071,0.2306,0.9992,100.65,109.39,-8.74,71.7,31.94,12.45,46.9,7.23,31.05,10.26,8.0,NOMINAL,5.0,NONE,Nominal operating envelope. Spinning reserves active.
49.855,-0.3388,0.9992,121.34,101.07,20.27,87.59,24.2,11.87,42.5,27.81,30.32,10.41,8.0,EV_SURGE,23.0,EV_PLAZA,Dispatch BESS +18MW & Throttle EV Plaza chargers by 25%. Hospital locked immune.
50.035,0.1142,1.0007,98.76,103.47,-4.71,71.19,28.47,10.0,59.2,7.02,30.32,9.01,8.0,NOMINAL,5.0,NONE,Nominal operating envelope. Spinning reserves active.
49.933,-0.06,0.9994,107.76,102.04,5.72,77.67,26.69,10.35,70.0,6.49,29.94,18.42,8.0,DATACENTER_SPIKE,6.3,AI_DATACENTER,AI cluster compute power cap & BESS localized peak shaving.
50.044,0.0915,1.0023,99.94,101.35,-1.41,71.47,25.19,11.16,49.1,6.88,29.8,10.15,8.0,NOMINAL,5.0,NONE,Nominal operating envelope. Spinning reserves active.
50.068,0.0608,1.0022,97.99,101.86,-3.88,70.19,26.38,10.48,65.5,6.8,29.52,9.8,8.0,NOMINAL,5.0,NONE,Nominal operating envelope. Spinning reserves active.
50.059,0.0582,1.0041,99.87,102.36,-2.49,71.74,27.18,10.18,53.5,7.0,30.37,9.63,8.0,NOMINAL,5.0,NONE,Nominal operating envelope. Spinning reserves active.
49.864,-0.2032,0.9985,103.41,87.76,15.64,73.87,4.67,18.1,55.7,6.69,31.41,10.06,8.0,NOMINAL,5.0,NONE,Nominal operating envelope. Spinning reserves active.
50.153,0.2888,1.0023,95.15,106.33,-11.18,67.22,30.51,10.82,73.0,7.08,28.02,9.88,8.0,NOMINAL,5.0,NONE,Nominal operating envelope. Spinning reserves active.
49.932,-0.0949,0.9973,121.35,119.87,1.47,86.91,34.97,19.9,60.7,29.11,29.37,9.97,8.0,EV_SURGE,20.6,EV_PLAZA,Dispatch BESS +18MW & Throttle EV Plaza chargers by 25%. Hospital locked immune.
49.945,-0.0801,0.9997,118.87,117.11,1.76,84.82,34.33,17.78,82.0,23.82,32.43,9.7,8.0,EV_SURGE,15.8,EV_PLAZA,Dispatch BESS +18MW & Throttle EV Plaza chargers by 25%. Hospital locked immune.
50.147,0.2014,1.0012,100.88,113.28,-12.4,71.71,33.29,15.0,45.2,7.3,30.45,10.08,8.0,NOMINAL,5.0,NONE,Nominal operating envelope. Spinning reserves active.
50.042,0.04,1.0017,99.58,100.39,-0.81,71.15,19.26,16.13,65.4,7.32,29.97,9.33,8.0,NOMINAL,5.0,NONE,Nominal operating envelope. Spinning reserves active.
49.924,-0.1445,0.9964,99.6,89.28,10.32,72.26,13.48,10.8,76.9,7.15,30.95,8.76,8.0,WIND_STALL,5.0,WIND_FARM,Command turbine blade pitch compensation & AGC governor reserve ramp.
49.703,-0.5402,0.9969,100.24,91.34,8.89,71.45,7.09,19.26,27.2,7.21,30.43,10.33,8.0,BESS_OUTAGE,36.8,BESS_STATION,Emergency demand-response load curtailment. Fast-trip substation feeder protection armed.
49.952,-0.0564,0.996,100.1,94.99,5.11,72.65,24.95,5.04,46.2,6.73,31.43,9.92,8.0,WIND_STALL,5.0,WIND_FARM,Command turbine blade pitch compensation & AGC governor reserve ramp.
50.027,0.0749,1.0037,100.03,101.11,-1.08,71.59,24.36,11.75,74.9,7.46,30.3,10.57,8.0,NOMINAL,5.0,NONE,Nominal operating envelope. Spinning reserves active.
49.86,-0.3384,0.9972,115.44,93.15,22.29,82.55,8.45,19.69,54.4,6.9,47.16,9.74,8.0,INDUSTRIAL_INRUSH,17.0,INDUSTRIAL,Activate STATCOM reactive voltage support & engage interruptible tariff shedding.
50.031,0.0528,1.0041,100.1,103.1,-3.0,71.25,28.09,10.01,72.8,6.94,30.88,10.16,8.0,NOMINAL,5.0,NONE,Nominal operating envelope. Spinning reserves active.
50.104,0.1483,1.006,96.2,104.63,-8.44,67.82,29.44,10.2,47.8,6.76,28.35,10.04,8.0,NOMINAL,5.0,NONE,Nominal operating envelope. Spinning reserves active.
49.909,-0.2078,0.9946,119.4,103.54,15.85,85.84,28.53,10.01,56.8,27.67,28.67,10.11,8.0,EV_SURGE,21.6,EV_PLAZA,Dispatch BESS +18MW & Throttle EV Plaza chargers by 25%. Hospital locked immune.
50.633,0.9412,1.0218,98.66,117.67,-19.02,70.06,34.47,18.21,32.2,6.86,28.73,9.45,8.0,BESS_OUTAGE,25.0,BESS_STATION,Emergency demand-response load curtailment. Fast-trip substation feeder protection armed.
50.001,0.0129,1.0012,100.35,100.57,-0.22,71.9,20.58,15.0,63.5,7.12,29.44,10.15,8.0,NOMINAL,5.0,NONE,Nominal operating envelope. Spinning reserves active.
49.857,-0.3343,0.9933,117.76,98.69,19.07,84.47,14.44,19.25,77.7,7.48,46.77,10.26,8.0,INDUSTRIAL_INRUSH,22.2,INDUSTRIAL,Activate STATCOM reactive voltage support & engage interruptible tariff shedding.
49.838,-0.3025,0.9906,100.4,78.13,22.27,71.93,5.67,7.46,59.1,6.77,30.86,9.89,8.0,WIND_STALL,11.3,WIND_FARM,Command turbine blade pitch compensation & AGC governor reserve ramp.
50.066,0.0905,1.0081,99.29,104.32,-5.03,69.69,29.2,10.12,70.6,7.46,29.67,10.01,8.0,NOMINAL,5.0,NONE,Nominal operating envelope. Spinning reserves active.
49.913,-0.1494,1.0022,98.77,89.02,9.75,70.36,4.07,19.95,67.9,6.76,30.26,10.17,8.0,SOLAR_DROP,5.0,SOLAR_FARM,Inject BESS synthetic inertia +15MW & ramp utility interconnect spinning reserve.
49.955,-0.0558,0.9974,99.05,95.19,3.86,71.08,10.21,19.98,71.5,6.74,29.62,10.05,8.0,NOMINAL,5.0,NONE,Nominal operating envelope. Spinning reserves active.
49.915,-0.0575,1.0006,99.45,98.1,1.35,70.59,28.92,4.18,77.7,6.15,30.07,10.01,8.0,WIND_STALL,5.0,WIND_FARM,Command turbine blade pitch compensation & AGC governor reserve ramp.
50.059,0.1437,0.9999,98.2,103.49,-5.29,69.12,28.48,10.0,78.6,7.15,29.33,10.48,8.0,NOMINAL,5.0,NONE,Nominal operating envelope. Spinning reserves active.
49.944,-0.0799,0.9953,107.44,100.62,6.81,76.38,21.02,14.6,53.1,6.4,29.43,18.95,8.0,DATACENTER_SPIKE,6.7,AI_DATACENTER,AI cluster compute power cap & BESS localized peak shaving.
49.883,-0.16,0.9953,114.56,100.09,14.46,82.38,17.84,17.25,46.2,7.46,29.71,24.15,8.0,DATACENTER_SPIKE,17.2,AI_DATACENTER,AI cluster compute power cap & BESS localized peak shaving.
49.87,-0.3313,0.9956,117.85,98.75,19.1,84.97,14.55,19.2,43.5,26.14,28.67,9.49,8.0,EV_SURGE,21.0,EV_PLAZA,Dispatch BESS +18MW & Throttle EV Plaza chargers by 25%. Hospital locked immune.
49.921,-0.1076,0.9963,112.67,103.55,9.12,80.59,28.54,10.01,61.0,20.22,29.75,9.87,8.0,EV_SURGE,12.8,EV_PLAZA,Dispatch BESS +18MW & Throttle EV Plaza chargers by 25%. Hospital locked immune.
49.886,-0.191,1.0016,101.22,86.77,14.45,72.64,2.16,19.61,55.3,6.83,30.94,10.18,8.0,SOLAR_DROP,5.0,SOLAR_FARM,Inject BESS synthetic inertia +15MW & ramp utility interconnect spinning reserve.
49.904,-0.1613,1.0027,112.38,99.1,13.28,80.99,15.19,18.91,79.9,6.49,29.11,24.55,8.0,DATACENTER_SPIKE,11.6,AI_DATACENTER,AI cluster compute power cap & BESS localized peak shaving.
49.952,-0.0818,0.995,110.1,101.82,8.28,79.41,26.29,10.53,74.7,6.84,40.29,10.26,8.0,INDUSTRIAL_INRUSH,10.9,INDUSTRIAL,Activate STATCOM reactive voltage support & engage interruptible tariff shedding.
49.941,-0.1758,0.9977,121.01,110.91,10.09,87.16,32.51,13.4,50.1,25.93,31.96,9.77,8.0,EV_SURGE,20.4,EV_PLAZA,Dispatch BESS +18MW & Throttle EV Plaza chargers by 25%. Hospital locked immune.
49.948,-0.0447,0.9999,101.5,100.38,1.13,73.13,19.19,16.19,82.5,7.2,31.93,10.08,8.0,NOMINAL,5.0,NONE,Nominal operating envelope. Spinning reserves active.
49.892,-0.166,0.9891,111.91,100.07,11.84,81.27,17.75,17.32,45.1,6.88,41.3,10.21,8.0,INDUSTRIAL_INRUSH,19.2,INDUSTRIAL,Activate STATCOM reactive voltage support & engage interruptible tariff shedding.
49.881,-0.1723,1.0013,110.74,100.18,10.57,79.93,18.18,16.99,59.5,7.31,40.41,10.69,8.0,INDUSTRIAL_INRUSH,10.9,INDUSTRIAL,Activate STATCOM reactive voltage support & engage interruptible tariff shedding.
50.028,0.0485,1.0001,101.5,102.52,-1.02,72.7,27.41,10.11,83.4,6.92,29.8,10.71,8.0,NOMINAL,5.0,NONE,Nominal operating envelope. Spinning reserves active.
49.911,-0.0766,0.9974,101.09,99.62,1.47,72.93,16.37,18.25,61.9,7.14,30.94,10.04,8.0,NOMINAL,5.0,NONE,Nominal operating envelope. Spinning reserves active.
49.793,-0.3006,0.9885,101.13,75.16,25.97,71.91,1.35,8.81,68.4,6.78,30.87,10.72,8.0,WIND_STALL,14.1,WIND_FARM,Command turbine blade pitch compensation & AGC governor reserve ramp.
49.826,-0.3733,0.9936,113.05,91.14,21.91,81.27,6.94,19.2,42.1,7.2,44.65,9.64,8.0,INDUSTRIAL_INRUSH,18.6,INDUSTRIAL,Activate STATCOM reactive voltage support & engage interruptible tariff shedding.
49.914,-0.109,0.9982,98.91,92.72,6.2,71.15,10.32,17.4,76.9,6.43,29.97,9.98,8.0,SOLAR_DROP,5.0,SOLAR_FARM,Inject BESS synthetic inertia +15MW & ramp utility interconnect spinning reserve.
49.922,-0.1307,0.9993,101.3,88.9,12.4,71.81,3.93,19.97,63.5,6.85,30.1,9.7,8.0,SOLAR_DROP,5.0,SOLAR_FARM,Inject BESS synthetic inertia +15MW & ramp utility interconnect spinning reserve.
49.906,-0.2456,0.9973,111.03,95.8,15.23,80.29,10.8,20.0,61.6,6.94,41.56,9.15,8.0,INDUSTRIAL_INRUSH,12.3,INDUSTRIAL,Activate STATCOM reactive voltage support & engage interruptible tariff shedding.
49.933,-0.1205,0.9962,107.94,100.76,7.18,77.48,22.3,13.46,74.7,7.29,29.99,19.2,8.0,DATACENTER_SPIKE,8.1,AI_DATACENTER,AI cluster compute power cap & BESS localized peak shaving.
50.119,0.1515,1.0022,99.67,108.91,-9.24,71.32,34.05,9.86,54.2,7.24,29.47,9.4,8.0,WIND_STALL,5.0,WIND_FARM,Command turbine blade pitch compensation & AGC governor reserve ramp.
49.894,-0.1673,0.9997,101.87,91.1,10.77,72.28,11.96,14.14,77.9,7.06,31.4,9.75,8.0,SOLAR_DROP,5.0,SOLAR_FARM,Inject BESS synthetic inertia +15MW & ramp utility interconnect spinning reserve.
50.239,0.5144,1.0114,100.65,120.0,-19.35,72.07,35.0,20.0,42.7,6.87,30.53,9.41,8.0,NOMINAL,5.0,NONE,Nominal operating envelope. Spinning reserves active.
50.652,0.8223,1.0227,99.12,119.46,-20.35,70.57,34.88,19.58,22.9,6.82,28.0,10.26,8.0,BESS_OUTAGE,25.0,BESS_STATION,Emergency demand-response load curtailment. Fast-trip substation feeder protection armed.
50.198,0.4622,1.0053,100.75,107.35,-6.6,72.65,31.04,11.31,29.6,6.88,30.29,9.61,8.0,BESS_OUTAGE,25.0,BESS_STATION,Emergency demand-response load curtailment. Fast-trip substation feeder protection armed.
50.097,0.1391,1.0019,100.86,108.56,-7.7,71.45,31.59,11.96,57.7,7.09,30.93,9.79,8.0,NOMINAL,5.0,NONE,Nominal operating envelope. Spinning reserves active.
49.834,-0.2904,0.9946,103.17,83.38,19.79,73.1,8.27,10.11,44.9,6.73,32.23,10.27,8.0,SOLAR_DROP,8.9,SOLAR_FARM,Inject BESS synthetic inertia +15MW & ramp utility interconnect spinning reserve.
50.053,0.0809,0.9995,99.29,102.42,-3.13,70.73,27.27,10.15,66.2,7.06,29.8,10.42,8.0,NOMINAL,5.0,NONE,Nominal operating envelope. Spinning reserves active.
49.894,-0.2145,0.9999,115.64,101.28,14.36,82.63,24.98,11.3,82.0,6.96,31.05,23.39,8.0,DATACENTER_SPIKE,14.2,AI_DATACENTER,AI cluster compute power cap & BESS localized peak shaving.
49.944,-0.1018,1.0038,113.32,105.61,7.72,82.06,30.09,10.52,60.7,6.91,42.45,10.76,8.0,INDUSTRIAL_INRUSH,11.8,INDUSTRIAL,Activate STATCOM reactive voltage support & engage interruptible tariff shedding.
49.861,-0.1503,1.0007,99.29,84.03,15.26,69.62,2.37,16.66,52.2,7.11,29.13,10.01,8.0,NOMINAL,5.0,NONE,Nominal operating envelope. Spinning reserves active.
50.047,0.0615,1.0023,99.4,100.88,-1.48,71.59,23.18,12.7,51.5,7.35,29.99,9.86,8.0,NOMINAL,5.0,NONE,Nominal operating envelope. Spinning reserves active.
50.198,0.2522,1.0039,101.73,116.54,-14.81,72.64,34.19,17.35,44.9,7.35,30.66,10.04,8.0,NOMINAL,5.0,NONE,Nominal operating envelope. Spinning reserves active.
49.518,-0.6175,0.9809,117.65,81.65,35.99,84.35,0.97,15.69,48.6,22.95,30.36,10.64,8.0,EV_SURGE,41.1,EV_PLAZA,Dispatch BESS +18MW & Throttle EV Plaza chargers by 25%. Hospital locked immune.
50.091,0.183,1.0038,98.71,105.34,-6.62,71.25,29.92,10.42,43.4,7.2,28.64,9.59,8.0,NOMINAL,5.0,NONE,Nominal operating envelope. Spinning reserves active.
50.032,0.0545,1.0009,98.28,100.53,-2.25,69.8,20.23,15.3,44.7,6.94,29.03,9.85,8.0,NOMINAL,5.0,NONE,Nominal operating envelope. Spinning reserves active.
49.952,-0.0523,0.9927,99.7,95.25,4.45,70.77,10.27,19.98,51.1,6.88,29.24,10.18,8.0,NOMINAL,5.0,NONE,Nominal operating envelope. Spinning reserves active.
49.98,-0.0359,0.9986,100.85,100.12,0.73,72.08,17.94,17.18,59.8,7.08,30.56,9.82,8.0,NOMINAL,5.0,NONE,Nominal operating envelope. Spinning reserves active.
49.997,-0.0385,0.9976,103.64,100.66,2.98,74.48,21.35,14.31,58.0,7.07,31.42,10.41,8.0,NOMINAL,5.0,NONE,Nominal operating envelope. Spinning reserves active.
49.836,-0.3348,1.0012,115.6,94.95,20.64,82.96,9.99,19.96,72.0,20.33,33.15,10.06,8.0,EV_SURGE,16.6,EV_PLAZA,Dispatch BESS +18MW & Throttle EV Plaza chargers by 25%. Hospital locked immune.
49.85,-0.2802,0.9924,100.49,83.77,16.72,71.57,6.6,12.17,82.5,6.84,29.8,9.78,8.0,SOLAR_DROP,9.8,SOLAR_FARM,Inject BESS synthetic inertia +15MW & ramp utility interconnect spinning reserve.
49.895,-0.1007,0.9943,114.51,104.23,10.28,81.58,29.13,10.1,72.4,6.48,30.83,24.89,8.0,DATACENTER_SPIKE,16.3,AI_DATACENTER,AI cluster compute power cap & BESS localized peak shaving.
49.592,-0.7636,0.9876,114.9,81.55,33.36,82.49,0.9,15.64,76.2,6.89,45.08,9.61,8.0,INDUSTRIAL_INRUSH,31.8,INDUSTRIAL,Activate STATCOM reactive voltage support & engage interruptible tariff shedding.
50.019,0.0822,0.9997,115.14,118.5,-3.36,82.48,34.66,18.84,76.4,23.43,29.93,10.18,8.0,EV_SURGE,10.6,EV_PLAZA,Dispatch BESS +18MW & Throttle EV Plaza chargers by 25%. Hospital locked immune.
49.89,-0.2411,0.9949,117.15,103.26,13.89,84.42,28.26,10.0,67.0,6.9,46.76,10.12,8.0,INDUSTRIAL_INRUSH,20.0,INDUSTRIAL,Activate STATCOM reactive voltage support & engage interruptible tariff shedding.
50.098,0.1607,1.0085,99.75,106.34,-6.59,71.56,30.52,10.83,56.7,7.18,29.47,10.12,8.0,NOMINAL,5.0,NONE,Nominal operating envelope. Spinning reserves active.
50.072,0.1221,1.0015,114.88,119.3,-4.41,82.39,34.84,19.45,84.1,7.35,44.4,10.2,8.0,INDUSTRIAL_INRUSH,10.3,INDUSTRIAL,Activate STATCOM reactive voltage support & engage interruptible tariff shedding.
49.894,-0.158,0.9963,99.68,86.93,12.75,70.88,11.7,10.23,40.0,7.51,29.5,10.21,8.0,SOLAR_DROP,5.9,SOLAR_FARM,Inject BESS synthetic inertia +15MW & ramp utility interconnect spinning reserve.
49.969,-0.0464,1.0013,115.18,111.26,3.91,82.39,32.63,13.63,61.6,6.95,45.84,9.4,8.0,INDUSTRIAL_INRUSH,11.4,INDUSTRIAL,Activate STATCOM reactive voltage support & engage interruptible tariff shedding.
49.883,-0.1455,0.9977,105.72,91.39,14.33,75.35,7.12,19.27,59.6,6.46,30.67,17.78,8.0,DATACENTER_SPIKE,5.8,AI_DATACENTER,AI cluster compute power cap & BESS localized peak shaving.
49.934,-0.151,0.9975,99.54,88.84,10.7,70.9,3.92,19.92,54.8,6.76,29.94,10.16,8.0,SOLAR_DROP,5.0,SOLAR_FARM,Inject BESS synthetic inertia +15MW & ramp utility interconnect spinning reserve.
49.966,-0.0979,0.9974,103.75,97.84,5.91,74.8,13.15,19.69,49.2,7.33,31.78,10.45,8.0,NOMINAL,5.0,NONE,Nominal operating envelope. Spinning reserves active.
49.956,-0.1482,0.9955,100.81,92.15,8.66,71.95,7.68,19.47,65.6,7.04,30.62,10.22,8.0,NOMINAL,5.0,NONE,Nominal operating envelope. Spinning reserves active.
49.997,-0.0389,1.0005,101.33,99.04,2.28,72.61,28.88,5.17,47.6,6.81,30.67,10.67,8.0,WIND_STALL,5.0,WIND_FARM,Command turbine blade pitch compensation & AGC governor reserve ramp.
49.92,-0.0965,0.9982,99.51,92.26,7.25,71.71,7.76,19.5,65.4,6.96,30.68,10.0,8.0,NOMINAL,5.0,NONE,Nominal operating envelope. Spinning reserves active.
49.922,-0.1112,0.9978,110.82,101.75,9.07,79.61,26.15,10.6,62.0,7.43,30.11,19.05,8.0,DATACENTER_SPIKE,10.4,AI_DATACENTER,AI cluster compute power cap & BESS localized peak shaving.
49.878,-0.2963,0.997,108.01,90.07,17.94,77.16,6.19,18.88,40.8,6.86,28.39,20.4,8.0,DATACENTER_SPIKE,8.9,AI_DATACENTER,AI cluster compute power cap & BESS localized peak shaving.
49.941,-0.1511,0.9949,114.62,104.84,9.78,81.98,29.58,10.26,48.5,20.33,30.96,10.13,8.0,EV_SURGE,14.9,EV_PLAZA,Dispatch BESS +18MW & Throttle EV Plaza chargers by 25%. Hospital locked immune.
50.05,0.0817,1.0023,99.21,102.4,-3.19,70.29,27.24,10.16,46.5,6.42,30.1,9.01,8.0,NOMINAL,5.0,NONE,Nominal operating envelope. Spinning reserves active.
50.053,0.0668,1.0069,99.16,100.71,-1.54,70.75,21.79,13.91,31.4,7.45,30.16,10.0,8.0,BESS_OUTAGE,25.0,BESS_STATION,Emergency demand-response load curtailment. Fast-trip substation feeder protection armed.
49.979,-0.0355,1.0017,99.85,97.6,2.25,71.32,12.83,19.77,48.4,7.27,29.04,10.01,8.0,NOMINAL,5.0,NONE,Nominal operating envelope. Spinning reserves active.
49.905,-0.1425,0.995,98.96,86.36,12.6,70.26,1.56,19.8,54.3,6.71,29.04,10.98,8.0,SOLAR_DROP,6.3,SOLAR_FARM,Inject BESS synthetic inertia +15MW & ramp utility interconnect spinning reserve.
49.98,-0.0349,1.0033,100.03,97.96,2.08,72.06,13.31,19.64,48.6,7.18,29.83,9.96,8.0,NOMINAL,5.0,NONE,Nominal operating envelope. Spinning reserves active.
50.222,0.4305,1.0048,98.55,114.18,-15.63,70.28,33.55,15.63,64.8,7.3,29.66,9.95,8.0,NOMINAL,5.0,NONE,Nominal operating envelope. Spinning reserves active.
49.784,-0.2161,0.9921,119.77,99.81,19.95,86.5,16.9,17.91,40.9,25.68,30.93,10.0,8.0,EV_SURGE,28.2,EV_PLAZA,Dispatch BESS +18MW & Throttle EV Plaza chargers by 25%. Hospital locked immune.
50.031,0.0352,0.9984,98.47,99.29,-0.82,70.09,15.59,18.7,45.3,7.1,27.84,10.77,8.0,NOMINAL,5.0,NONE,Nominal operating envelope. Spinning reserves active.
49.489,-0.7284,0.9802,101.89,85.1,16.79,72.74,3.01,17.09,28.4,6.89,30.71,10.3,8.0,BESS_OUTAGE,54.4,BESS_STATION,Emergency demand-response load curtailment. Fast-trip substation feeder protection armed.
49.918,-0.1718,0.9998,98.79,88.95,9.85,70.31,8.28,15.66,45.8,7.09,29.14,10.61,8.0,SOLAR_DROP,5.0,SOLAR_FARM,Inject BESS synthetic inertia +15MW & ramp utility interconnect spinning reserve.
49.859,-0.1759,0.9992,98.62,83.3,15.32,69.92,1.19,17.11,52.4,7.16,30.5,9.64,8.0,SOLAR_DROP,5.2,SOLAR_FARM,Inject BESS synthetic inertia +15MW & ramp utility interconnect spinning reserve.
49.91,-0.1139,0.996,119.65,110.64,9.01,85.87,32.42,13.23,77.6,7.01,48.55,10.29,8.0,INDUSTRIAL_INRUSH,20.7,INDUSTRIAL,Activate STATCOM reactive voltage support & engage interruptible tariff shedding.
49.858,-0.2228,0.9972,117.93,100.65,17.28,84.76,21.26,14.39,79.6,24.78,30.14,10.23,8.0,EV_SURGE,20.1,EV_PLAZA,Dispatch BESS +18MW & Throttle EV Plaza chargers by 25%. Hospital locked immune.
49.934,-0.0644,1.0015,112.19,107.64,4.55,80.56,31.18,11.46,77.5,7.14,42.76,9.41,8.0,INDUSTRIAL_INRUSH,10.0,INDUSTRIAL,Activate STATCOM reactive voltage support & engage interruptible tariff shedding.
50.013,-0.019,1.002,100.5,100.02,0.49,71.82,17.56,17.46,81.4,7.11,30.56,9.65,8.0,NOMINAL,5.0,NONE,Nominal operating envelope. Spinning reserves active.
49.97,-0.0586,0.9998,102.11,101.28,0.83,73.43,24.98,11.3,54.6,7.29,29.55,10.48,8.0,NOMINAL,5.0,NONE,Nominal operating envelope. Spinning reserves active.
49.921,-0.1902,1.0038,98.11,86.84,11.27,69.37,2.27,19.56,63.2,6.76,29.69,10.25,8.0,SOLAR_DROP,5.0,SOLAR_FARM,Inject BESS synthetic inertia +15MW & ramp utility interconnect spinning reserve.
50.052,0.1275,1.0052,116.38,118.25,-1.87,84.53,34.6,18.65,74.4,7.19,45.72,10.39,8.0,INDUSTRIAL_INRUSH,13.3,INDUSTRIAL,Activate STATCOM reactive voltage support & engage interruptible tariff shedding.
49.858,-0.1919,0.9949,101.62,82.94,18.68,72.3,0.87,17.07,69.2,7.31,30.93,10.63,8.0,SOLAR_DROP,7.9,SOLAR_FARM,Inject BESS synthetic inertia +15MW & ramp utility interconnect spinning reserve.
50.014,0.0202,1.0002,100.42,100.89,-0.47,71.7,23.21,12.67,76.0,7.26,30.43,9.72,8.0,NOMINAL,5.0,NONE,Nominal operating envelope. Spinning reserves active.
50.047,0.0655,1.0006,99.55,100.64,-1.08,71.37,21.14,14.5,84.8,7.15,29.51,9.88,8.0,NOMINAL,5.0,NONE,Nominal operating envelope. Spinning reserves active.
49.833,-0.259,0.9946,98.41,73.38,25.03,70.04,1.24,7.14,82.3,7.26,29.76,9.98,8.0,WIND_STALL,9.0,WIND_FARM,Command turbine blade pitch compensation & AGC governor reserve ramp.
49.941,-0.0712,0.9996,99.59,97.98,1.62,71.03,13.34,19.64,53.4,6.89,29.12,9.96,8.0,NOMINAL,5.0,NONE,Nominal operating envelope. Spinning reserves active.
49.92,-0.1136,1.0007,101.61,99.7,1.9,73.51,16.59,18.11,74.3,6.56,31.77,10.21,8.0,NOMINAL,5.0,NONE,Nominal operating envelope. Spinning reserves active.
50.119,0.1761,1.0025,113.25,119.57,-6.32,81.35,34.9,19.66,58.3,21.75,29.67,9.6,8.0,EV_SURGE,8.9,EV_PLAZA,Dispatch BESS +18MW & Throttle EV Plaza chargers by 25%. Hospital locked immune.
49.898,-0.2108,0.9979,116.4,103.13,13.27,83.94,28.12,10.01,50.8,7.18,44.6,9.96,8.0,INDUSTRIAL_INRUSH,17.2,INDUSTRIAL,Activate STATCOM reactive voltage support & engage interruptible tariff shedding.
50.036,0.065,1.0017,112.8,115.35,-2.55,81.66,33.87,16.47,78.3,6.6,43.2,10.54,8.0,INDUSTRIAL_INRUSH,9.3,INDUSTRIAL,Activate STATCOM reactive voltage support & engage interruptible tariff shedding.
50.13,0.3278,1.0014,101.21,113.53,-12.32,72.47,33.36,15.17,56.7,6.94,30.8,9.76,8.0,NOMINAL,5.0,NONE,Nominal operating envelope. Spinning reserves active.
49.921,-0.1197,0.996,101.78,89.98,11.8,72.84,5.51,19.47,83.1,6.53,31.1,10.68,8.0,SOLAR_DROP,5.1,SOLAR_FARM,Inject BESS synthetic inertia +15MW & ramp utility interconnect spinning reserve.
49.947,-0.1665,0.9941,111.86,100.13,11.73,80.57,17.98,17.15,73.3,19.65,30.73,9.23,8.0,EV_SURGE,13.3,EV_PLAZA,Dispatch BESS +18MW & Throttle EV Plaza chargers by 25%. Hospital locked immune.
49.803,-0.3252,0.9945,101.0,75.78,25.22,73.13,3.58,7.2,50.0,6.99,30.88,9.61,8.0,WIND_STALL,10.0,WIND_FARM,Command turbine blade pitch compensation & AGC governor reserve ramp.
50.144,0.25,1.0046,101.05,112.04,-10.99,72.72,32.89,14.14,79.0,7.51,30.62,10.97,8.0,NOMINAL,5.0,NONE,Nominal operating envelope. Spinning reserves active.
49.984,-0.0875,1.0024,101.08,94.94,6.14,72.01,9.98,19.96,61.8,7.27,28.94,10.81,8.0,NOMINAL,5.0,NONE,Nominal operating envelope. Spinning reserves active.
50.218,0.4451,1.0061,98.96,119.78,-20.82,70.55,34.95,19.83,74.2,7.6,29.11,10.21,8.0,NOMINAL,5.0,NONE,Nominal operating envelope. Spinning reserves active.
49.835,-0.2261,0.9959,100.87,80.64,20.23,70.97,0.12,15.52,83.3,7.13,31.38,10.51,8.0,SOLAR_DROP,8.0,SOLAR_FARM,Inject BESS synthetic inertia +15MW & ramp utility interconnect spinning reserve.
49.867,-0.2141,0.9969,100.41,83.69,16.72,72.66,1.43,17.27,60.9,7.34,31.14,9.62,8.0,SOLAR_DROP,6.4,SOLAR_FARM,Inject BESS synthetic inertia +15MW & ramp utility interconnect spinning reserve.
50.018,0.0521,0.9986,99.87,100.93,-1.07,70.55,23.51,12.43,36.3,7.02,29.63,10.46,8.0,BESS_OUTAGE,25.9,BESS_STATION,Emergency demand-response load curtailment. Fast-trip substation feeder protection armed.
49.949,-0.0673,0.9945,101.83,94.98,6.86,72.55,10.01,19.96,60.5,7.46,30.23,9.97,8.0,NOMINAL,5.0,NONE,Nominal operating envelope. Spinning reserves active.
50.176,0.3451,1.0017,100.91,114.08,-13.18,71.84,33.52,15.56,52.3,6.94,29.92,10.26,8.0,NOMINAL,5.0,NONE,Nominal operating envelope. Spinning reserves active.
49.9,-0.2543,0.9964,102.93,86.14,16.78,74.16,6.29,14.85,47.1,7.22,31.83,9.84,8.0,SOLAR_DROP,5.6,SOLAR_FARM,Inject BESS synthetic inertia +15MW & ramp utility interconnect spinning reserve.
49.927,-0.0468,0.9999,99.57,98.63,0.94,71.46,14.34,19.29,38.3,6.8,29.43,9.78,8.0,BESS_OUTAGE,27.5,BESS_STATION,Emergency demand-response load curtailment. Fast-trip substation feeder protection armed.
49.431,-0.9096,0.9796,99.91,82.03,17.87,71.41,1.19,15.84,37.5,7.01,30.08,9.92,8.0,BESS_OUTAGE,56.7,BESS_STATION,Emergency demand-response load curtailment. Fast-trip substation feeder protection armed.
49.952,-0.0678,0.9975,98.45,93.92,4.54,69.85,23.35,5.57,51.6,6.72,29.68,9.48,8.0,WIND_STALL,5.0,WIND_FARM,Command turbine blade pitch compensation & AGC governor reserve ramp.
50.051,0.0474,1.0043,100.2,103.18,-2.98,71.23,28.17,10.0,52.3,6.7,30.62,9.74,8.0,NOMINAL,5.0,NONE,Nominal operating envelope. Spinning reserves active.
49.867,-0.2724,0.995,100.74,82.82,17.93,71.81,1.16,16.66,78.1,7.19,30.6,10.56,8.0,SOLAR_DROP,7.6,SOLAR_FARM,Inject BESS synthetic inertia +15MW & ramp utility interconnect spinning reserve.
49.992,-0.0367,1.0012,116.93,114.21,2.72,83.34,33.56,15.65,81.8,25.9,29.44,10.49,8.0,EV_SURGE,11.9,EV_PLAZA,Dispatch BESS +18MW & Throttle EV Plaza chargers by 25%. Hospital locked immune.
49.937,-0.1149,0.9959,109.24,100.13,9.11,78.77,17.98,17.15,77.4,6.22,30.29,21.62,8.0,DATACENTER_SPIKE,9.9,AI_DATACENTER,AI cluster compute power cap & BESS localized peak shaving.
50.071,0.1066,1.0052,98.19,104.16,-5.97,70.36,29.07,10.09,66.8,6.76,30.92,9.81,8.0,NOMINAL,5.0,NONE,Nominal operating envelope. Spinning reserves active.
50.033,0.0309,1.0013,100.07,100.85,-0.78,71.57,22.97,12.88,45.7,7.31,28.97,10.28,8.0,NOMINAL,5.0,NONE,Nominal operating envelope. Spinning reserves active.
49.972,-0.0751,0.9956,101.14,99.92,1.22,72.5,17.24,17.68,59.1,7.09,29.9,10.35,8.0,NOMINAL,5.0,NONE,Nominal operating envelope. Spinning reserves active.
49.892,-0.1774,0.9924,100.4,87.17,13.23,70.85,9.89,12.28,53.7,6.94,30.6,10.11,8.0,SOLAR_DROP,8.3,SOLAR_FARM,Inject BESS synthetic inertia +15MW & ramp utility interconnect spinning reserve.
49.983,-0.019,1.0005,100.43,100.06,0.37,72.81,17.73,17.33,47.7,7.34,31.34,10.0,8.0,NOMINAL,5.0,NONE,Nominal operating envelope. Spinning reserves active.
50.04,0.0737,0.9976,100.27,103.04,-2.77,71.77,31.29,6.75,71.6,7.52,30.61,10.22,8.0,WIND_STALL,5.0,WIND_FARM,Command turbine blade pitch compensation & AGC governor reserve ramp.
49.952,-0.0644,0.9988,114.81,111.08,3.74,82.8,32.57,13.51,49.8,7.45,45.01,10.57,8.0,INDUSTRIAL_INRUSH,13.3,INDUSTRIAL,Activate STATCOM reactive voltage support & engage interruptible tariff shedding.
49.955,-0.0673,0.9982,113.04,107.23,5.81,80.61,30.98,11.25,60.6,20.26,29.87,9.98,8.0,EV_SURGE,10.5,EV_PLAZA,Dispatch BESS +18MW & Throttle EV Plaza chargers by 25%. Hospital locked immune.
50.232,0.3021,1.0077,100.73,119.5,-18.77,72.14,34.89,19.61,84.5,7.32,29.9,10.0,8.0,NOMINAL,5.0,NONE,Nominal operating envelope. Spinning reserves active.
49.901,-0.0695,0.9975,101.6,97.05,4.54,73.03,12.15,19.9,55.5,6.77,31.51,10.07,8.0,NOMINAL,5.0,NONE,Nominal operating envelope. Spinning reserves active.
50.244,0.4267,1.0112,97.8,118.12,-20.32,69.52,34.57,18.54,74.5,6.83,29.23,9.69,8.0,NOMINAL,5.0,NONE,Nominal operating envelope. Spinning reserves active.
49.951,-0.1085,0.9998,99.45,92.41,7.04,70.85,8.58,18.83,79.9,6.96,29.13,10.02,8.0,SOLAR_DROP,5.0,SOLAR_FARM,Inject BESS synthetic inertia +15MW & ramp utility interconnect spinning reserve.
49.921,-0.1838,0.9957,113.07,101.14,11.93,81.57,24.47,11.67,62.6,6.54,30.16,23.72,8.0,DATACENTER_SPIKE,14.5,AI_DATACENTER,AI cluster compute power cap & BESS localized peak shaving.
49.868,-0.2398,0.9951,100.11,84.42,15.68,71.08,6.74,12.68,48.4,7.03,29.31,9.93,8.0,SOLAR_DROP,7.5,SOLAR_FARM,Inject BESS synthetic inertia +15MW & ramp utility interconnect spinning reserve.
49.986,-0.0611,1.003,101.64,96.22,5.43,73.06,25.86,5.35,51.2,6.82,32.49,9.95,8.0,WIND_STALL,5.0,WIND_FARM,Command turbine blade pitch compensation & AGC governor reserve ramp.
49.945,-0.0774,0.9964,96.3,89.08,7.21,69.09,5.52,18.56,43.9,7.02,27.72,9.58,8.0,NOMINAL,5.0,NONE,Nominal operating envelope. Spinning reserves active.
49.872,-0.2279,0.9894,99.35,84.17,15.18,70.39,1.61,17.55,58.5,6.66,30.27,10.41,8.0,SOLAR_DROP,10.9,SOLAR_FARM,Inject BESS synthetic inertia +15MW & ramp utility interconnect spinning reserve.
50.157,0.2603,1.0051,98.48,109.43,-10.95,69.98,31.96,12.47,74.7,7.38,29.07,10.12,8.0,NOMINAL,5.0,NONE,Nominal operating envelope. Spinning reserves active.
50.186,0.3088,1.009,100.71,115.9,-15.19,72.25,34.02,16.88,43.7,7.11,30.65,9.91,8.0,NOMINAL,5.0,NONE,Nominal operating envelope. Spinning reserves active.
50.004,0.0484,0.9966,97.52,98.41,-0.89,69.65,28.74,4.67,74.3,7.03,29.43,9.8,8.0,WIND_STALL,5.0,WIND_FARM,Command turbine blade pitch compensation & AGC governor reserve ramp.
49.951,-0.0968,1.0036,111.66,105.03,6.63,80.22,29.72,10.32,67.5,7.43,31.7,18.74,8.0,DATACENTER_SPIKE,8.9,AI_DATACENTER,AI cluster compute power cap & BESS localized peak shaving.
49.918,-0.152,0.9981,115.96,101.95,14.01,83.12,26.54,10.41,45.8,20.92,30.95,9.94,8.0,EV_SURGE,15.3,EV_PLAZA,Dispatch BESS +18MW & Throttle EV Plaza chargers by 25%. Hospital locked immune.
49.942,-0.0985,0.9929,115.03,107.75,7.28,82.27,31.23,11.52,54.6,6.92,31.24,23.87,8.0,DATACENTER_SPIKE,16.5,AI_DATACENTER,AI cluster compute power cap & BESS localized peak shaving.
49.851,-0.1848,0.9992,120.99,106.13,14.86,86.9,30.4,10.73,77.8,26.9,29.81,10.44,8.0,EV_SURGE,22.1,EV_PLAZA,Dispatch BESS +18MW & Throttle EV Plaza chargers by 25%. Hospital locked immune.
49.967,-0.0379,0.9987,99.97,96.29,3.67,70.82,26.23,5.06,82.7,7.05,29.51,11.14,8.0,WIND_STALL,5.0,WIND_FARM,Command turbine blade pitch compensation & AGC governor reserve ramp.
49.982,-0.0929,0.9997,99.57,92.38,7.18,71.35,12.41,14.97,63.2,6.8,29.62,10.06,8.0,SOLAR_DROP,5.0,SOLAR_FARM,Inject BESS synthetic inertia +15MW & ramp utility interconnect spinning reserve.
50.029,0.112,1.0017,101.92,105.99,-4.08,72.58,33.06,7.93,71.1,7.27,30.78,9.68,8.0,WIND_STALL,5.0,WIND_FARM,Command turbine blade pitch compensation & AGC governor reserve ramp.
49.995,-0.039,0.9957,102.59,99.7,2.89,73.39,16.58,18.12,52.6,7.15,30.89,10.73,8.0,NOMINAL,5.0,NONE,Nominal operating envelope. Spinning reserves active.
49.956,-0.1111,0.9962,99.05,88.36,10.69,70.85,3.48,19.88,66.7,6.61,29.01,9.76,8.0,SOLAR_DROP,5.0,SOLAR_FARM,Inject BESS synthetic inertia +15MW & ramp utility interconnect spinning reserve.
50.123,0.2046,1.0087,100.27,108.98,-8.71,71.66,34.39,9.59,62.3,6.35,30.39,9.13,8.0,WIND_STALL,5.0,WIND_FARM,Command turbine blade pitch compensation & AGC governor reserve ramp.
50.143,0.2342,1.0019,98.31,108.08,-9.77,70.45,31.39,11.7,68.2,6.59,29.35,9.81,8.0,NOMINAL,5.0,NONE,Nominal operating envelope. Spinning reserves active.
50.342,0.5098,1.0132,98.18,109.01,-10.83,69.79,31.79,12.22,30.1,6.56,30.63,9.92,8.0,BESS_OUTAGE,25.0,BESS_STATION,Emergency demand-response load curtailment. Fast-trip substation feeder protection armed.
49.964,-0.0446,1.0011,102.3,101.5,0.8,73.67,16.81,19.69,78.2,7.44,31.56,9.48,8.0,SOLAR_DROP,5.0,SOLAR_FARM,Inject BESS synthetic inertia +15MW & ramp utility interconnect spinning reserve.
49.917,-0.1395,1.0026,99.39,88.32,11.06,71.55,6.87,16.45,65.7,7.05,29.75,10.52,8.0,SOLAR_DROP,5.0,SOLAR_FARM,Inject BESS synthetic inertia +15MW & ramp utility interconnect spinning reserve.
49.856,-0.2512,0.9963,117.19,98.2,18.99,84.69,13.66,19.54,79.1,21.76,32.47,10.09,8.0,EV_SURGE,20.7,EV_PLAZA,Dispatch BESS +18MW & Throttle EV Plaza chargers by 25%. Hospital locked immune.
49.917,-0.1987,0.9945,99.52,87.77,11.75,71.05,12.36,10.41,54.0,6.18,30.31,9.46,8.0,SOLAR_DROP,6.2,SOLAR_FARM,Inject BESS synthetic inertia +15MW & ramp utility interconnect spinning reserve.
49.955,-0.1259,0.9957,102.31,93.17,9.14,72.72,8.47,19.7,70.0,6.9,30.52,10.07,8.0,NOMINAL,5.0,NONE,Nominal operating envelope. Spinning reserves active.
49.9,-0.1477,0.9956,114.0,100.93,13.07,81.63,23.49,12.44,84.3,7.05,43.9,8.95,8.0,INDUSTRIAL_INRUSH,15.4,INDUSTRIAL,Activate STATCOM reactive voltage support & engage interruptible tariff shedding.
49.829,-0.3281,0.9959,100.69,95.31,5.39,71.63,10.32,19.99,35.8,6.99,29.4,9.51,8.0,BESS_OUTAGE,33.2,BESS_STATION,Emergency demand-response load curtailment. Fast-trip substation feeder protection armed.
49.407,-0.9207,0.9867,120.82,81.89,38.93,87.04,1.1,15.78,41.6,7.16,48.28,10.43,8.0,INDUSTRIAL_INRUSH,45.0,INDUSTRIAL,Activate STATCOM reactive voltage support & engage interruptible tariff shedding.
49.823,-0.1806,0.9897,98.89,80.92,17.96,71.5,5.96,9.97,53.8,6.8,30.88,9.78,8.0,WIND_STALL,12.4,WIND_FARM,Command turbine blade pitch compensation & AGC governor reserve ramp.
50.144,0.2712,1.0053,100.93,112.78,-11.85,71.25,33.13,14.65,69.5,7.36,29.6,10.56,8.0,NOMINAL,5.0,NONE,Nominal operating envelope. Spinning reserves active.
50.026,0.0627,1.0045,99.49,100.89,-1.4,70.57,23.24,12.65,76.1,6.77,31.02,9.67,8.0,NOMINAL,5.0,NONE,Nominal operating envelope. Spinning reserves active.
49.943,-0.1021,1.0038,98.93,91.14,7.79,70.54,8.53,17.61,40.9,7.18,29.51,9.76,8.0,SOLAR_DROP,5.0,SOLAR_FARM,Inject BESS synthetic inertia +15MW & ramp utility interconnect spinning reserve.
49.991,-0.0388,0.9944,122.18,119.79,2.4,87.52,34.95,19.83,82.3,28.97,29.1,10.41,8.0,EV_SURGE,21.4,EV_PLAZA,Dispatch BESS +18MW & Throttle EV Plaza chargers by 25%. Hospital locked immune.
50.252,0.3489,1.0083,101.72,118.94,-17.21,72.46,34.76,19.17,40.4,7.31,29.7,10.37,8.0,NOMINAL,5.0,NONE,Nominal operating envelope. Spinning reserves active.
49.907,-0.1642,0.9956,111.91,101.79,10.12,80.38,26.23,10.55,54.0,7.41,42.53,9.99,8.0,INDUSTRIAL_INRUSH,13.4,INDUSTRIAL,Activate STATCOM reactive voltage support & engage interruptible tariff shedding.
49.87,-0.2326,0.9995,122.71,100.59,22.12,88.19,20.69,14.89,58.8,28.38,30.37,9.93,8.0,EV_SURGE,23.1,EV_PLAZA,Dispatch BESS +18MW & Throttle EV Plaza chargers by 25%. Hospital locked immune.
49.857,-0.2049,0.9942,116.09,97.3,18.8,83.76,12.45,19.85,71.6,7.45,46.54,9.97,8.0,INDUSTRIAL_INRUSH,20.7,INDUSTRIAL,Activate STATCOM reactive voltage support & engage interruptible tariff shedding.
49.928,-0.1342,0.9973,113.04,104.99,8.05,81.62,29.69,10.3,70.5,7.21,44.46,10.27,8.0,INDUSTRIAL_INRUSH,13.3,INDUSTRIAL,Activate STATCOM reactive voltage support & engage interruptible tariff shedding.
50.005,0.0445,1.0006,119.17,119.98,-0.81,86.01,35.0,19.99,67.5,24.57,29.9,10.57,8.0,EV_SURGE,15.4,EV_PLAZA,Dispatch BESS +18MW & Throttle EV Plaza chargers by 25%. Hospital locked immune.
50.046,0.0939,0.998,98.79,100.32,-1.53,69.98,18.87,16.45,66.9,6.28,28.94,10.43,8.0,NOMINAL,5.0,NONE,Nominal operating envelope. Spinning reserves active.
50.067,0.0996,1.0049,115.0,118.66,-3.66,82.23,34.7,18.96,68.2,22.28,30.07,10.21,8.0,EV_SURGE,10.1,EV_PLAZA,Dispatch BESS +18MW & Throttle EV Plaza chargers by 25%. Hospital locked immune.
49.856,-0.3275,0.9982,119.87,99.65,20.22,86.26,16.44,18.21,45.0,24.83,30.85,9.84,8.0,EV_SURGE,21.7,EV_PLAZA,Dispatch BESS +18MW & Throttle EV Plaza chargers by 25%. Hospital locked immune.
50.105,0.185,1.0073,99.91,108.42,-8.5,70.99,34.98,8.43,82.7,7.21,28.86,10.23,8.0,WIND_STALL,5.0,WIND_FARM,Command turbine blade pitch compensation & AGC governor reserve ramp.
49.831,-0.2318,0.9957,119.02,102.07,16.95,86.0,26.74,10.33,40.3,24.42,31.56,10.26,8.0,EV_SURGE,23.7,EV_PLAZA,Dispatch BESS +18MW & Throttle EV Plaza chargers by 25%. Hospital locked immune.
49.941,-0.1223,0.9986,98.5,89.82,8.69,71.11,13.89,10.93,43.2,7.45,28.37,10.33,8.0,SOLAR_DROP,5.0,SOLAR_FARM,Inject BESS synthetic inertia +15MW & ramp utility interconnect spinning reserve.
50.048,0.0442,1.0026,98.42,100.5,-2.08,69.67,19.99,15.51,54.8,7.14,29.32,9.7,8.0,NOMINAL,5.0,NONE,Nominal operating envelope. Spinning reserves active.
49.88,-0.2058,0.9967,109.86,91.64,18.21,78.14,7.3,19.34,51.5,6.68,41.28,9.52,8.0,INDUSTRIAL_INRUSH,10.5,INDUSTRIAL,Activate STATCOM reactive voltage support & engage interruptible tariff shedding.
49.978,-0.0966,0.9994,102.89,97.01,5.88,73.47,25.82,6.19,69.5,6.41,30.86,10.47,8.0,WIND_STALL,5.0,WIND_FARM,Command turbine blade pitch compensation & AGC governor reserve ramp.
50.021,0.0962,1.0049,98.99,100.69,-1.7,71.31,21.63,14.06,62.1,6.55,29.44,9.7,8.0,NOMINAL,5.0,NONE,Nominal operating envelope. Spinning reserves active.
49.812,-0.3983,0.9937,99.96,74.83,25.13,71.63,2.93,6.9,53.7,6.87,29.71,10.19,8.0,WIND_STALL,10.2,WIND_FARM,Command turbine blade pitch compensation & AGC governor reserve ramp.
50.178,0.4496,1.0083,100.7,117.31,-16.61,71.79,34.38,17.93,74.9,6.47,28.59,10.4,8.0,NOMINAL,5.0,NONE,Nominal operating envelope. Spinning reserves active.
49.892,-0.1265,0.9976,115.65,106.58,9.08,82.09,30.64,10.93,50.3,23.39,30.46,10.0,8.0,EV_SURGE,15.0,EV_PLAZA,Dispatch BESS +18MW & Throttle EV Plaza chargers by 25%. Hospital locked immune.
49.887,-0.132,0.9975,113.53,101.36,12.18,81.22,25.2,11.15,74.8,21.4,29.1,10.18,8.0,EV_SURGE,14.0,EV_PLAZA,Dispatch BESS +18MW & Throttle EV Plaza chargers by 25%. Hospital locked immune.
50.387,0.7656,1.0203,98.57,110.27,-11.71,70.27,32.28,12.99,34.9,7.01,28.59,9.61,8.0,BESS_OUTAGE,25.0,BESS_STATION,Emergency demand-response load curtailment. Fast-trip substation feeder protection armed.
49.862,-0.1782,0.995,118.51,104.31,14.2,85.17,29.19,10.12,41.8,23.29,30.99,9.8,8.0,EV_SURGE,22.0,EV_PLAZA,Dispatch BESS +18MW & Throttle EV Plaza chargers by 25%. Hospital locked immune.
49.938,-0.1235,0.9935,99.86,90.69,9.18,72.06,5.77,19.91,66.6,7.16,31.01,9.81,8.0,SOLAR_DROP,6.1,SOLAR_FARM,Inject BESS synthetic inertia +15MW & ramp utility interconnect spinning reserve.
49.905,-0.1845,0.9954,100.82,84.34,16.48,71.62,1.59,17.75,72.2,7.62,30.34,10.06,8.0,SOLAR_DROP,6.0,SOLAR_FARM,Inject BESS synthetic inertia +15MW & ramp utility interconnect spinning reserve.
49.966,-0.0537,0.9983,101.38,100.12,1.27,72.53,17.93,17.18,23.8,6.86,31.09,9.96,8.0,BESS_OUTAGE,27.2,BESS_STATION,Emergency demand-response load curtailment. Fast-trip substation feeder protection armed.
49.876,-0.1626,0.9942,110.23,94.7,15.53,79.68,9.76,19.94,48.7,6.52,29.55,22.15,8.0,DATACENTER_SPIKE,14.3,AI_DATACENTER,AI cluster compute power cap & BESS localized peak shaving.
50.187,0.3681,1.0037,97.27,112.88,-15.61,69.64,33.16,14.72,84.2,7.05,28.87,9.98,8.0,NOMINAL,5.0,NONE,Nominal operating envelope. Spinning reserves active.
50.166,0.3267,1.0053,100.25,111.99,-11.74,71.13,32.88,14.11,74.5,6.71,30.07,10.12,8.0,NOMINAL,5.0,NONE,Nominal operating envelope. Spinning reserves active.
49.853,-0.1893,0.9991,112.31,99.22,13.09,80.27,15.44,18.78,83.2,6.64,42.39,10.31,8.0,INDUSTRIAL_INRUSH,12.8,INDUSTRIAL,Activate STATCOM reactive voltage support & engage interruptible tariff shedding.
49.878,-0.1611,1.001,101.78,86.9,14.88,72.18,4.12,17.78,48.2,7.07,30.3,9.93,8.0,NOMINAL,5.0,NONE,Nominal operating envelope. Spinning reserves active.
50.029,0.0453,0.9977,110.69,111.79,-1.1,78.24,32.81,13.98,83.8,6.56,32.16,19.14,8.0,DATACENTER_SPIKE,6.0,AI_DATACENTER,AI cluster compute power cap & BESS localized peak shaving.
50.263,0.4412,1.0117,100.73,119.11,-18.37,72.53,34.8,19.3,75.0,7.2,29.86,10.47,8.0,NOMINAL,5.0,NONE,Nominal operating envelope. Spinning reserves active.
49.859,-0.2388,0.9964,99.33,81.71,17.62,70.11,3.6,13.11,45.8,7.22,28.91,10.12,8.0,SOLAR_DROP,6.9,SOLAR_FARM,Inject BESS synthetic inertia +15MW & ramp utility interconnect spinning reserve.
49.955,-0.07,0.9972,99.9,98.58,1.32,71.51,14.27,19.32,68.7,6.9,30.68,9.54,8.0,NOMINAL,5.0,NONE,Nominal operating envelope. Spinning reserves active.
50.056,0.1304,1.0036,101.25,107.06,-5.81,72.82,33.84,8.22,42.3,7.31,31.26,9.78,8.0,WIND_STALL,5.0,WIND_FARM,Command turbine blade pitch compensation & AGC governor reserve ramp.
50.004,-0.0146,0.9962,100.76,100.39,0.37,72.28,19.23,16.16,47.1,7.47,31.72,9.36,8.0,NOMINAL,5.0,NONE,Nominal operating envelope. Spinning reserves active.
49.941,-0.0708,1.0,101.52,95.05,6.48,72.63,25.61,4.43,63.1,6.88,31.07,11.19,8.0,WIND_STALL,5.0,WIND_FARM,Command turbine blade pitch compensation & AGC governor reserve ramp.
50.062,0.0844,1.0027,100.58,104.35,-3.77,71.02,32.54,6.81,65.2,6.68,32.22,9.7,8.0,WIND_STALL,5.0,WIND_FARM,Command turbine blade pitch compensation & AGC governor reserve ramp.
49.993,-0.0083,0.9978,101.03,100.89,0.14,72.23,23.21,12.68,55.3,7.22,29.94,11.01,8.0,NOMINAL,5.0,NONE,Nominal operating envelope. Spinning reserves active.
49.81,-0.3222,0.99,115.21,91.69,23.51,83.14,7.34,19.35,51.7,6.74,45.03,10.28,8.0,INDUSTRIAL_INRUSH,24.0,INDUSTRIAL,Activate STATCOM reactive voltage support & engage interruptible tariff shedding.
49.859,-0.2751,0.9994,100.3,82.35,17.95,71.84,3.34,14.01,73.8,7.39,30.81,10.7,8.0,SOLAR_DROP,5.0,SOLAR_FARM,Inject BESS synthetic inertia +15MW & ramp utility interconnect spinning reserve.
50.063,0.0556,1.0051,116.55,119.78,-3.23,83.98,34.95,19.82,48.3,7.58,31.26,24.16,8.0,DATACENTER_SPIKE,12.6,AI_DATACENTER,AI cluster compute power cap & BESS localized peak shaving.
50.003,0.0389,0.9976,99.23,100.05,-0.82,70.16,30.6,4.44,48.9,6.94,29.86,9.61,8.0,WIND_STALL,5.0,WIND_FARM,Command turbine blade pitch compensation & AGC governor reserve ramp.
49.914,-0.1537,0.9967,115.35,104.3,11.05,83.28,29.18,10.12,81.6,7.29,46.22,10.22,8.0,INDUSTRIAL_INRUSH,16.5,INDUSTRIAL,Activate STATCOM reactive voltage support & engage interruptible tariff shedding.
49.899,-0.1638,0.9939,101.09,86.66,14.43,72.52,11.55,10.11,67.5,7.16,30.2,10.72,8.0,SOLAR_DROP,7.2,SOLAR_FARM,Inject BESS synthetic inertia +15MW & ramp utility interconnect spinning reserve.
49.825,-0.3332,0.9961,118.05,97.43,20.62,84.34,12.61,19.82,59.6,24.39,30.32,10.33,8.0,EV_SURGE,21.3,EV_PLAZA,Dispatch BESS +18MW & Throttle EV Plaza chargers by 25%. Hospital locked immune.
49.998,0.016,1.0019,100.54,100.77,-0.23,71.97,22.34,13.43,78.5,7.01,30.32,10.56,8.0,NOMINAL,5.0,NONE,Nominal operating envelope. Spinning reserves active.
50.104,0.1468,1.0092,99.88,108.43,-8.55,71.55,34.91,8.52,78.3,6.85,30.54,10.46,8.0,WIND_STALL,5.0,WIND_FARM,Command turbine blade pitch compensation & AGC governor reserve ramp.
49.953,-0.0919,1.0039,108.58,102.87,5.72,78.06,27.83,10.03,48.7,6.82,28.05,22.18,8.0,DATACENTER_SPIKE,5.9,AI_DATACENTER,AI cluster compute power cap & BESS localized peak shaving.
49.907,-0.237,0.9953,120.51,106.52,13.99,87.56,30.61,10.91,65.4,28.74,28.84,10.19,8.0,EV_SURGE,23.6,EV_PLAZA,Dispatch BESS +18MW & Throttle EV Plaza chargers by 25%. Hospital locked immune.
49.915,-0.1156,0.9963,96.76,86.57,10.19,68.44,10.58,10.98,79.0,7.2,28.26,9.52,8.0,WIND_STALL,5.2,WIND_FARM,Command turbine blade pitch compensation & AGC governor reserve ramp.
50.116,0.139,1.004,95.87,104.33,-8.46,68.57,32.9,6.43,70.1,7.56,28.27,8.82,8.0,WIND_STALL,5.0,WIND_FARM,Command turbine blade pitch compensation & AGC governor reserve ramp.
50.032,0.0367,1.0038,100.25,102.47,-2.22,71.49,32.16,5.32,80.6,7.39,29.7,10.1,8.0,WIND_STALL,5.0,WIND_FARM,Command turbine blade pitch compensation & AGC governor reserve ramp.
49.881,-0.1854,0.9961,116.27,100.71,15.56,83.6,21.86,13.85,64.5,22.51,31.43,10.18,8.0,EV_SURGE,18.4,EV_PLAZA,Dispatch BESS +18MW & Throttle EV Plaza chargers by 25%. Hospital locked immune.
49.945,-0.0925,1.0032,115.25,108.59,6.66,83.28,31.61,11.98,80.2,19.88,31.7,10.39,8.0,EV_SURGE,13.4,EV_PLAZA,Dispatch BESS +18MW & Throttle EV Plaza chargers by 25%. Hospital locked immune.
49.897,-0.2095,0.9978,100.71,86.6,14.11,71.39,10.76,10.84,43.8,7.17,30.42,9.87,8.0,SOLAR_DROP,5.0,SOLAR_FARM,Inject BESS synthetic inertia +15MW & ramp utility interconnect spinning reserve.
49.862,-0.1988,0.9963,98.66,87.17,11.49,70.44,4.29,17.88,82.9,6.65,29.92,10.35,8.0,NOMINAL,5.0,NONE,Nominal operating envelope. Spinning reserves active.
49.943,-0.0508,0.9965,98.79,93.71,5.09,70.4,21.5,7.21,52.5,6.69,28.95,10.52,8.0,WIND_STALL,5.0,WIND_FARM,Command turbine blade pitch compensation & AGC governor reserve ramp.
50.054,0.0822,0.9985,98.69,102.92,-4.24,70.58,27.9,10.02,76.9,7.32,29.23,9.46,8.0,NOMINAL,5.0,NONE,Nominal operating envelope. Spinning reserves active.
49.875,-0.2149,0.9976,101.72,86.37,15.35,72.53,8.71,12.66,41.6,7.5,30.53,10.1,8.0,SOLAR_DROP,5.7,SOLAR_FARM,Inject BESS synthetic inertia +15MW & ramp utility interconnect spinning reserve.
49.918,-0.1579,0.9966,116.33,106.55,9.78,83.7,30.63,10.92,56.6,6.85,47.71,9.62,8.0,INDUSTRIAL_INRUSH,17.0,INDUSTRIAL,Activate STATCOM reactive voltage support & engage interruptible tariff shedding.
49.839,-0.2964,0.9976,101.2,80.66,20.54,72.59,5.59,10.08,53.1,6.96,30.84,9.59,8.0,SOLAR_DROP,6.9,SOLAR_FARM,Inject BESS synthetic inertia +15MW & ramp utility interconnect spinning reserve.
49.925,-0.0872,1.0003,109.62,102.38,7.24,78.93,27.21,10.17,83.9,7.36,39.9,9.85,8.0,INDUSTRIAL_INRUSH,8.0,INDUSTRIAL,Activate STATCOM reactive voltage support & engage interruptible tariff shedding.
50.126,0.1779,1.0015,103.03,111.88,-8.84,73.83,32.84,14.03,45.7,7.39,30.57,9.64,8.0,NOMINAL,5.0,NONE,Nominal operating envelope. Spinning reserves active.
49.859,-0.3006,0.9977,115.39,94.89,20.5,83.6,9.93,19.96,74.0,6.52,45.34,10.83,8.0,INDUSTRIAL_INRUSH,18.2,INDUSTRIAL,Activate STATCOM reactive voltage support & engage interruptible tariff shedding.
49.909,-0.0917,0.996,109.11,100.63,8.48,78.51,21.1,14.53,42.3,19.13,29.39,9.87,8.0,EV_SURGE,10.5,EV_PLAZA,Dispatch BESS +18MW & Throttle EV Plaza chargers by 25%. Hospital locked immune.
49.985,-0.0775,0.9948,108.57,103.66,4.91,77.36,28.64,10.02,40.6,7.2,30.09,18.6,8.0,DATACENTER_SPIKE,7.0,AI_DATACENTER,AI cluster compute power cap & BESS localized peak shaving.
49.877,-0.2382,0.9985,108.07,93.74,14.33,77.57,8.94,19.81,42.3,7.16,29.32,18.39,8.0,DATACENTER_SPIKE,8.6,AI_DATACENTER,AI cluster compute power cap & BESS localized peak shaving.
49.896,-0.1287,1.0017,101.53,88.55,12.98,72.32,3.88,19.67,66.0,7.18,30.52,10.44,8.0,SOLAR_DROP,5.0,SOLAR_FARM,Inject BESS synthetic inertia +15MW & ramp utility interconnect spinning reserve.
49.863,-0.2768,0.9962,118.42,99.21,19.22,85.04,15.41,18.8,80.7,7.41,46.64,10.49,8.0,INDUSTRIAL_INRUSH,21.0,INDUSTRIAL,Activate STATCOM reactive voltage support & engage interruptible tariff shedding.
49.911,-0.138,0.9988,99.51,87.23,12.28,71.35,12.21,10.02,46.7,6.68,29.69,10.52,8.0,SOLAR_DROP,5.0,SOLAR_FARM,Inject BESS synthetic inertia +15MW & ramp utility interconnect spinning reserve.
49.965,-0.061,0.9967,102.27,101.02,1.25,72.31,23.96,12.06,75.2,7.15,29.78,10.22,8.0,NOMINAL,5.0,NONE,Nominal operating envelope. Spinning reserves active.
49.85,-0.2237,1.001,118.91,100.02,18.88,85.11,17.59,17.44,82.0,27.8,29.54,9.91,8.0,EV_SURGE,19.1,EV_PLAZA,Dispatch BESS +18MW & Throttle EV Plaza chargers by 25%. Hospital locked immune.
49.633,-0.8822,0.989,118.16,84.7,33.46,84.94,2.77,16.93,45.9,27.5,28.95,10.04,8.0,EV_SURGE,33.0,EV_PLAZA,Dispatch BESS +18MW & Throttle EV Plaza chargers by 25%. Hospital locked immune.
50.056,0.1309,0.9987,97.5,102.52,-5.02,69.71,31.97,5.55,44.5,6.68,28.96,9.31,8.0,WIND_STALL,5.0,WIND_FARM,Command turbine blade pitch compensation & AGC governor reserve ramp.
50.181,0.3884,1.0054,99.02,112.86,-13.84,70.04,33.16,14.7,67.4,7.56,28.58,9.9,8.0,NOMINAL,5.0,NONE,Nominal operating envelope. Spinning reserves active.
49.954,-0.0736,0.9917,98.72,93.72,5.0,70.36,19.92,8.8,62.8,7.29,28.5,9.65,8.0,WIND_STALL,6.8,WIND_FARM,Command turbine blade pitch compensation & AGC governor reserve ramp.
49.968,-0.0551,0.9977,99.4,98.39,1.01,70.53,13.95,19.44,42.0,7.17,29.47,10.27,8.0,NOMINAL,5.0,NONE,Nominal operating envelope. Spinning reserves active.
50.106,0.1373,1.0028,101.17,109.23,-8.06,73.01,31.88,12.35,43.4,7.1,30.62,10.54,8.0,NOMINAL,5.0,NONE,Nominal operating envelope. Spinning reserves active.
50.026,0.0578,0.9974,99.06,100.0,-0.94,70.54,17.5,17.5,57.8,7.89,28.98,10.62,8.0,NOMINAL,5.0,NONE,Nominal operating envelope. Spinning reserves active.
49.896,-0.2441,0.9979,100.19,81.83,18.36,71.5,0.67,16.16,74.7,6.82,30.52,9.9,8.0,SOLAR_DROP,5.0,SOLAR_FARM,Inject BESS synthetic inertia +15MW & ramp utility interconnect spinning reserve.
49.97,-0.0633,0.9988,100.67,99.77,0.9,72.89,16.76,18.0,83.8,6.85,29.93,9.82,8.0,NOMINAL,5.0,NONE,Nominal operating envelope. Spinning reserves active.
50.223,0.2978,1.0063,98.36,114.54,-16.19,70.79,33.65,15.89,66.5,6.6,29.39,9.62,8.0,NOMINAL,5.0,NONE,Nominal operating envelope. Spinning reserves active.
49.952,-0.1135,0.9976,111.02,102.48,8.55,80.24,27.35,10.13,75.4,6.93,29.06,22.12,8.0,DATACENTER_SPIKE,10.5,AI_DATACENTER,AI cluster compute power cap & BESS localized peak shaving.
49.668,-0.6786,0.9897,103.15,73.17,29.98,74.16,0.79,7.38,74.3,7.34,31.29,10.13,8.0,WIND_STALL,17.5,WIND_FARM,Command turbine blade pitch compensation & AGC governor reserve ramp.
50.132,0.1976,1.0006,98.09,102.06,-3.97,70.56,26.72,10.34,33.3,6.68,29.17,9.86,8.0,BESS_OUTAGE,25.0,BESS_STATION,Emergency demand-response load curtailment. Fast-trip substation feeder protection armed.
49.944,-0.0439,1.0013,101.89,100.92,0.97,73.45,23.45,12.48,65.7,7.48,30.23,10.03,8.0,NOMINAL,5.0,NONE,Nominal operating envelope. Spinning reserves active.
49.835,-0.3232,0.9935,102.83,82.31,20.52,73.5,0.56,16.76,64.1,7.13,31.23,9.86,8.0,SOLAR_DROP,9.5,SOLAR_FARM,Inject BESS synthetic inertia +15MW & ramp utility interconnect spinning reserve.
50.047,0.0965,0.9984,100.3,102.04,-1.75,71.56,26.7,10.35,40.3,7.0,31.02,9.9,8.0,NOMINAL,5.0,NONE,Nominal operating envelope. Spinning reserves active.
49.876,-0.2271,1.0,115.09,98.95,16.14,82.8,14.91,19.04,55.6,22.16,29.67,9.17,8.0,EV_SURGE,15.1,EV_PLAZA,Dispatch BESS +18MW & Throttle EV Plaza chargers by 25%. Hospital locked immune.
49.809,-0.3573,0.9903,101.23,80.46,20.77,72.27,0.27,15.19,80.1,7.01,30.62,9.81,8.0,NOMINAL,5.0,NONE,Nominal operating envelope. Spinning reserves active.
50.241,0.3774,1.0048,101.87,119.88,-18.01,72.85,34.97,19.9,45.8,6.67,32.13,9.97,8.0,NOMINAL,5.0,NONE,Nominal operating envelope. Spinning reserves active.
50.198,0.355,1.0053,100.0,115.21,-15.21,71.86,33.84,16.37,65.7,7.37,31.59,9.76,8.0,NOMINAL,5.0,NONE,Nominal operating envelope. Spinning reserves active.
49.855,-0.1928,0.9943,111.32,92.95,18.37,80.23,8.3,19.65,57.4,19.29,29.94,9.65,8.0,EV_SURGE,15.7,EV_PLAZA,Dispatch BESS +18MW & Throttle EV Plaza chargers by 25%. Hospital locked immune.
50.061,0.0646,1.0016,99.46,100.93,-1.48,70.74,23.5,12.44,79.1,7.38,30.51,9.55,8.0,NOMINAL,5.0,NONE,Nominal operating envelope. Spinning reserves active.
49.898,-0.1254,1.0007,114.54,103.6,10.94,82.88,28.59,10.01,78.0,7.06,45.0,9.86,8.0,INDUSTRIAL_INRUSH,14.4,INDUSTRIAL,Activate STATCOM reactive voltage support & engage interruptible tariff shedding.
50.597,1.2352,1.023,99.93,119.32,-19.39,71.16,34.85,19.47,26.6,6.99,29.79,9.75,8.0,BESS_OUTAGE,25.0,BESS_STATION,Emergency demand-response load curtailment. Fast-trip substation feeder protection armed.
49.952,-0.0685,0.9955,114.74,109.82,4.92,82.22,32.11,12.71,55.6,7.49,44.77,10.22,8.0,INDUSTRIAL_INRUSH,14.5,INDUSTRIAL,Activate STATCOM reactive voltage support & engage interruptible tariff shedding.
49.844,-0.332,0.9891,98.67,78.53,20.13,70.03,4.13,9.4,73.1,6.53,28.94,9.98,8.0,WIND_STALL,12.0,WIND_FARM,Command turbine blade pitch compensation & AGC governor reserve ramp.
50.066,0.0461,0.9976,117.15,119.63,-2.48,84.59,34.92,19.71,70.5,27.29,28.63,9.79,8.0,EV_SURGE,14.9,EV_PLAZA,Dispatch BESS +18MW & Throttle EV Plaza chargers by 25%. Hospital locked immune.
49.741,-0.4039,0.9905,102.28,73.47,28.82,72.03,0.41,8.06,72.4,7.36,30.2,10.14,8.0,WIND_STALL,14.5,WIND_FARM,Command turbine blade pitch compensation & AGC governor reserve ramp.
49.986,-0.0985,0.9995,114.32,108.6,5.72,80.48,31.61,11.99,42.2,19.95,29.54,9.79,8.0,EV_SURGE,8.4,EV_PLAZA,Dispatch BESS +18MW & Throttle EV Plaza chargers by 25%. Hospital locked immune.
50.093,0.0851,0.9993,99.01,104.27,-5.27,70.44,29.16,10.11,55.5,6.89,29.69,10.1,8.0,NOMINAL,5.0,NONE,Nominal operating envelope. Spinning reserves active.
49.901,-0.1902,1.0013,100.37,86.86,13.51,71.33,1.88,19.98,42.2,6.84,29.93,9.65,8.0,SOLAR_DROP,5.0,SOLAR_FARM,Inject BESS synthetic inertia +15MW & ramp utility interconnect spinning reserve.
50.025,-0.016,0.9975,101.22,100.98,0.24,72.63,23.74,12.23,25.3,6.95,29.81,10.45,8.0,BESS_OUTAGE,26.6,BESS_STATION,Emergency demand-response load curtailment. Fast-trip substation feeder protection armed.
49.957,-0.0607,0.9985,107.29,103.57,3.72,77.17,28.56,10.01,58.9,6.89,27.82,19.85,8.0,DATACENTER_SPIKE,5.4,AI_DATACENTER,AI cluster compute power cap & BESS localized peak shaving.
49.921,-0.1525,0.9926,100.79,88.05,12.74,72.31,4.85,18.2,66.9,6.9,30.59,10.09,8.0,NOMINAL,5.0,NONE,Nominal operating envelope. Spinning reserves active.
50.01,-0.0373,1.002,100.0,97.42,2.58,72.03,12.82,19.6,79.8,6.79,30.55,9.86,8.0,SOLAR_DROP,5.0,SOLAR_FARM,Inject BESS synthetic inertia +15MW & ramp utility interconnect spinning reserve.
49.958,-0.0577,1.0007,101.63,96.84,4.79,72.79,11.91,19.93,78.6,6.81,31.27,9.68,8.0,NOMINAL,5.0,NONE,Nominal operating envelope. Spinning reserves active.
50.039,0.058,0.9994,98.94,101.4,-2.46,70.64,25.32,11.08,54.5,6.57,30.26,9.97,8.0,NOMINAL,5.0,NONE,Nominal operating envelope. Spinning reserves active.
50.226,0.3244,1.0124,98.37,117.16,-18.78,69.69,34.34,17.82,79.2,7.37,28.11,9.5,8.0,NOMINAL,5.0,NONE,Nominal operating envelope. Spinning reserves active.
50.103,0.24,1.0043,108.01,117.81,-9.8,77.49,34.5,18.31,79.4,7.2,29.01,18.51,8.0,DATACENTER_SPIKE,5.0,AI_DATACENTER,AI cluster compute power cap & BESS localized peak shaving.
49.701,-0.6303,0.9879,102.0,72.35,29.66,72.8,0.35,7.0,41.8,7.35,32.25,10.24,8.0,WIND_STALL,17.5,WIND_FARM,Command turbine blade pitch compensation & AGC governor reserve ramp.
50.066,0.1064,1.0027,99.82,101.47,-1.65,71.02,30.55,5.91,40.2,6.84,30.69,9.8,8.0,WIND_STALL,5.0,WIND_FARM,Command turbine blade pitch compensation & AGC governor reserve ramp.
50.07,0.0502,0.9982,99.74,102.58,-2.83,71.75,27.48,10.1,44.1,6.92,29.2,10.23,8.0,NOMINAL,5.0,NONE,Nominal operating envelope. Spinning reserves active.
50.002,-0.0332,1.0026,102.09,98.67,3.43,72.63,14.4,19.26,66.7,6.82,30.79,10.36,8.0,NOMINAL,5.0,NONE,Nominal operating envelope. Spinning reserves active.
49.963,-0.0761,1.0013,100.3,94.5,5.8,72.01,9.59,19.92,71.2,6.98,29.67,10.39,8.0,NOMINAL,5.0,NONE,Nominal operating envelope. Spinning reserves active.
50.266,0.4073,1.0112,98.31,119.75,-21.44,69.5,34.95,19.81,58.9,7.19,28.57,10.05,8.0,NOMINAL,5.0,NONE,Nominal operating envelope. Spinning reserves active.
49.866,-0.244,0.9978,98.68,82.95,15.74,70.35,7.92,10.03,48.4,7.02,29.14,10.12,8.0,SOLAR_DROP,5.8,SOLAR_FARM,Inject BESS synthetic inertia +15MW & ramp utility interconnect spinning reserve.
49.904,-0.1998,1.0013,114.22,100.93,13.29,81.51,23.51,12.43,55.2,6.61,44.2,10.06,8.0,INDUSTRIAL_INRUSH,12.3,INDUSTRIAL,Activate STATCOM reactive voltage support & engage interruptible tariff shedding.
50.042,0.1062,0.9984,100.93,105.59,-4.66,71.8,32.78,7.82,51.8,7.54,29.28,9.9,8.0,WIND_STALL,5.0,WIND_FARM,Command turbine blade pitch compensation & AGC governor reserve ramp.
49.907,-0.13,0.9958,113.46,100.74,12.73,80.9,22.05,13.68,64.7,7.15,29.07,24.24,8.0,DATACENTER_SPIKE,14.0,AI_DATACENTER,AI cluster compute power cap & BESS localized peak shaving.
50.015,0.0727,0.9991,114.74,117.4,-2.66,82.85,34.4,18.0,44.4,22.11,29.8,10.35,8.0,EV_SURGE,11.6,EV_PLAZA,Dispatch BESS +18MW & Throttle EV Plaza chargers by 25%. Hospital locked immune.
50.047,0.0512,0.9991,99.67,100.9,-1.23,70.24,23.3,12.6,77.3,6.8,30.21,10.6,8.0,NOMINAL,5.0,NONE,Nominal operating envelope. Spinning reserves active.
49.957,-0.1036,0.999,101.11,94.34,6.77,72.35,9.44,19.9,70.8,6.85,29.7,10.36,8.0,NOMINAL,5.0,NONE,Nominal operating envelope. Spinning reserves active.
50.022,0.0244,1.0063,99.99,100.37,-0.38,72.26,19.14,16.23,72.8,7.0,30.6,9.71,8.0,NOMINAL,5.0,NONE,Nominal operating envelope. Spinning reserves active.
49.928,-0.1813,1.0025,98.36,87.45,10.91,70.72,9.99,12.46,54.6,7.21,29.8,9.79,8.0,SOLAR_DROP,5.0,SOLAR_FARM,Inject BESS synthetic inertia +15MW & ramp utility interconnect spinning reserve.
50.023,0.0577,0.9997,99.18,100.44,-1.25,70.53,19.54,15.9,37.8,6.78,30.18,9.73,8.0,BESS_OUTAGE,25.2,BESS_STATION,Emergency demand-response load curtailment. Fast-trip substation feeder protection armed.
50.062,0.0505,1.0005,115.56,118.75,-3.19,82.84,34.72,19.03,51.2,7.29,44.81,10.35,8.0,INDUSTRIAL_INRUSH,11.0,INDUSTRIAL,Activate STATCOM reactive voltage support & engage interruptible tariff shedding.
49.911,-0.1758,0.9952,101.54,90.7,10.84,72.69,5.75,19.95,46.0,7.23,31.35,9.82,8.0,SOLAR_DROP,6.0,SOLAR_FARM,Inject BESS synthetic inertia +15MW & ramp utility interconnect spinning reserve.
49.862,-0.1895,0.9975,110.84,98.68,12.16,79.69,14.42,19.26,73.4,19.74,29.51,9.13,8.0,EV_SURGE,12.7,EV_PLAZA,Dispatch BESS +18MW & Throttle EV Plaza chargers by 25%. Hospital locked immune.
50.164,0.3223,1.0033,100.09,112.66,-12.57,71.15,33.09,14.57,67.1,7.26,29.89,9.79,8.0,NOMINAL,5.0,NONE,Nominal operating envelope. Spinning reserves active.
49.956,-0.0914,0.9962,100.13,93.14,6.98,72.03,21.54,6.6,55.0,6.98,30.03,9.98,8.0,WIND_STALL,5.0,WIND_FARM,Command turbine blade pitch compensation & AGC governor reserve ramp.
49.891,-0.2727,0.9942,110.03,94.1,15.93,78.09,9.24,19.86,41.9,7.21,28.02,22.07,8.0,DATACENTER_SPIKE,11.6,AI_DATACENTER,AI cluster compute power cap & BESS localized peak shaving.
50.252,0.4587,1.0111,98.68,118.41,-19.73,70.35,34.64,18.77,77.4,7.05,30.03,8.56,8.0,NOMINAL,5.0,NONE,Nominal operating envelope. Spinning reserves active.
50.069,0.1051,1.0005,99.58,103.33,-3.75,72.03,28.33,10.0,65.3,6.86,29.55,9.83,8.0,NOMINAL,5.0,NONE,Nominal operating envelope. Spinning reserves active.
49.909,-0.1097,0.998,99.01,88.44,10.57,69.54,9.43,14.0,43.7,6.97,29.57,9.82,8.0,SOLAR_DROP,5.0,SOLAR_FARM,Inject BESS synthetic inertia +15MW & ramp utility interconnect spinning reserve.
50.096,0.2108,1.0041,100.77,108.84,-8.07,72.04,31.71,12.12,75.3,7.18,30.02,10.04,8.0,NOMINAL,5.0,NONE,Nominal operating envelope. Spinning reserves active.
49.814,-0.3953,0.996,110.06,84.31,25.76,78.85,2.53,16.77,83.6,7.05,41.12,9.91,8.0,INDUSTRIAL_INRUSH,14.1,INDUSTRIAL,Activate STATCOM reactive voltage support & engage interruptible tariff shedding.
49.963,-0.1058,1.0005,99.93,98.05,1.88,71.49,13.44,19.61,20.5,7.22,28.44,9.6,8.0,BESS_OUTAGE,26.2,BESS_STATION,Emergency demand-response load curtailment. Fast-trip substation feeder protection armed.
50.041,0.0579,1.0024,97.98,99.24,-1.26,70.27,29.17,5.06,53.4,6.77,29.14,9.92,8.0,WIND_STALL,5.0,WIND_FARM,Command turbine blade pitch compensation & AGC governor reserve ramp.
50.019,0.0856,1.0007,99.91,103.97,-4.06,70.74,28.92,10.06,49.2,7.1,28.97,10.14,8.0,NOMINAL,5.0,NONE,Nominal operating envelope. Spinning reserves active.
50.076,0.1149,1.001,107.95,113.27,-5.32,77.83,33.28,14.99,43.6,6.68,27.27,21.19,8.0,DATACENTER_SPIKE,5.0,AI_DATACENTER,AI cluster compute power cap & BESS localized peak shaving.
49.886,-0.2037,0.9965,120.28,104.63,15.65,86.03,29.43,10.2,68.7,27.83,29.82,9.22,8.0,EV_SURGE,21.4,EV_PLAZA,Dispatch BESS +18MW & Throttle EV Plaza chargers by 25%. Hospital locked immune.
49.952,-0.1067,1.0011,99.35,92.9,6.45,71.03,21.79,6.1,64.9,6.63,29.2,10.12,8.0,WIND_STALL,5.0,WIND_FARM,Command turbine blade pitch compensation & AGC governor reserve ramp.
49.922,-0.206,0.9995,110.95,98.49,12.46,79.29,14.11,19.38,48.0,6.27,30.44,21.54,8.0,DATACENTER_SPIKE,8.9,AI_DATACENTER,AI cluster compute power cap & BESS localized peak shaving.
50.015,0.0735,1.0006,97.9,100.88,-2.97,68.86,23.14,12.73,78.5,7.01,28.8,9.15,8.0,NOMINAL,5.0,NONE,Nominal operating envelope. Spinning reserves active.
49.857,-0.2961,0.995,117.17,99.97,17.2,84.21,17.39,17.58,58.6,7.09,46.69,10.15,8.0,INDUSTRIAL_INRUSH,20.8,INDUSTRIAL,Activate STATCOM reactive voltage support & engage interruptible tariff shedding.
50.246,0.3457,1.0098,100.96,119.08,-18.12,71.74,34.79,19.28,59.8,7.45,30.07,10.61,8.0,NOMINAL,5.0,NONE,Nominal operating envelope. Spinning reserves active.
49.913,-0.1863,0.998,114.57,99.28,15.29,82.77,15.56,18.72,57.8,6.94,44.82,9.83,8.0,INDUSTRIAL_INRUSH,15.0,INDUSTRIAL,Activate STATCOM reactive voltage support & engage interruptible tariff shedding.
49.907,-0.1186,1.0009,100.62,91.84,8.78,71.93,7.45,19.39,54.5,7.29,29.88,10.07,8.0,NOMINAL,5.0,NONE,Nominal operating envelope. Spinning reserves active.
50.131,0.2667,1.0028,100.51,111.34,-10.83,71.54,32.66,13.68,66.6,7.1,30.6,9.96,8.0,NOMINAL,5.0,NONE,Nominal operating envelope. Spinning reserves active.
50.063,0.0731,1.0031,100.49,101.57,-1.08,71.53,25.77,10.8,77.6,6.73,29.69,10.32,8.0,NOMINAL,5.0,NONE,Nominal operating envelope. Spinning reserves active.
49.69,-0.3576,0.9957,122.57,93.79,28.79,88.12,8.98,19.81,70.9,29.18,28.45,9.95,8.0,EV_SURGE,31.4,EV_PLAZA,Dispatch BESS +18MW & Throttle EV Plaza chargers by 25%. Hospital locked immune.
49.983,-0.0477,1.0002,119.58,116.71,2.87,86.54,34.23,17.48,46.0,7.22,48.22,10.15,8.0,INDUSTRIAL_INRUSH,16.7,INDUSTRIAL,Activate STATCOM reactive voltage support & engage interruptible tariff shedding.
50.076,0.1064,1.001,99.6,101.4,-1.8,70.88,25.33,11.07,57.8,6.76,29.97,10.05,8.0,NOMINAL,5.0,NONE,Nominal operating envelope. Spinning reserves active.
49.909,-0.2394,0.9925,102.07,88.08,13.99,72.47,12.29,10.79,46.8,6.84,31.48,10.1,8.0,SOLAR_DROP,7.8,SOLAR_FARM,Inject BESS synthetic inertia +15MW & ramp utility interconnect spinning reserve.
49.886,-0.2715,0.9948,117.53,100.77,16.76,84.77,22.34,13.43,74.9,26.54,29.03,9.32,8.0,EV_SURGE,20.7,EV_PLAZA,Dispatch BESS +18MW & Throttle EV Plaza chargers by 25%. Hospital locked immune.
49.951,-0.1189,0.993,113.61,102.25,11.36,82.29,27.02,10.23,77.7,19.68,30.54,9.78,8.0,EV_SURGE,16.2,EV_PLAZA,Dispatch BESS +18MW & Throttle EV Plaza chargers by 25%. Hospital locked immune.
50.045,0.02,0.999,114.66,115.0,-0.34,81.37,33.78,16.22,57.6,22.77,28.68,9.92,8.0,EV_SURGE,9.6,EV_PLAZA,Dispatch BESS +18MW & Throttle EV Plaza chargers by 25%. Hospital locked immune.
50.007,-0.0481,1.0019,99.36,98.43,0.93,71.56,27.38,6.06,61.9,7.28,30.37,10.03,8.0,WIND_STALL,5.0,WIND_FARM,Command turbine blade pitch compensation & AGC governor reserve ramp.
50.28,0.4292,1.0047,99.37,107.37,-8.0,70.8,31.05,11.32,27.8,7.45,29.39,9.91,8.0,BESS_OUTAGE,25.0,BESS_STATION,Emergency demand-response load curtailment. Fast-trip substation feeder protection armed.
49.921,-0.1326,0.9971,111.9,102.14,9.76,80.84,26.86,10.29,55.6,7.13,42.51,10.14,8.0,INDUSTRIAL_INRUSH,12.6,INDUSTRIAL,Activate STATCOM reactive voltage support & engage interruptible tariff shedding.
49.768,-0.3541,0.9929,111.42,83.84,27.58,81.09,2.25,16.58,60.7,6.73,41.03,10.42,8.0,INDUSTRIAL_INRUSH,20.7,INDUSTRIAL,Activate STATCOM reactive voltage support & engage interruptible tariff shedding.
49.906,-0.1106,0.9991,102.29,100.34,1.95,73.19,18.97,16.37,81.6,7.43,30.66,10.98,8.0,NOMINAL,5.0,NONE,Nominal operating envelope. Spinning reserves active.
50.2,0.3229,1.0026,98.29,111.53,-13.25,70.22,32.73,13.81,61.7,6.91,30.79,9.37,8.0,NOMINAL,5.0,NONE,Nominal operating envelope. Spinning reserves active.
49.832,-0.1846,0.9969,118.13,100.73,17.4,84.9,22.05,13.69,44.1,26.33,29.26,10.06,8.0,EV_SURGE,21.4,EV_PLAZA,Dispatch BESS +18MW & Throttle EV Plaza chargers by 25%. Hospital locked immune.
49.947,-0.0642,0.9992,99.63,94.33,5.31,71.44,9.43,19.89,43.5,6.77,29.7,9.43,8.0,NOMINAL,5.0,NONE,Nominal operating envelope. Spinning reserves active.
50.249,0.407,1.0077,101.6,119.71,-18.11,72.02,34.94,19.78,56.2,7.23,29.39,9.61,8.0,NOMINAL,5.0,NONE,Nominal operating envelope. Spinning reserves active.
49.985,-0.0219,0.9962,98.52,98.19,0.34,70.46,13.64,19.54,65.4,6.41,28.88,9.58,8.0,NOMINAL,5.0,NONE,Nominal operating envelope. Spinning reserves active.
49.972,-0.091,0.9924,100.56,93.25,7.32,72.15,8.53,19.71,60.0,6.81,29.23,9.85,8.0,NOMINAL,5.0,NONE,Nominal operating envelope. Spinning reserves active.
49.913,-0.182,0.9981,113.97,102.51,11.46,82.23,27.39,10.12,46.4,20.96,28.73,10.66,8.0,EV_SURGE,14.3,EV_PLAZA,Dispatch BESS +18MW & Throttle EV Plaza chargers by 25%. Hospital locked immune.
49.369,-1.034,0.9792,100.85,81.88,18.98,71.84,1.1,15.78,38.6,7.44,29.75,9.18,8.0,BESS_OUTAGE,59.1,BESS_STATION,Emergency demand-response load curtailment. Fast-trip substation feeder protection armed.
50.274,0.3245,1.0062,99.13,119.24,-20.11,70.35,34.83,19.41,79.7,6.86,30.56,9.27,8.0,NOMINAL,5.0,NONE,Nominal operating envelope. Spinning reserves active.
50.106,0.122,1.0086,108.25,115.03,-6.79,78.05,33.79,16.24,66.0,7.02,39.66,9.85,8.0,INDUSTRIAL_INRUSH,5.0,INDUSTRIAL,Activate STATCOM reactive voltage support & engage interruptible tariff shedding.
49.963,-0.0438,1.0052,101.01,100.37,0.64,72.3,19.15,16.23,22.1,7.1,31.01,9.79,8.0,BESS_OUTAGE,26.2,BESS_STATION,Emergency demand-response load curtailment. Fast-trip substation feeder protection armed.
49.951,-0.057,0.9993,100.62,99.8,0.82,71.86,16.86,17.94,41.3,6.84,30.05,10.24,8.0,NOMINAL,5.0,NONE,Nominal operating envelope. Spinning reserves active.
49.95,-0.0907,0.9976,101.45,93.87,7.58,73.07,9.04,19.83,46.2,7.39,30.03,10.48,8.0,NOMINAL,5.0,NONE,Nominal operating envelope. Spinning reserves active.
49.958,-0.1218,0.9975,114.63,112.72,1.91,82.11,33.11,14.61,66.9,21.34,30.07,10.05,8.0,EV_SURGE,12.9,EV_PLAZA,Dispatch BESS +18MW & Throttle EV Plaza chargers by 25%. Hospital locked immune.
50.067,0.0675,1.0038,100.61,104.54,-3.92,73.03,32.13,7.4,60.5,7.2,30.81,10.37,8.0,WIND_STALL,5.0,WIND_FARM,Command turbine blade pitch compensation & AGC governor reserve ramp.
50.186,0.2793,1.0083,100.98,107.68,-6.7,72.58,31.2,11.48,39.0,7.77,29.35,10.5,8.0,BESS_OUTAGE,25.0,BESS_STATION,Emergency demand-response load curtailment. Fast-trip substation feeder protection armed.
49.839,-0.3136,0.9946,104.31,84.24,20.07,73.97,9.69,9.54,55.8,7.09,32.52,9.96,8.0,WIND_STALL,8.8,WIND_FARM,Command turbine blade pitch compensation & AGC governor reserve ramp.
49.887,-0.2868,0.9995,114.29,96.93,17.35,82.2,12.02,19.92,79.5,6.79,46.45,9.97,8.0,INDUSTRIAL_INRUSH,14.2,INDUSTRIAL,Activate STATCOM reactive voltage support & engage interruptible tariff shedding.
49.917,-0.1059,0.9949,101.96,93.15,8.81,72.1,8.44,19.71,76.2,6.75,31.31,9.73,8.0,SOLAR_DROP,6.0,SOLAR_FARM,Inject BESS synthetic inertia +15MW & ramp utility interconnect spinning reserve.
49.952,-0.1038,1.0022,99.01,91.35,7.66,70.53,18.9,7.45,50.0,6.91,28.45,10.34,8.0,WIND_STALL,5.0,WIND_FARM,Command turbine blade pitch compensation & AGC governor reserve ramp.
50.002,-0.0133,0.9987,99.68,99.46,0.22,72.03,15.96,18.5,57.2,7.24,30.91,9.69,8.0,NOMINAL,5.0,NONE,Nominal operating envelope. Spinning reserves active.
50.019,0.047,1.0058,98.22,100.74,-2.52,70.38,22.13,13.62,80.6,7.1,28.09,9.01,8.0,NOMINAL,5.0,NONE,Nominal operating envelope. Spinning reserves active.
49.889,-0.1852,0.9972,114.12,101.84,12.28,82.11,26.34,10.5,60.7,6.94,45.6,10.33,8.0,INDUSTRIAL_INRUSH,15.4,INDUSTRIAL,Activate STATCOM reactive voltage support & engage interruptible tariff shedding.
49.835,-0.3762,0.9971,116.67,93.74,22.93,83.39,8.94,19.81,60.9,7.42,31.11,24.34,8.0,DATACENTER_SPIKE,19.0,AI_DATACENTER,AI cluster compute power cap & BESS localized peak shaving.
49.886,-0.3269,0.9961,99.64,81.02,18.62,71.18,0.59,15.42,70.4,7.19,30.25,10.2,8.0,NOMINAL,5.0,NONE,Nominal operating envelope. Spinning reserves active.
49.799,-0.2287,0.9959,100.78,77.56,23.22,71.73,2.92,9.63,58.7,7.76,30.67,9.81,8.0,WIND_STALL,9.3,WIND_FARM,Command turbine blade pitch compensation & AGC governor reserve ramp.
50.025,0.0303,0.9993,99.91,100.41,-0.5,71.42,19.38,16.03,46.3,7.03,31.14,9.73,8.0,NOMINAL,5.0,NONE,Nominal operating envelope. Spinning reserves active.
50.267,0.4423,1.0086,97.43,118.87,-21.44,69.74,34.75,19.13,54.2,6.94,29.32,9.95,8.0,NOMINAL,5.0,NONE,Nominal operating envelope. Spinning reserves active.
49.926,-0.0988,0.9916,97.66,89.61,8.05,69.8,14.94,9.67,72.8,6.92,28.66,9.61,8.0,WIND_STALL,7.7,WIND_FARM,Command turbine blade pitch compensation & AGC governor reserve ramp.
50.054,0.1234,0.9973,113.21,117.74,-4.53,81.61,34.48,18.26,64.6,20.66,30.07,10.09,8.0,EV_SURGE,10.9,EV_PLAZA,Dispatch BESS +18MW & Throttle EV Plaza chargers by 25%. Hospital locked immune.
50.056,0.1112,1.0028,116.14,117.92,-1.78,83.86,34.53,18.4,67.2,21.7,30.66,10.27,8.0,EV_SURGE,12.4,EV_PLAZA,Dispatch BESS +18MW & Throttle EV Plaza chargers by 25%. Hospital locked immune.
49.841,-0.1816,0.9968,122.09,104.12,17.97,87.64,29.04,10.08,79.4,28.72,30.0,10.06,8.0,EV_SURGE,25.0,EV_PLAZA,Dispatch BESS +18MW & Throttle EV Plaza chargers by 25%. Hospital locked immune.
50.417,0.6209,1.0141,100.13,112.63,-12.5,72.18,33.08,14.55,24.3,6.88,30.35,10.08,8.0,BESS_OUTAGE,25.0,BESS_STATION,Emergency demand-response load curtailment. Fast-trip substation feeder protection armed.
49.963,-0.05,0.9972,101.08,100.07,1.0,71.75,17.77,17.3,44.0,7.22,30.15,9.25,8.0,NOMINAL,5.0,NONE,Nominal operating envelope. Spinning reserves active.
49.865,-0.2616,0.9958,117.96,100.55,17.41,85.14,20.4,15.15,43.3,23.4,30.83,9.99,8.0,EV_SURGE,21.3,EV_PLAZA,Dispatch BESS +18MW & Throttle EV Plaza chargers by 25%. Hospital locked immune.
49.861,-0.2065,0.998,100.55,84.69,15.87,71.12,5.23,14.45,52.6,7.08,30.72,10.54,8.0,SOLAR_DROP,5.9,SOLAR_FARM,Inject BESS synthetic inertia +15MW & ramp utility interconnect spinning reserve.
49.995,0.0092,0.9982,99.78,99.93,-0.15,70.58,17.25,17.68,64.8,6.94,30.81,9.69,8.0,NOMINAL,5.0,NONE,Nominal operating envelope. Spinning reserves active.
49.96,-0.073,0.9967,101.36,100.31,1.06,72.21,18.79,16.51,50.4,7.63,29.45,9.73,8.0,NOMINAL,5.0,NONE,Nominal operating envelope. Spinning reserves active.
50.137,0.1738,1.0046,99.03,108.52,-9.5,71.22,31.58,11.94,77.2,6.8,28.24,9.89,8.0,NOMINAL,5.0,NONE,Nominal operating envelope. Spinning reserves active.
50.258,0.3205,1.0054,99.89,119.99,-20.1,70.59,35.0,19.99,83.0,6.97,30.92,9.96,8.0,NOMINAL,5.0,NONE,Nominal operating envelope. Spinning reserves active.
49.972,-0.0489,1.0041,100.64,96.65,4.0,71.14,11.69,19.96,56.9,7.05,30.06,10.2,8.0,NOMINAL,5.0,NONE,Nominal operating envelope. Spinning reserves active.
49.994,0.0441,1.0029,99.69,101.71,-2.02,71.18,26.07,10.64,78.4,6.56,29.28,9.75,8.0,NOMINAL,5.0,NONE,Nominal operating envelope. Spinning reserves active.
49.951,-0.0818,1.005,99.66,98.38,1.28,70.68,13.93,19.44,56.2,6.57,30.57,10.18,8.0,NOMINAL,5.0,NONE,Nominal operating envelope. Spinning reserves active.
50.055,0.0635,0.9988,100.05,101.11,-1.05,71.69,24.34,11.77,76.1,6.58,31.69,10.84,8.0,NOMINAL,5.0,NONE,Nominal operating envelope. Spinning reserves active.
50.042,0.1087,1.0004,100.4,105.8,-5.4,72.2,30.2,10.6,72.1,7.15,29.26,10.98,8.0,NOMINAL,5.0,NONE,Nominal operating envelope. Spinning reserves active.
50.048,0.1075,1.0017,98.74,104.09,-5.36,70.57,29.02,10.08,48.5,6.88,29.45,9.74,8.0,NOMINAL,5.0,NONE,Nominal operating envelope. Spinning reserves active.
50.109,0.1652,1.0013,97.47,108.09,-10.62,69.61,31.39,11.7,76.8,6.97,28.94,9.64,8.0,NOMINAL,5.0,NONE,Nominal operating envelope. Spinning reserves active.
49.936,-0.1115,1.0027,111.5,104.71,6.79,80.29,29.49,10.22,76.6,7.03,30.85,20.35,8.0,DATACENTER_SPIKE,9.5,AI_DATACENTER,AI cluster compute power cap & BESS localized peak shaving.
49.886,-0.1396,0.9945,102.32,90.65,11.67,72.82,18.11,7.54,63.8,6.86,32.46,9.94,8.0,WIND_STALL,7.2,WIND_FARM,Command turbine blade pitch compensation & AGC governor reserve ramp.
50.02,0.0214,1.0059,99.63,100.03,-0.4,71.05,17.6,17.43,54.0,6.78,30.5,9.53,8.0,NOMINAL,5.0,NONE,Nominal operating envelope. Spinning reserves active.
49.956,-0.0691,0.9979,99.37,94.85,4.52,71.04,23.87,5.98,60.4,7.17,31.09,9.67,8.0,WIND_STALL,5.0,WIND_FARM,Command turbine blade pitch compensation & AGC governor reserve ramp.
49.835,-0.2383,0.9966,123.99,104.59,19.4,89.35,29.4,10.19,45.7,27.14,32.25,10.0,8.0,EV_SURGE,27.7,EV_PLAZA,Dispatch BESS +18MW & Throttle EV Plaza chargers by 25%. Hospital locked immune.
50.173,0.3023,1.0067,100.48,113.27,-12.79,71.49,33.28,14.99,83.6,6.88,29.25,10.29,8.0,NOMINAL,5.0,NONE,Nominal operating envelope. Spinning reserves active.
50.09,0.1069,1.0101,100.76,106.77,-6.0,71.13,33.09,8.67,57.9,7.02,30.22,10.12,8.0,WIND_STALL,5.0,WIND_FARM,Command turbine blade pitch compensation & AGC governor reserve ramp.
49.827,-0.1885,0.9919,100.21,81.96,18.25,71.97,1.14,15.81,65.0,6.93,30.24,9.74,8.0,NOMINAL,5.0,NONE,Nominal operating envelope. Spinning reserves active.
50.012,0.0307,0.9982,101.01,101.53,-0.52,72.6,25.66,10.87,80.4,7.08,28.62,11.6,8.0,NOMINAL,5.0,NONE,Nominal operating envelope. Spinning reserves active.
50.045,0.0923,1.0055,114.37,119.92,-5.55,81.77,34.98,19.93,42.0,7.14,30.59,23.3,8.0,DATACENTER_SPIKE,9.5,AI_DATACENTER,AI cluster compute power cap & BESS localized peak shaving.
50.309,0.5888,1.0071,102.68,111.47,-8.79,73.6,32.71,13.77,31.9,7.1,31.74,10.05,8.0,BESS_OUTAGE,25.0,BESS_STATION,Emergency demand-response load curtailment. Fast-trip substation feeder protection armed.
49.834,-0.2886,0.9939,118.73,97.57,21.16,86.17,12.79,19.78,42.2,7.4,47.84,10.73,8.0,INDUSTRIAL_INRUSH,25.0,INDUSTRIAL,Activate STATCOM reactive voltage support & engage interruptible tariff shedding.
49.998,-0.0392,1.0044,99.65,97.24,2.41,71.39,12.38,19.86,55.6,7.18,29.69,9.8,8.0,NOMINAL,5.0,NONE,Nominal operating envelope. Spinning reserves active.
49.932,-0.134,1.0011,98.71,88.75,9.96,70.85,5.31,18.45,80.8,6.94,29.29,9.63,8.0,NOMINAL,5.0,NONE,Nominal operating envelope. Spinning reserves active.
50.033,0.0948,1.0015,96.77,100.62,-3.86,68.43,21.01,14.61,65.6,6.49,29.59,9.74,8.0,NOMINAL,5.0,NONE,Nominal operating envelope. Spinning reserves active.
49.87,-0.2914,0.9918,100.6,80.46,20.14,72.56,0.27,15.19,49.6,7.29,29.74,9.66,8.0,NOMINAL,5.0,NONE,Nominal operating envelope. Spinning reserves active.
49.895,-0.1259,0.9992,108.36,96.38,11.98,77.46,11.4,19.98,64.8,7.06,28.31,19.61,8.0,DATACENTER_SPIKE,7.5,AI_DATACENTER,AI cluster compute power cap & BESS localized peak shaving.
50.247,0.3977,1.0119,100.3,108.08,-7.78,71.37,31.38,11.69,37.1,6.85,29.34,10.52,8.0,BESS_OUTAGE,25.0,BESS_STATION,Emergency demand-response load curtailment. Fast-trip substation feeder protection armed.
50.68,0.8343,1.0201,97.97,118.59,-20.62,69.56,34.68,18.91,24.6,6.76,28.73,9.86,8.0,BESS_OUTAGE,25.0,BESS_STATION,Emergency demand-response load curtailment. Fast-trip substation feeder protection armed.
49.959,-0.0204,1.0036,110.58,110.21,0.37,79.26,32.26,12.95,65.8,7.11,40.43,9.4,8.0,INDUSTRIAL_INRUSH,7.3,INDUSTRIAL,Activate STATCOM reactive voltage support & engage interruptible tariff shedding.
49.925,-0.0864,0.9968,97.8,89.49,8.31,68.63,7.23,17.26,48.1,7.26,29.62,10.2,8.0,SOLAR_DROP,5.0,SOLAR_FARM,Inject BESS synthetic inertia +15MW & ramp utility interconnect spinning reserve.
49.981,-0.1036,1.0014,117.96,110.88,7.08,84.73,32.5,13.38,46.9,25.61,29.34,10.69,8.0,EV_SURGE,14.3,EV_PLAZA,Dispatch BESS +18MW & Throttle EV Plaza chargers by 25%. Hospital locked immune.
49.933,-0.0965,0.9985,115.55,108.28,7.27,83.31,31.47,11.81,44.4,18.97,31.95,9.62,8.0,EV_SURGE,14.8,EV_PLAZA,Dispatch BESS +18MW & Throttle EV Plaza chargers by 25%. Hospital locked immune.
50.044,0.0621,0.9983,115.69,119.34,-3.65,83.06,34.85,19.48,51.4,21.67,30.4,9.92,8.0,EV_SURGE,12.4,EV_PLAZA,Dispatch BESS +18MW & Throttle EV Plaza chargers by 25%. Hospital locked immune.
50.162,0.2992,1.0009,100.04,113.45,-13.41,71.34,33.34,15.11,71.9,6.98,29.79,10.71,8.0,NOMINAL,5.0,NONE,Nominal operating envelope. Spinning reserves active.
49.915,-0.0549,1.0014,117.53,113.21,4.32,84.86,33.26,14.95,67.4,7.03,45.99,10.14,8.0,INDUSTRIAL_INRUSH,16.6,INDUSTRIAL,Activate STATCOM reactive voltage support & engage interruptible tariff shedding.
